# Blender 5.1.1
# www.blender.org
mtllib bunnyhandgunv2.mtl
o Meshy_AI__0522235742_texture
v -0.273648 -0.129749 0.051252
v -0.266200 -0.128497 0.036672
v -0.267056 -0.133339 0.055159
v -0.265396 -0.128302 0.055219
v -0.262373 -0.122210 0.040032
v -0.289845 -0.055999 0.023918
v -0.277219 -0.129079 -0.045007
v -0.288466 -0.061406 -0.023145
v -0.225401 -0.085458 0.103632
v -0.294744 -0.023157 0.027626
v -0.324187 -0.031933 0.027366
v -0.288412 0.001519 0.076698
v -0.209281 -0.022187 0.113066
v -0.165812 -0.166452 0.089942
v -0.131267 -0.172432 0.083513
v -0.131271 -0.169281 0.079712
v -0.329318 -0.011601 -0.023741
v -0.225127 -0.085399 -0.103314
v -0.253403 -0.043119 -0.109149
v -0.292742 0.076622 0.061273
v -0.288267 0.004060 -0.077207
v -0.375352 -0.008302 0.073722
v -0.277414 0.077494 0.089134
v -0.277713 0.066855 0.104418
v -0.297939 0.080535 0.053820
v -0.074830 -0.186773 0.080559
v -0.298008 0.090963 0.038470
v -0.065863 -0.188689 0.080877
v -0.167926 -0.156397 -0.092429
v -0.156200 -0.168391 -0.088117
v -0.385400 0.012256 -0.060191
v -0.190640 -0.026963 -0.112016
v -0.295462 0.075232 -0.061947
v -0.128725 -0.165854 -0.088255
v -0.126245 -0.168339 -0.079712
v -0.261435 0.159642 0.079496
v -0.431725 -0.071621 0.020205
v -0.431727 -0.075182 -0.013764
v -0.431756 -0.011080 0.021829
v -0.023118 -0.200714 0.025937
v -0.265673 0.165326 0.026350
v -0.283155 0.145884 -0.014420
v -0.372769 -0.431808 0.078255
v -0.071809 -0.184857 -0.081362
v -0.065213 -0.191290 -0.084025
v -0.431790 -0.020481 -0.023542
v -0.003147 -0.180955 0.023085
v -0.265651 0.175926 0.018791
v -0.260182 0.173435 0.005181
v -0.265137 0.151986 -0.076884
v -0.265216 0.174441 0.014328
v -0.033512 -0.198404 -0.034059
v -0.020869 -0.201427 -0.031662
v -0.031682 -0.195285 -0.033703
v 0.001837 -0.146605 0.022547
v -0.021423 -0.011453 0.113133
v -0.261608 0.176871 -0.012739
v -0.009077 -0.175646 -0.027163
v -0.007422 -0.151147 -0.020917
v -0.378694 -0.422591 -0.079061
v 0.048037 -0.144348 0.017445
v -0.219041 0.176054 -0.036472
v 0.053317 -0.127044 0.021767
v -0.044914 -0.009599 -0.112019
v -0.138047 -0.464138 0.074667
v 0.093461 -0.078935 0.022376
v -0.139178 -0.464968 -0.067375
v 0.262082 -0.073497 0.066031
v 0.309266 -0.084180 0.067729
v 0.258917 -0.074238 -0.061882
v 0.216299 0.141011 0.100779
v 0.313198 -0.079401 -0.073546
v 0.443043 0.096553 0.124711
v 0.435084 0.148150 0.100116
v 0.459779 0.131105 0.114905
v 0.466564 0.100747 -0.135444
v 0.447125 0.156022 -0.090757
v 0.445046 0.307581 0.046450
v 0.448752 0.267122 -0.016043
v 0.471007 0.302105 0.014086
v 0.492647 0.274806 0.066334
v 0.489916 0.281042 -0.004498
v 0.498161 0.321219 0.063513
v 0.443888 0.310410 -0.054374
v 0.555101 0.055755 -0.016219
v 0.460792 0.324937 -0.089684
v 0.492998 0.285536 -0.066344
v 0.497346 0.316377 -0.058934
v 0.461707 0.048175 0.082763
v 0.451569 0.067584 0.066822
v 0.428426 -0.057096 0.006290
v 0.404557 -0.043202 0.025548
v 0.406585 -0.043459 -0.028472
v 0.395960 0.015156 0.062260
v 0.432502 0.106463 0.007780
v 0.412673 -0.012575 -0.065393
v 0.399053 0.071348 0.010111
v -0.274943 -0.129426 0.050577
v -0.278045 -0.137047 0.071240
v -0.269974 -0.140306 0.082997
v -0.269095 -0.122208 0.084041
v -0.276983 -0.119747 0.059501
v -0.281160 -0.136436 0.060969
v -0.282678 -0.135892 0.053857
v -0.272675 -0.115982 0.033749
v -0.272631 -0.133044 0.030244
v -0.276619 -0.129690 0.045615
v -0.279162 -0.080438 0.057067
v -0.283821 -0.059782 0.057445
v -0.292420 -0.042962 0.027988
v -0.289748 -0.064497 0.009988
v -0.282811 -0.083905 0.010236
v -0.280036 -0.085899 0.030152
v -0.305710 -0.040961 0.026422
v -0.306823 -0.052740 0.022703
v -0.308353 -0.062149 0.013128
v -0.277947 -0.131439 -0.024963
v -0.268749 -0.130019 -0.030834
v -0.275409 -0.130550 -0.042258
v -0.283438 -0.133428 -0.034132
v -0.266894 -0.126268 -0.026320
v -0.291651 -0.146439 -0.037326
v -0.266453 -0.117903 -0.023329
v -0.275646 -0.117724 -0.047690
v -0.275984 -0.118797 -0.068976
v -0.286566 -0.149534 -0.067371
v -0.290253 -0.059376 -0.017222
v -0.293678 -0.044762 -0.025270
v -0.289500 -0.043787 -0.041897
v -0.284520 -0.069724 -0.043930
v -0.285702 -0.075955 -0.013877
v -0.290247 -0.065241 -0.004394
v -0.253702 -0.074194 0.094555
v -0.247608 -0.088194 0.094030
v -0.215000 -0.104600 0.099380
v -0.263991 -0.036361 0.105219
v -0.274930 -0.032080 0.094188
v -0.210807 -0.089537 0.110221
v -0.254258 -0.040993 0.110188
v -0.289791 -0.028543 0.054449
v -0.292970 -0.013115 0.050560
v -0.295176 -0.015488 0.034022
v -0.296377 -0.014087 0.024585
v -0.296516 -0.020160 0.020690
v -0.306034 -0.020960 0.018366
v -0.305699 -0.028300 0.023615
v -0.316092 -0.037089 0.026313
v -0.315128 -0.026263 0.022488
v -0.323118 -0.021925 0.019991
v -0.325413 -0.049026 0.026367
v -0.318170 -0.050196 0.024339
v -0.328991 -0.032976 0.034521
v -0.329251 -0.050424 0.032499
v -0.329129 -0.017711 0.026240
v -0.329627 -0.018622 0.033734
v -0.328783 -0.013886 0.018102
v -0.291517 0.010104 0.069791
v -0.291452 -0.002757 0.063471
v -0.284494 -0.026917 0.075413
v -0.286832 0.013782 0.085664
v -0.291735 0.025231 0.075034
v -0.295122 -0.028028 -0.024092
v -0.308679 -0.035358 -0.024459
v -0.308133 -0.024617 -0.019818
v -0.296793 -0.017268 -0.016785
v -0.292824 -0.021558 -0.042986
v -0.297386 -0.011250 -0.017751
v -0.296130 -0.014101 -0.026207
v -0.294921 -0.012433 -0.041088
v -0.228001 -0.035086 0.112995
v -0.186023 -0.070896 0.113013
v -0.175513 -0.042499 0.113074
v -0.168907 0.013233 0.112922
v -0.219713 0.019115 0.112848
v -0.244156 0.017001 0.112748
v -0.136436 -0.161829 0.095707
v -0.169710 -0.148865 0.098889
v -0.231286 -0.136666 -0.097425
v -0.202663 -0.146187 -0.097655
v -0.200413 -0.157333 -0.088848
v -0.228437 -0.170989 -0.088581
v -0.259554 -0.161832 -0.087955
v -0.248610 -0.130182 -0.095789
v -0.092262 -0.183927 0.085177
v -0.092856 -0.180700 0.080787
v -0.128503 -0.183069 0.089446
v -0.091438 -0.194509 0.088869
v -0.325292 -0.017585 -0.014978
v -0.327432 -0.022211 -0.021611
v -0.329559 -0.018523 -0.029833
v -0.328588 -0.010557 -0.013308
v -0.323837 -0.015290 -0.008267
v -0.327675 -0.003255 -0.028193
v -0.328173 -0.003946 -0.017948
v -0.330030 -0.015077 -0.040484
v -0.329440 -0.007725 -0.038005
v -0.224976 -0.076643 -0.110136
v -0.178974 -0.103868 -0.105504
v -0.183182 -0.108851 -0.098801
v -0.223268 -0.095141 -0.097965
v -0.239551 -0.084627 -0.096502
v -0.241717 -0.074118 -0.101835
v -0.187347 -0.118193 -0.097948
v -0.253959 -0.072051 -0.095462
v -0.269770 -0.030715 -0.100374
v -0.253645 -0.021811 -0.111478
v -0.222905 -0.067286 -0.111655
v -0.296193 0.065155 0.072585
v -0.290541 0.061613 0.087728
v -0.288465 0.071483 0.087872
v -0.285713 0.083067 0.057179
v -0.305159 0.092192 0.036722
v -0.302063 0.070972 0.061069
v -0.290859 -0.010896 -0.060373
v -0.293215 -0.005571 -0.055306
v -0.292374 0.010004 -0.067202
v -0.280055 -0.025854 -0.086401
v -0.285947 -0.030423 -0.067563
v -0.282985 0.014399 -0.093154
v -0.357982 0.013703 0.059315
v -0.364192 0.028772 0.042176
v -0.380549 0.025095 0.047481
v -0.360562 -0.022058 0.077624
v -0.350017 0.004128 0.064782
v -0.399013 0.023970 0.048963
v -0.395880 -0.012373 0.075316
v -0.393151 -0.064486 0.075574
v -0.377361 -0.064497 0.075556
v -0.364525 -0.066379 0.074748
v -0.282366 0.068998 0.099079
v -0.273128 0.073516 0.098811
v -0.276636 0.082677 0.088637
v -0.284818 0.089315 0.056661
v -0.254301 0.076087 0.093719
v -0.253315 0.080562 0.089315
v -0.255420 0.073162 0.101647
v -0.278634 0.059529 0.105913
v -0.269849 0.060543 0.110036
v -0.270862 0.069151 0.106006
v -0.285240 0.059984 0.098327
v -0.291628 0.087383 0.030565
v -0.058758 -0.185614 0.084692
v -0.070210 -0.179701 0.083397
v -0.088659 -0.174226 0.084879
v -0.049217 -0.196101 0.077138
v -0.045802 -0.192387 0.079852
v -0.067061 -0.201049 0.084986
v -0.053254 -0.205251 0.076314
v -0.158510 -0.152220 -0.096635
v -0.123919 -0.181710 -0.088313
v -0.125329 -0.204488 -0.088292
v -0.171411 -0.186610 -0.088575
v -0.370609 -0.006391 -0.071833
v -0.378119 -0.044458 -0.078573
v -0.390670 -0.040885 -0.078802
v -0.405404 -0.038223 -0.078684
v -0.405794 0.013786 -0.058766
v -0.370921 0.034079 -0.030916
v -0.362723 0.018270 -0.054116
v -0.213117 -0.049036 -0.111990
v -0.238259 0.003826 -0.111900
v -0.203529 0.015954 -0.111882
v -0.141581 -0.046141 -0.112009
v -0.155331 -0.080073 -0.111947
v -0.131252 0.010159 -0.111897
v -0.293084 0.085442 -0.045366
v -0.291246 0.089706 -0.046410
v -0.289798 0.082103 -0.060756
v -0.300941 0.071327 -0.059506
v -0.300600 0.086419 -0.046635
v -0.288651 0.078493 -0.071441
v -0.295179 0.072387 -0.074291
v -0.152136 -0.144117 -0.097800
v -0.119335 -0.160762 -0.096865
v -0.092028 -0.176086 -0.080645
v -0.093113 -0.182242 -0.084067
v -0.090502 -0.173276 -0.089747
v -0.263115 0.155635 0.079990
v -0.251101 0.157173 0.078683
v -0.250590 0.166930 0.068435
v -0.259961 0.171723 0.051614
v -0.266590 0.166444 0.055047
v -0.431552 -0.080185 0.027471
v -0.431589 -0.060926 0.042860
v -0.431777 -0.057633 0.027690
v -0.431838 -0.060204 0.003948
v -0.431747 -0.075734 0.003780
v -0.431554 -0.088696 0.004111
v -0.431541 -0.084086 -0.019759
v -0.431777 -0.064098 -0.021690
v -0.431591 -0.069700 -0.036028
v -0.431550 -0.001225 0.030900
v -0.431572 0.009352 -0.002091
v -0.431802 -0.009801 0.000525
v -0.431786 -0.026495 0.029207
v -0.431574 -0.024652 0.046569
v -0.431863 -0.028788 0.003057
v -0.025539 -0.200908 0.047503
v -0.033297 -0.199370 0.046510
v -0.033204 -0.197445 0.023490
v -0.017815 -0.199876 0.033394
v -0.020714 -0.200268 0.049731
v -0.026026 -0.197369 -0.002416
v -0.022574 -0.203799 0.000043
v -0.019851 -0.207057 0.019762
v -0.032339 -0.197506 -0.005373
v -0.014854 -0.204317 0.029144
v -0.271193 0.158884 0.057798
v -0.262270 0.171623 0.029010
v -0.265778 0.169216 0.014121
v -0.278826 0.157466 0.015835
v -0.280686 0.150024 0.034405
v -0.262767 0.177570 0.021123
v -0.286005 0.135787 0.010906
v -0.269147 0.161280 -0.000377
v -0.288219 0.120716 -0.020323
v -0.289123 0.116410 0.006250
v -0.265353 0.167345 -0.012601
v -0.269308 0.160398 -0.021395
v -0.375115 -0.432433 0.073898
v -0.367124 -0.436246 0.073278
v -0.366191 -0.433630 0.079026
v -0.374577 -0.426675 0.082339
v -0.379386 -0.425909 0.076906
v -0.365476 -0.427427 0.084081
v -0.067675 -0.181443 -0.085868
v -0.056246 -0.187789 -0.084261
v -0.067682 -0.201595 -0.084220
v -0.093824 -0.192753 -0.087877
v -0.045125 -0.194096 -0.076355
v -0.048590 -0.198269 -0.074285
v -0.052252 -0.206734 -0.074059
v -0.431810 -0.037786 -0.027984
v -0.431582 -0.012006 -0.038012
v -0.431605 -0.040258 -0.046158
v -0.006991 -0.191623 0.029341
v -0.000772 -0.199241 0.029079
v 0.003965 -0.191690 0.022191
v -0.007319 -0.167545 0.022817
v -0.012212 -0.166213 0.035888
v -0.013984 -0.179445 0.036033
v 0.005069 -0.189466 0.011303
v -0.001619 -0.178879 0.009255
v -0.005681 -0.167731 0.009152
v -0.261993 0.179076 0.012645
v -0.252176 0.176312 0.001073
v -0.252650 0.176475 -0.001331
v -0.260031 0.173250 -0.004520
v -0.254874 0.179441 0.008788
v -0.267586 0.154670 -0.069354
v -0.262033 0.160969 -0.070529
v -0.259612 0.154944 -0.078432
v -0.264067 0.134992 -0.081142
v -0.269427 0.135585 -0.076538
v -0.038004 -0.206012 -0.035512
v -0.041345 -0.202241 -0.058461
v -0.037504 -0.197027 -0.059370
v -0.035901 -0.206273 -0.008154
v -0.027913 -0.196408 -0.023926
v -0.032670 -0.197408 -0.063461
v -0.029198 -0.198683 -0.043678
v -0.022155 -0.202482 -0.019486
v -0.015466 -0.206765 -0.025068
v -0.018459 -0.209965 -0.015537
v -0.022520 -0.201918 -0.047128
v -0.019490 -0.197534 -0.049602
v -0.017905 -0.196930 -0.035245
v -0.012367 -0.201412 -0.028333
v 0.017944 -0.137512 -0.013928
v 0.005058 -0.146272 0.022539
v -0.007530 -0.156735 0.011704
v -0.007261 -0.155260 -0.011016
v -0.003729 -0.134369 0.028120
v -0.008808 -0.151984 0.025141
v 0.015822 -0.111267 0.024605
v 0.019366 -0.106006 0.032788
v 0.017549 -0.126208 0.022870
v -0.032432 -0.036828 0.112854
v -0.023037 -0.043545 0.111889
v 0.005601 -0.016247 0.113320
v 0.007235 0.007263 0.114430
v -0.040440 0.013273 0.113015
v -0.047603 -0.019039 0.113049
v -0.263630 0.173358 -0.020532
v -0.255343 0.180192 -0.011732
v -0.257158 0.178794 -0.020429
v -0.009090 -0.186923 -0.029143
v -0.015082 -0.180757 -0.039372
v -0.012885 -0.165097 -0.042352
v -0.003521 -0.176344 -0.017097
v 0.005547 -0.190323 -0.011611
v 0.005045 -0.192884 -0.020786
v 0.003311 -0.198177 -0.026134
v -0.008401 -0.137494 -0.045156
v -0.003866 -0.143011 -0.031016
v -0.008329 -0.161295 -0.020813
v -0.004749 -0.133625 -0.022351
v 0.060442 -0.077593 -0.021543
v 0.092750 -0.067735 -0.021205
v -0.379956 -0.417290 -0.080742
v -0.369115 -0.421936 -0.084807
v -0.370281 -0.427687 -0.080927
v -0.380521 -0.424539 -0.074315
v -0.383493 -0.416778 -0.074730
v -0.371274 -0.432333 -0.075069
v 0.039523 -0.142041 0.021658
v 0.035032 -0.149592 0.017858
v 0.042928 -0.149190 0.015379
v 0.066150 -0.123467 0.015102
v -0.238081 0.179906 -0.028799
v -0.236922 0.181797 -0.022610
v -0.235598 0.175253 -0.035921
v -0.234284 0.181023 -0.013532
v -0.209710 0.179049 -0.028937
v -0.207480 0.170372 -0.060325
v -0.232209 0.172668 -0.053167
v 0.085371 -0.106431 0.022168
v 0.048414 -0.114191 0.022582
v 0.030896 -0.136027 0.022278
v -0.054585 0.033114 -0.111610
v 0.011928 0.032376 -0.112941
v 0.017928 0.006082 -0.113916
v 0.023291 -0.007691 -0.114059
v -0.018642 -0.029082 -0.111405
v -0.053817 -0.076934 -0.111972
v -0.076443 -0.067838 -0.112026
v -0.134610 -0.460088 0.078675
v -0.145124 -0.460004 0.081163
v -0.146374 -0.464210 0.074774
v -0.133472 -0.464538 0.068168
v -0.126572 -0.458957 0.071009
v -0.143762 -0.466037 0.066152
v 0.093616 -0.082552 0.022418
v 0.050754 -0.076947 0.036814
v 0.047885 -0.079158 0.029522
v 0.107221 -0.075856 0.016907
v 0.100196 -0.072891 0.053843
v 0.067012 -0.072277 0.057032
v 0.068107 -0.074991 -0.030529
v 0.103171 -0.075346 -0.031456
v -0.147482 -0.465090 -0.068082
v -0.145949 -0.462426 -0.076865
v -0.134499 -0.461623 -0.073109
v -0.125520 -0.460611 -0.065550
v -0.134288 -0.465924 -0.061075
v -0.145027 -0.466531 -0.059172
v 0.044795 0.081910 0.089008
v 0.055947 0.076192 0.094547
v 0.103970 0.076473 0.095196
v 0.059539 0.087659 0.088099
v 0.233455 -0.061657 0.081244
v 0.238088 -0.072869 0.053059
v 0.250667 -0.076665 0.046906
v 0.256978 -0.087077 0.042540
v 0.268478 -0.091084 0.049696
v 0.291736 -0.097041 0.047759
v 0.310881 -0.101757 0.030352
v 0.325008 -0.093677 0.035405
v 0.369633 -0.089742 0.041316
v 0.372725 -0.079484 0.071571
v 0.308088 -0.047768 0.097321
v 0.261857 -0.039969 0.095217
v 0.375943 -0.054371 0.094586
v 0.253754 -0.078497 -0.047900
v 0.248442 -0.070280 -0.062816
v 0.256475 -0.049595 -0.089963
v 0.303628 -0.057437 -0.092069
v 0.274854 -0.085066 -0.055528
v 0.259582 -0.088135 -0.044887
v 0.178445 0.118552 0.093072
v 0.180234 0.108185 0.104519
v 0.226961 0.127839 0.104544
v 0.298793 0.143768 0.101300
v 0.289199 0.152032 0.095466
v 0.213545 0.161369 0.079130
v 0.172661 0.168095 0.067423
v 0.177436 0.150821 0.080810
v 0.291082 -0.091958 -0.050899
v 0.381783 -0.042070 -0.098817
v 0.364495 -0.077037 -0.074580
v 0.308550 -0.095710 -0.048152
v 0.080078 0.117425 -0.083606
v 0.090431 0.137239 -0.081418
v 0.142789 0.133673 -0.081890
v 0.102892 0.102392 -0.085314
v 0.176300 0.104602 -0.103955
v 0.179373 0.115151 -0.100125
v 0.236251 0.141608 -0.100314
v 0.342168 0.153166 -0.092796
v 0.329014 0.143639 -0.100307
v 0.213839 0.114027 -0.106010
v 0.397589 0.084971 0.117887
v 0.391087 0.030927 0.122636
v 0.447278 0.053225 0.135257
v 0.469718 0.068897 0.145991
v 0.399844 0.125333 0.106976
v 0.448506 0.156065 0.090923
v 0.434881 0.158234 0.087554
v 0.391836 0.143974 0.101082
v 0.476722 0.157358 0.093125
v 0.501968 0.081570 0.141745
v 0.504125 0.143895 0.103085
v 0.450644 0.099105 -0.127683
v 0.455704 0.139506 -0.106649
v 0.469184 0.150691 -0.096769
v 0.479718 0.149132 -0.098317
v 0.481480 0.158774 -0.091876
v 0.495210 0.162055 -0.087780
v 0.488755 0.134337 -0.113269
v 0.471732 0.055811 -0.146941
v 0.453260 0.046953 -0.138674
v 0.501310 0.071517 -0.142911
v 0.422011 0.147284 -0.096611
v 0.425447 0.158499 -0.086049
v 0.436639 0.161521 -0.081314
v 0.447065 0.166588 -0.079097
v 0.461014 0.167411 -0.086336
v 0.426709 0.134241 -0.104347
v 0.506245 0.167564 -0.063258
v 0.445029 0.314338 0.069106
v 0.454175 0.327230 0.058887
v 0.455770 0.313395 0.035619
v 0.441114 0.281615 0.035251
v 0.437974 0.288131 0.062186
v 0.451661 0.284551 0.019733
v 0.441960 0.226640 -0.018562
v 0.448372 0.234004 -0.004271
v 0.458960 0.273207 0.005636
v 0.437219 0.257812 -0.040545
v 0.435087 0.214442 -0.038435
v 0.465469 0.300508 -0.013509
v 0.451488 0.301769 -0.027772
v 0.462538 0.305035 0.022211
v 0.439549 0.286513 -0.045792
v 0.460829 0.332167 0.076536
v 0.453109 0.321212 0.084795
v 0.466608 0.321764 0.096562
v 0.473366 0.334274 0.078536
v 0.484614 0.299076 0.010312
v 0.478172 0.301563 -0.011992
v 0.495448 0.276700 0.087815
v 0.495170 0.248650 0.084392
v 0.492675 0.250044 0.060596
v 0.493226 0.291192 0.057607
v 0.495341 0.296669 0.078055
v 0.495917 0.269559 0.034681
v 0.495697 0.241359 0.004987
v 0.496742 0.247309 -0.012248
v 0.497219 0.274191 -0.020895
v 0.497556 0.302943 -0.039690
v 0.494606 0.319470 -0.038466
v 0.482557 0.321248 -0.030207
v 0.492996 0.296845 0.017285
v 0.498321 0.316312 0.043697
v 0.494043 0.327301 0.044473
v 0.495537 0.330070 0.070330
v 0.497417 0.319880 0.083791
v 0.497541 0.312151 0.076517
v 0.496040 0.302624 0.050227
v 0.452728 0.319990 -0.042721
v 0.455497 0.328351 -0.065336
v 0.446248 0.312677 -0.078567
v 0.438393 0.289930 -0.071914
v 0.545550 0.067000 -0.038153
v 0.549707 0.048103 -0.046296
v 0.556150 0.041674 -0.031672
v 0.563987 0.046586 -0.013180
v 0.563003 0.049630 0.003018
v 0.556214 0.055815 0.006986
v 0.562592 0.037653 -0.024921
v 0.454981 0.307442 -0.098238
v 0.471083 0.334063 -0.070860
v 0.472468 0.327867 -0.091525
v 0.469822 0.311540 -0.104445
v 0.492260 0.261381 -0.060882
v 0.495759 0.263304 -0.085358
v 0.496208 0.290769 -0.086603
v 0.494427 0.299887 -0.053374
v 0.494871 0.276374 -0.039284
v 0.496282 0.308344 -0.073848
v 0.495889 0.328972 -0.064347
v 0.497193 0.321014 -0.080971
v 0.449831 0.053097 0.078442
v 0.459661 0.069696 0.071366
v 0.469409 0.070669 0.072309
v 0.491285 0.073258 0.070160
v 0.491769 0.053083 0.080988
v 0.492281 0.032855 0.085515
v 0.463271 0.029379 0.085991
v 0.442643 0.055567 0.070052
v 0.450952 0.077064 0.056864
v 0.460960 0.084899 0.057828
v 0.435614 0.061842 0.056862
v 0.430940 -0.054466 -0.018947
v 0.418993 -0.053325 -0.022411
v 0.412031 -0.056361 -0.007161
v 0.455225 -0.056548 0.007664
v 0.454810 -0.054845 -0.016684
v 0.433417 -0.049032 0.034884
v 0.455969 -0.049601 0.033521
v 0.404947 -0.055410 0.002215
v 0.415259 -0.055015 0.016534
v 0.423417 -0.047339 0.036741
v 0.404628 -0.035305 0.033585
v 0.414370 -0.041432 0.037061
v 0.408882 -0.050035 0.022060
v 0.399701 -0.050449 0.009525
v 0.396641 -0.041996 0.016559
v 0.394566 -0.030223 0.026246
v 0.411251 -0.049954 -0.024706
v 0.415990 -0.037888 -0.043224
v 0.407830 -0.032102 -0.041102
v 0.400555 -0.027364 -0.038409
v 0.400657 -0.042699 -0.023116
v 0.404434 -0.051891 -0.014661
v 0.401211 0.014390 0.068556
v 0.401518 0.007907 0.070184
v 0.394412 0.011572 0.061227
v 0.392676 0.014985 0.055796
v 0.395147 0.018489 0.058089
v 0.401727 0.020066 0.064387
v 0.437062 0.105706 0.013028
v 0.429808 0.099471 0.013208
v 0.426238 0.102938 0.006017
v 0.434690 0.109490 0.002142
v 0.442517 0.109616 0.008311
v 0.425452 0.105780 -0.002317
v 0.420215 -0.010999 -0.072899
v 0.413152 -0.001521 -0.076067
v 0.406866 -0.006799 -0.065446
v 0.415104 -0.022686 -0.057774
v 0.424985 -0.026697 -0.062505
v 0.406808 -0.017826 -0.054362
v 0.399124 0.066739 0.015117
v 0.394436 0.063796 0.011948
v 0.396025 0.070768 0.006285
v 0.402445 0.075282 0.009788
v 0.404606 0.070199 0.017404
v 0.398784 0.076084 0.004060
v 0.403840 0.083125 0.003341
v 0.407931 0.080544 0.010352
v 0.393340 0.068916 0.001724
v 0.396877 0.075064 -0.001644
v 0.402702 0.083136 -0.003221
v 0.414562 0.094925 -0.003459
v 0.415500 0.094498 0.003792
v 0.397585 0.072259 -0.008586
v 0.405898 0.079210 -0.010709
v 0.417770 0.090213 -0.011730
v 0.429915 0.102075 -0.011775
v 0.408752 0.071592 -0.021371
v 0.421867 0.081326 -0.024773
v 0.437832 0.095444 -0.026460
v 0.451544 0.105739 -0.023998
v 0.440185 0.109412 -0.007527
v 0.424865 0.064169 -0.044931
v 0.446334 0.083039 -0.047454
v 0.466448 0.094327 -0.047677
v 0.408667 0.054828 -0.038047
v 0.410299 0.038638 -0.055886
v 0.430598 0.051510 -0.063311
v 0.452106 0.073932 -0.062090
v 0.413828 0.030262 -0.067745
v 0.435757 0.046463 -0.073355
v 0.457888 0.069835 -0.070191
v 0.417394 0.025302 -0.075912
v 0.440660 0.042591 -0.080738
v 0.464095 0.064659 -0.074830
v 0.420596 0.020145 -0.081415
v 0.445960 0.036214 -0.084309
v 0.472710 0.054365 -0.079891
v 0.496466 0.065518 -0.073372
v 0.481294 0.080204 -0.064057
v 0.450830 0.027429 -0.084911
v 0.480303 0.039628 -0.084022
v 0.507214 0.046997 -0.079946
v 0.535386 0.051519 -0.066627
v 0.525019 0.072806 -0.060274
v 0.485423 0.019375 -0.084708
v 0.513844 0.022943 -0.081489
v 0.538316 0.026098 -0.067712
v 0.549384 0.025901 -0.051758
v 0.516526 -0.002840 -0.074430
v 0.539250 0.000974 -0.061824
v 0.548378 0.004241 -0.049352
v 0.554305 0.006790 -0.038169
v 0.554931 0.024335 -0.039643
v 0.539268 -0.019799 -0.049552
v 0.548154 -0.013469 -0.038768
v 0.554740 -0.006464 -0.029415
v 0.562572 -0.003253 -0.025543
v 0.561587 0.008350 -0.031587
v 0.548485 -0.023098 -0.025353
v 0.555182 -0.013757 -0.018990
v 0.563529 -0.011349 -0.016895
v 0.573944 -0.011272 -0.016958
v 0.572855 -0.003019 -0.025629
v 0.555537 -0.017569 -0.007749
v 0.564324 -0.015740 -0.006683
v 0.574809 -0.015746 -0.006334
v 0.587334 -0.015815 -0.006033
v 0.586652 -0.011218 -0.017180
v 0.564567 -0.016323 0.004311
v 0.575056 -0.016171 0.004964
v 0.587560 -0.016047 0.005763
v 0.602578 -0.015925 0.007010
v 0.602358 -0.016016 -0.005696
v 0.574590 -0.012667 0.015603
v 0.587292 -0.012136 0.016695
v 0.602642 -0.011373 0.018052
v 0.621742 -0.012009 0.020187
v 0.621170 -0.017744 0.008758
v 0.586700 -0.004863 0.025397
v 0.602617 -0.003324 0.026761
v 0.622424 -0.002332 0.028361
v 0.622424 -0.005657 0.034015
v 0.621528 -0.016867 0.024935
v 0.602581 0.006988 0.031919
v 0.623519 0.007975 0.033139
v 0.623532 0.006285 0.039841
v 0.622002 0.005007 0.046391
v 0.620888 -0.008849 0.040299
v 0.624417 0.019449 0.033728
v 0.624277 0.020064 0.041320
v 0.622449 0.020865 0.047275
v 0.616831 0.021885 0.053319
v 0.616351 0.004430 0.051878
v 0.625472 0.035277 0.036667
v 0.623618 0.038281 0.042620
v 0.617114 0.042065 0.047687
v 0.606525 0.059222 0.074561
v 0.605664 0.026144 0.077620
v 0.626311 0.051662 0.030611
v 0.617862 0.058409 0.035097
v 0.605270 0.087030 0.059483
v 0.581318 0.116444 0.085208
v 0.585135 0.074709 0.106485
v 0.617234 0.069803 0.016162
v 0.602431 0.108189 0.029845
v 0.575003 0.147473 0.043913
v 0.539299 0.167112 0.048688
v 0.543740 0.137183 0.099091
v 0.601260 0.113856 -0.016184
v 0.572871 0.155091 -0.021404
v 0.537508 0.173980 -0.020443
v 0.515999 0.179259 -0.012285
v 0.514671 0.171734 0.049741
v 0.575202 0.129273 -0.077785
v 0.531998 0.149699 -0.088359
v 0.499104 0.171126 -0.072821
v 0.496379 0.172385 -0.086390
v 0.495942 0.178455 -0.068878
v 0.494441 0.182259 -0.039508
v 0.500824 0.172194 -0.051319
v 0.498302 0.183554 -0.007308
v 0.505386 0.179235 0.001673
v 0.497058 0.180461 0.036505
v 0.504137 0.174624 0.042455
v 0.493985 0.192531 0.034929
v 0.494648 0.184172 0.065340
v 0.495820 0.175238 0.075876
v 0.497740 0.167234 0.085054
v 0.496224 0.195917 0.000486
v 0.496289 0.214285 0.002580
v 0.495189 0.211400 0.026056
v 0.494191 0.194354 -0.029142
v 0.496582 0.213865 -0.020867
v 0.493383 0.191046 -0.054650
v 0.493221 0.205870 -0.051306
v 0.493852 0.238136 -0.036935
v 0.494670 0.206795 -0.069169
v 0.493364 0.231232 -0.070000
v 0.496591 0.202493 -0.087117
v 0.496637 0.230313 -0.091824
v 0.487207 0.199098 -0.099131
v 0.490561 0.228062 -0.104821
v 0.494034 0.267273 -0.104887
v 0.476487 0.240361 -0.110555
v 0.480424 0.272260 -0.113858
v 0.483587 0.300013 -0.108020
v 0.495773 0.303701 -0.096632
v 0.485483 0.324835 -0.087361
v 0.484249 0.331971 -0.055395
v 0.466795 0.323664 -0.035312
v 0.463389 0.276855 -0.109496
v 0.458905 0.230991 -0.103466
v 0.446034 0.245494 -0.094129
v 0.445599 0.282660 -0.093462
v 0.436730 0.248232 -0.068807
v 0.436689 0.204474 -0.064017
v 0.444543 0.199573 -0.081933
v 0.444441 0.181063 -0.074085
v 0.438322 0.185756 -0.061842
v 0.456820 0.197905 -0.094069
v 0.453390 0.179359 -0.083567
v 0.441118 0.170672 -0.071629
v 0.471555 0.198286 -0.102144
v 0.466917 0.178150 -0.092753
v 0.480477 0.179940 -0.095893
v 0.474002 0.167695 -0.091807
v 0.469809 0.157442 -0.091190
v 0.490714 0.182235 -0.092587
v 0.486577 0.169005 -0.092630
v 0.496214 0.186435 -0.078286
v 0.432587 0.165629 -0.074045
v 0.429319 0.170792 -0.063437
v 0.437295 0.176035 -0.060791
v 0.428018 0.176407 -0.048343
v 0.435306 0.183333 -0.045377
v 0.435365 0.194462 -0.042121
v 0.437649 0.191015 -0.022976
v 0.439526 0.204130 -0.018641
v 0.445984 0.193783 -0.004718
v 0.447809 0.208645 -0.003760
v 0.443472 0.195669 0.010957
v 0.444805 0.211634 0.009497
v 0.445869 0.243127 0.012780
v 0.437285 0.212163 0.026916
v 0.437678 0.248774 0.035564
v 0.435166 0.208324 0.055114
v 0.436230 0.250215 0.066020
v 0.441137 0.207200 0.080218
v 0.443718 0.247407 0.091383
v 0.447026 0.291361 0.092134
v 0.460781 0.256721 0.107823
v 0.468275 0.295225 0.108482
v 0.482299 0.270591 0.109883
v 0.484564 0.297260 0.107288
v 0.485154 0.320620 0.092807
v 0.496212 0.298015 0.097350
v 0.484768 0.334880 0.066899
v 0.482439 0.326914 0.034677
v 0.467460 0.328610 0.048443
v 0.495794 0.263243 0.101940
v 0.496126 0.232510 0.098718
v 0.477185 0.226008 0.104232
v 0.469042 0.191358 0.100198
v 0.490329 0.205439 0.098711
v 0.455986 0.211995 0.099821
v 0.451343 0.185665 0.085940
v 0.448270 0.175576 0.078237
v 0.460278 0.176042 0.089844
v 0.441373 0.186483 0.071564
v 0.441456 0.177446 0.068368
v 0.438073 0.170511 0.067883
v 0.445664 0.167769 0.075324
v 0.436341 0.189979 0.054343
v 0.436583 0.181057 0.054288
v 0.431510 0.174398 0.055655
v 0.423423 0.172610 0.059336
v 0.430959 0.167537 0.071203
v 0.435405 0.184360 0.034210
v 0.427917 0.178630 0.037403
v 0.417819 0.176876 0.040972
v 0.405676 0.175199 0.045657
v 0.413493 0.169569 0.063474
v 0.428703 0.181054 0.014288
v 0.415614 0.180201 0.016397
v 0.400107 0.179649 0.019351
v 0.349422 0.178066 0.025070
v 0.362273 0.172289 0.056250
v 0.412928 0.181054 -0.010271
v 0.392846 0.180060 -0.014986
v 0.330290 0.177865 -0.023952
v 0.255652 0.176854 -0.029846
v 0.267305 0.177421 0.025559
v 0.382868 0.174658 -0.046899
v 0.314099 0.171725 -0.056641
v 0.242932 0.171095 -0.058908
v 0.199712 0.172684 -0.055769
v 0.204122 0.175421 -0.032150
v 0.300203 0.164906 -0.073638
v 0.226750 0.164818 -0.073988
v 0.195972 0.166634 -0.069134
v 0.169271 0.167975 -0.066687
v 0.167329 0.172621 -0.054131
v 0.214900 0.158233 -0.084112
v 0.193473 0.158281 -0.077608
v 0.171628 0.161162 -0.075897
v 0.137883 0.160314 -0.076031
v 0.132386 0.167431 -0.067243
v 0.188934 0.146610 -0.080868
v 0.172402 0.150530 -0.079757
v 0.144085 0.150658 -0.079843
v 0.085136 0.149654 -0.079876
v 0.079301 0.159822 -0.076477
v 0.159194 0.128254 -0.082566
v 0.110604 0.093206 -0.086388
v 0.168385 0.120471 -0.084030
v 0.116023 0.084959 -0.087449
v 0.046219 0.077637 -0.089764
v 0.040716 0.086990 -0.087107
v 0.175352 0.115768 -0.090604
v 0.120554 0.076560 -0.094341
v 0.051983 0.075155 -0.098181
v -0.012879 0.075036 -0.098672
v -0.018853 0.077455 -0.090244
v 0.124962 0.074262 -0.102241
v 0.058109 0.070674 -0.106329
v -0.006625 0.070783 -0.106914
v -0.071780 0.070471 -0.106847
v -0.076911 0.074809 -0.098637
v 0.064445 0.061972 -0.110917
v -0.000090 0.061251 -0.110464
v -0.065956 0.061481 -0.110160
v -0.131084 0.061678 -0.110146
v -0.133198 0.070311 -0.106777
v 0.006369 0.050211 -0.111616
v -0.059759 0.050987 -0.110925
v -0.129704 0.052141 -0.110861
v -0.191714 0.052384 -0.110832
v -0.188994 0.061696 -0.110082
v -0.128990 0.040801 -0.111365
v -0.196541 0.041229 -0.111359
v -0.237697 0.036663 -0.111485
v -0.233808 0.052871 -0.110800
v -0.256182 0.052312 -0.110806
v -0.254834 0.064255 -0.108874
v -0.230844 0.062232 -0.109985
v -0.255436 0.031711 -0.111436
v -0.266199 0.025284 -0.110517
v -0.270561 0.050634 -0.109511
v -0.247944 -0.007347 -0.111768
v -0.218551 -0.059135 -0.111897
v -0.164415 -0.089872 -0.111682
v -0.172366 -0.097238 -0.110487
v -0.114391 -0.105661 -0.110984
v -0.124634 -0.112610 -0.105691
v -0.133136 -0.118004 -0.098914
v -0.094699 -0.129237 -0.099740
v -0.102351 -0.136331 -0.098012
v -0.108581 -0.145637 -0.097846
v -0.141046 -0.126691 -0.098009
v -0.113822 -0.153737 -0.097747
v -0.146735 -0.135513 -0.097868
v -0.191808 -0.127020 -0.097819
v -0.224684 -0.105669 -0.097455
v -0.197049 -0.136455 -0.097773
v -0.227113 -0.119540 -0.097473
v -0.244169 -0.108344 -0.096089
v -0.241671 -0.094537 -0.095801
v -0.251385 -0.092570 -0.091361
v -0.249604 -0.083689 -0.091634
v -0.254695 -0.104572 -0.091522
v -0.263444 -0.103292 -0.082559
v -0.260165 -0.092402 -0.081915
v -0.260923 -0.125082 -0.090753
v -0.269648 -0.121358 -0.082138
v -0.270384 -0.103751 -0.068661
v -0.273867 -0.160436 -0.085152
v -0.283778 -0.156800 -0.079167
v -0.305357 -0.218202 -0.084886
v -0.316047 -0.214236 -0.080107
v -0.322013 -0.210982 -0.071072
v -0.348291 -0.282389 -0.081135
v -0.356478 -0.278165 -0.072916
v -0.361791 -0.275058 -0.062158
v -0.324448 -0.205605 -0.058121
v -0.366384 -0.273502 -0.046737
v -0.328000 -0.205871 -0.044839
v -0.368488 -0.271671 -0.015104
v -0.330363 -0.206148 -0.014047
v -0.294719 -0.149872 -0.009205
v -0.330452 -0.207319 0.032934
v -0.296042 -0.152581 0.029518
v -0.287160 -0.138349 0.027133
v -0.287937 -0.139046 -0.006431
v -0.282408 -0.130823 0.027073
v -0.283314 -0.131456 -0.003272
v -0.274177 -0.132659 -0.000516
v -0.267344 -0.125503 0.003077
v -0.263943 -0.117735 0.005683
v -0.274883 -0.112241 0.006239
v -0.277635 -0.110784 -0.020340
v -0.278387 -0.102604 0.007470
v -0.276841 -0.099561 -0.017213
v -0.273151 -0.096716 -0.044546
v -0.277578 -0.105821 -0.046900
v -0.266851 -0.094075 -0.067411
v -0.276673 -0.087306 -0.043187
v -0.270171 -0.085949 -0.067646
v -0.259883 -0.083869 -0.081742
v -0.277649 -0.069359 -0.069666
v -0.267177 -0.071200 -0.085510
v -0.277971 -0.088999 -0.014152
v -0.275147 -0.093743 0.008497
v -0.278947 -0.106352 0.033487
v -0.275082 -0.097334 0.032178
v -0.273006 -0.102787 0.059883
v -0.269186 -0.092565 0.057931
v -0.264932 -0.104946 0.082665
v -0.262628 -0.093584 0.079630
v -0.264032 -0.084626 0.078038
v -0.247798 -0.097382 0.095145
v -0.272193 -0.070425 0.080542
v -0.248863 -0.111233 0.096156
v -0.217031 -0.128302 0.098872
v -0.214667 -0.116294 0.098911
v -0.168931 -0.138539 0.098912
v -0.166591 -0.128350 0.098975
v -0.134141 -0.153093 0.098797
v -0.129668 -0.143614 0.098905
v -0.124573 -0.133444 0.098971
v -0.165085 -0.115798 0.099408
v -0.117269 -0.123821 0.099306
v -0.156820 -0.110554 0.102334
v -0.109400 -0.117917 0.103786
v -0.149156 -0.106341 0.108798
v -0.201461 -0.086658 0.112326
v -0.244990 -0.041203 0.112377
v -0.139471 -0.098479 0.112443
v -0.192617 -0.079631 0.112875
v -0.235691 -0.039270 0.112866
v -0.254233 0.014703 0.112541
v -0.263705 0.013619 0.111713
v -0.272687 0.013662 0.107438
v -0.256825 0.044913 0.112067
v -0.268439 0.044532 0.111064
v -0.277787 0.044153 0.105881
v -0.284761 0.045013 0.096997
v -0.280780 0.015374 0.098223
v -0.289787 0.046713 0.086524
v -0.293532 0.049759 0.076709
v -0.297822 0.050931 0.070142
v -0.293787 0.028489 0.070374
v -0.301160 0.030072 0.067947
v -0.299308 0.015096 0.062288
v -0.293261 0.013161 0.064995
v -0.304462 0.050137 0.067177
v -0.308560 0.069938 0.059337
v -0.321440 0.069119 0.057097
v -0.314532 0.049755 0.065444
v -0.309170 0.030529 0.066826
v -0.306396 0.015627 0.061596
v -0.327670 0.047786 0.062779
v -0.319231 0.030025 0.064914
v -0.314550 0.015426 0.060492
v -0.325089 0.013510 0.057482
v -0.322078 0.006009 0.053213
v -0.313462 0.006223 0.054667
v -0.306348 0.005650 0.055278
v -0.332433 0.024176 0.059269
v -0.341248 0.014901 0.055779
v -0.335065 0.007848 0.055245
v -0.342552 0.034875 0.054970
v -0.348849 0.022523 0.052112
v -0.351264 0.043965 0.044275
v -0.354798 0.031965 0.039736
v -0.351403 0.052487 0.023258
v -0.354604 0.042510 0.018098
v -0.363883 0.039397 0.014691
v -0.376998 0.039924 0.011376
v -0.354125 0.044719 -0.012490
v -0.361573 0.038336 -0.018617
v -0.353508 0.036663 -0.037028
v -0.356600 0.028061 -0.042495
v -0.348249 0.029184 -0.048430
v -0.350218 0.019267 -0.052180
v -0.354244 0.007708 -0.062385
v -0.360578 -0.012960 -0.074120
v -0.344094 0.012891 -0.055170
v -0.347240 0.001235 -0.063681
v -0.351048 -0.017818 -0.073636
v -0.340924 -0.003975 -0.061489
v -0.343207 -0.021918 -0.069264
v -0.344670 -0.047201 -0.071038
v -0.353393 -0.047728 -0.076820
v -0.364518 -0.046895 -0.078137
v -0.353447 -0.082734 -0.062990
v -0.364641 -0.083772 -0.064531
v -0.378360 -0.083824 -0.064802
v -0.393033 -0.083599 -0.064963
v -0.364361 -0.110418 -0.033323
v -0.377541 -0.110671 -0.033220
v -0.392687 -0.110720 -0.033177
v -0.405010 -0.110693 -0.033148
v -0.405179 -0.083700 -0.064825
v -0.376849 -0.118067 0.007846
v -0.392062 -0.118107 0.007560
v -0.404524 -0.118107 0.007150
v -0.413933 -0.118032 0.006822
v -0.414289 -0.110600 -0.033103
v -0.392210 -0.102610 0.048012
v -0.404609 -0.102802 0.047606
v -0.413954 -0.102925 0.047219
v -0.421952 -0.103008 0.046769
v -0.422006 -0.117819 0.006545
v -0.405389 -0.065522 0.075193
v -0.414566 -0.066584 0.074722
v -0.422808 -0.067163 0.074150
v -0.429530 -0.065975 0.068148
v -0.429101 -0.099307 0.043359
v -0.416379 -0.016097 0.076155
v -0.423960 -0.016767 0.075722
v -0.429803 -0.019419 0.069739
v -0.430838 -0.021369 0.063160
v -0.430805 -0.064518 0.061298
v -0.424925 0.023538 0.048476
v -0.429945 0.017367 0.043413
v -0.430879 0.012614 0.039754
v -0.431312 0.005835 0.036071
v -0.431321 -0.022724 0.055070
v -0.430371 0.030087 -0.003666
v -0.431078 0.023537 -0.004130
v -0.431368 0.017203 -0.003631
v -0.431063 0.000690 -0.047859
v -0.431345 -0.004744 -0.043672
v -0.430932 -0.039753 -0.063432
v -0.431309 -0.040761 -0.056707
v -0.430721 -0.077682 -0.052060
v -0.431307 -0.074191 -0.044710
v -0.430826 -0.099765 -0.027234
v -0.431292 -0.092277 -0.023678
v -0.430748 -0.106178 0.005321
v -0.431273 -0.097845 0.004614
v -0.430653 -0.094966 0.038965
v -0.431275 -0.087659 0.033295
v -0.431293 -0.063463 0.052931
v -0.428829 -0.113222 0.006091
v -0.429144 -0.106117 -0.030522
v -0.422022 -0.110553 -0.032891
v -0.428275 -0.080685 -0.058241
v -0.422218 -0.083394 -0.063024
v -0.414464 -0.083859 -0.064402
v -0.422976 -0.038616 -0.078068
v -0.414895 -0.038242 -0.078388
v -0.424368 0.012760 -0.058630
v -0.416262 0.013788 -0.058538
v -0.425627 0.039135 -0.002794
v -0.417970 0.040374 -0.001538
v -0.409311 0.040536 0.000332
v -0.418183 0.023722 0.048878
v -0.410362 0.023756 0.049071
v -0.394459 0.040581 0.003204
v -0.407742 -0.014693 0.075984
v -0.430152 0.005882 -0.052460
v -0.429417 -0.039372 -0.071882
v -0.377012 -0.102495 0.048138
v -0.363917 -0.117941 0.007627
v -0.364008 -0.102464 0.047833
v -0.353302 -0.116516 0.007579
v -0.353055 -0.101241 0.046709
v -0.353174 -0.066939 0.072719
v -0.344337 -0.096183 0.043006
v -0.343791 -0.065010 0.066311
v -0.341468 -0.030612 0.069777
v -0.349358 -0.027961 0.075811
v -0.337156 -0.008387 0.060641
v -0.342632 -0.003289 0.063755
v -0.330841 0.002256 0.052637
v -0.332682 -0.011837 0.055715
v -0.329346 -0.000904 0.049007
v -0.321812 0.001153 0.047886
v -0.329366 -0.004402 0.043894
v -0.322679 -0.000840 0.041878
v -0.315707 -0.002410 0.040669
v -0.314437 0.000083 0.047929
v -0.309022 -0.004187 0.039452
v -0.307628 -0.001522 0.047986
v -0.302473 -0.005877 0.038042
v -0.301023 -0.003153 0.048026
v -0.299725 0.004748 0.055859
v -0.295054 -0.006200 0.048669
v -0.293856 0.002595 0.058086
v -0.296781 -0.008891 0.036144
v -0.298092 -0.008292 0.026913
v -0.303975 -0.005975 0.029368
v -0.310352 -0.004644 0.031462
v -0.311521 -0.004577 0.024125
v -0.305575 -0.005865 0.021859
v -0.300269 -0.007800 0.019669
v -0.301893 -0.007180 0.012630
v -0.298506 -0.009606 0.010641
v -0.297417 -0.011681 0.017670
v -0.306927 -0.005782 0.014671
v -0.307788 -0.005561 0.007257
v -0.302985 -0.006831 0.005370
v -0.312392 -0.004493 0.016814
v -0.312979 -0.004406 0.009260
v -0.313165 -0.004367 0.001370
v -0.308013 -0.005478 -0.000473
v -0.318322 -0.003130 0.019084
v -0.318564 -0.003143 0.011450
v -0.318673 -0.003161 0.003519
v -0.324178 -0.001755 0.005899
v -0.324138 -0.001817 -0.002430
v -0.318514 -0.003189 -0.004775
v -0.312923 -0.004416 -0.006757
v -0.324377 -0.001650 0.013899
v -0.328669 -0.005830 0.016349
v -0.328050 -0.004910 0.008258
v -0.324489 -0.001508 0.021488
v -0.329248 -0.007249 0.024487
v -0.324518 -0.001304 0.028733
v -0.329723 -0.007333 0.031603
v -0.323847 -0.001219 0.035406
v -0.329600 -0.006371 0.038144
v -0.330026 -0.017606 0.041282
v -0.330036 -0.033559 0.043535
v -0.330554 -0.014770 0.048333
v -0.330904 -0.033063 0.054086
v -0.334685 -0.032068 0.062624
v -0.336927 -0.062027 0.059518
v -0.331537 -0.058609 0.051869
v -0.329995 -0.053200 0.041518
v -0.332156 -0.083628 0.034354
v -0.330052 -0.075660 0.028366
v -0.329576 -0.068311 0.022930
v -0.330035 -0.087058 0.004905
v -0.329559 -0.078238 0.003912
v -0.327876 -0.070289 0.002516
v -0.327924 -0.063434 0.017518
v -0.321413 -0.066088 0.001327
v -0.320249 -0.061050 0.015266
v -0.309328 -0.065314 -0.000862
v -0.321966 -0.062035 -0.013061
v -0.309598 -0.060624 -0.014070
v -0.321429 -0.051313 -0.022940
v -0.309266 -0.049331 -0.023160
v -0.320466 -0.038995 -0.025243
v -0.327413 -0.041014 -0.029595
v -0.327495 -0.029568 -0.026839
v -0.319016 -0.028775 -0.022559
v -0.328233 -0.054446 -0.026632
v -0.329754 -0.059026 -0.033508
v -0.329534 -0.042159 -0.037220
v -0.328324 -0.067184 -0.014979
v -0.329627 -0.073716 -0.017887
v -0.330208 -0.082120 -0.021604
v -0.330189 -0.064132 -0.040598
v -0.332464 -0.069752 -0.047878
v -0.332254 -0.045409 -0.056578
v -0.330332 -0.043563 -0.047407
v -0.332846 -0.090179 -0.025174
v -0.338273 -0.096730 -0.027853
v -0.338269 -0.074402 -0.053598
v -0.332989 -0.095952 0.005878
v -0.338512 -0.103277 0.006453
v -0.344718 -0.110354 0.007099
v -0.344534 -0.103483 -0.030313
v -0.338116 -0.090365 0.039139
v -0.353311 -0.109007 -0.032737
v -0.344669 -0.078808 -0.058851
v -0.337854 -0.046695 -0.064177
v -0.336671 -0.024243 -0.063220
v -0.331730 -0.025397 -0.055172
v -0.335271 -0.008367 -0.057285
v -0.331340 -0.011911 -0.050360
v -0.330219 -0.026597 -0.045322
v -0.329636 -0.027903 -0.035052
v -0.333142 0.001291 -0.053204
v -0.330038 -0.003419 -0.047936
v -0.329295 0.007737 -0.053125
v -0.326444 0.001659 -0.048434
v -0.326920 -0.001492 -0.039640
v -0.320742 0.004396 -0.051030
v -0.320738 -0.001201 -0.042067
v -0.321938 -0.001882 -0.031258
v -0.314234 -0.001316 -0.044684
v -0.315435 -0.003282 -0.033422
v -0.316966 -0.003386 -0.022935
v -0.323419 -0.001864 -0.020837
v -0.318053 -0.003307 -0.013389
v -0.324089 -0.001946 -0.011166
v -0.327985 -0.004074 -0.008431
v -0.328283 -0.009731 -0.005129
v -0.327674 -0.004341 0.000109
v -0.327772 -0.010366 0.002743
v -0.322729 -0.014546 0.005730
v -0.323205 -0.014022 -0.001481
v -0.327969 -0.011547 0.010291
v -0.322684 -0.016923 0.012732
v -0.314922 -0.019437 0.015959
v -0.315020 -0.015665 0.009167
v -0.306365 -0.016698 0.011973
v -0.306660 -0.014546 0.005330
v -0.315322 -0.014322 0.002028
v -0.306878 -0.014320 -0.001201
v -0.315815 -0.015040 -0.004840
v -0.307115 -0.015667 -0.007639
v -0.316664 -0.017349 -0.011228
v -0.307512 -0.018710 -0.013717
v -0.317941 -0.021626 -0.017244
v -0.297212 -0.013246 -0.011191
v -0.297659 -0.011944 -0.004428
v -0.299372 -0.008511 -0.003459
v -0.298293 -0.009314 -0.010591
v -0.297968 -0.011498 0.002319
v -0.299378 -0.008556 0.003719
v -0.297714 -0.013525 0.008348
v -0.303222 -0.006593 -0.002076
v -0.302376 -0.006819 -0.009726
v -0.307505 -0.005549 -0.008409
v -0.306352 -0.005732 -0.016521
v -0.300819 -0.007342 -0.017263
v -0.312112 -0.004544 -0.015221
v -0.310762 -0.004672 -0.024594
v -0.304655 -0.005855 -0.025772
v -0.303086 -0.005463 -0.037263
v -0.297810 -0.007375 -0.039037
v -0.298662 -0.007494 -0.026476
v -0.309190 -0.004417 -0.035460
v -0.307914 -0.000927 -0.047380
v -0.301878 -0.001052 -0.049541
v -0.301106 0.010902 -0.059436
v -0.295094 0.010857 -0.063111
v -0.296350 -0.002200 -0.051819
v -0.307108 0.009622 -0.056961
v -0.308981 0.027080 -0.064867
v -0.302709 0.031190 -0.066871
v -0.313934 0.007029 -0.054281
v -0.316353 0.021492 -0.061995
v -0.321631 0.038360 -0.064129
v -0.312890 0.045357 -0.065541
v -0.323604 0.014687 -0.057452
v -0.330389 0.026190 -0.059657
v -0.335066 0.015326 -0.054473
v -0.341537 0.022269 -0.053107
v -0.339147 0.036900 -0.056511
v -0.330170 0.054557 -0.058982
v -0.339661 0.066038 -0.049378
v -0.326006 0.080401 -0.048347
v -0.318777 0.064035 -0.058735
v -0.347838 0.045284 -0.049159
v -0.351546 0.051116 -0.034395
v -0.342764 0.070382 -0.032932
v -0.342699 0.070661 -0.004412
v -0.327727 0.084249 -0.001095
v -0.327478 0.083949 -0.030603
v -0.350609 0.055213 -0.008351
v -0.344053 0.068608 0.030389
v -0.339511 0.061793 0.052817
v -0.328431 0.083236 0.034599
v -0.314279 0.089870 0.035349
v -0.313919 0.090362 0.001232
v -0.305627 0.092336 0.001622
v -0.303114 0.092570 -0.026845
v -0.311752 0.090798 -0.028402
v -0.310146 0.086399 -0.047387
v -0.307865 0.068766 -0.058854
v -0.299878 0.052546 -0.067477
v -0.305329 0.049410 -0.066108
v -0.296833 0.034074 -0.069436
v -0.296469 0.055935 -0.071007
v -0.293137 0.036026 -0.074250
v -0.294034 0.058355 -0.076698
v -0.291177 0.037687 -0.079536
v -0.290472 0.060520 -0.086799
v -0.288044 0.045099 -0.089489
v -0.283424 0.063301 -0.100275
v -0.281319 0.048075 -0.101511
v -0.274138 0.013992 -0.105289
v -0.271132 0.065373 -0.108391
v -0.281719 0.071330 -0.097430
v -0.269871 0.072037 -0.102653
v -0.253797 0.071125 -0.103870
v -0.267822 0.074953 -0.094944
v -0.253171 0.074941 -0.096041
v -0.227777 0.075016 -0.096916
v -0.228974 0.070464 -0.105899
v -0.187447 0.074919 -0.097553
v -0.187667 0.070163 -0.106495
v -0.135613 0.074970 -0.098104
v -0.188304 0.079628 -0.088308
v -0.138438 0.078628 -0.088574
v -0.081709 0.077396 -0.090117
v -0.141640 0.088043 -0.086972
v -0.086412 0.086554 -0.087186
v -0.024608 0.086204 -0.087237
v -0.091023 0.097748 -0.085829
v -0.029906 0.096858 -0.085926
v 0.035331 0.097316 -0.085872
v -0.034793 0.114244 -0.083960
v 0.028731 0.114945 -0.083884
v -0.038918 0.134944 -0.081651
v 0.025652 0.135477 -0.081613
v -0.042175 0.148101 -0.080118
v 0.022024 0.148599 -0.080111
v -0.045619 0.159669 -0.077867
v 0.017433 0.159931 -0.077907
v -0.049693 0.165448 -0.070505
v 0.013428 0.165843 -0.070003
v 0.073453 0.166740 -0.068441
v 0.009603 0.170786 -0.060085
v 0.069529 0.171636 -0.057654
v 0.128862 0.172241 -0.055077
v 0.068959 0.174139 -0.043502
v 0.124317 0.174532 -0.039257
v 0.166125 0.174930 -0.035539
v 0.120943 0.175596 -0.004536
v 0.165587 0.175623 0.007354
v 0.209612 0.175678 0.017776
v 0.166976 0.174024 0.047127
v 0.208938 0.172569 0.057007
v 0.273919 0.170549 0.061709
v 0.278650 0.160967 0.081614
v 0.366877 0.165001 0.074447
v 0.372669 0.157391 0.087162
v 0.421183 0.164893 0.075436
v 0.380198 0.151601 0.095684
v 0.428088 0.160930 0.082950
v 0.438420 0.164069 0.078239
v 0.445811 0.161481 0.083055
v 0.454907 0.168057 0.083343
v 0.460966 0.159824 0.088773
v 0.471405 0.169938 0.092992
v 0.480432 0.183170 0.094810
v 0.489457 0.177666 0.088095
v 0.494511 0.190377 0.086129
v 0.494859 0.213008 0.082097
v 0.493238 0.197018 0.064630
v 0.493153 0.225311 0.052340
v 0.496655 0.236618 0.026299
v 0.485157 0.167545 0.090256
v 0.307519 0.132406 0.105071
v 0.232646 0.116907 0.107443
v 0.239709 0.094428 0.113286
v 0.310849 0.114710 0.110401
v 0.253421 0.043629 0.120523
v 0.314747 0.062316 0.120830
v 0.259435 0.007414 0.121057
v 0.317370 0.014102 0.122096
v 0.261821 -0.008812 0.119744
v 0.316333 -0.004453 0.120873
v 0.384211 -0.000116 0.121093
v 0.312849 -0.018840 0.111993
v 0.377478 -0.020774 0.110007
v 0.438305 -0.023286 0.117072
v 0.441945 0.008759 0.129208
v 0.481552 -0.022826 0.133246
v 0.471454 0.014700 0.146191
v 0.520922 -0.017204 0.130969
v 0.506990 0.020702 0.144512
v 0.562803 -0.010571 0.117830
v 0.555657 0.027054 0.131248
v 0.549301 0.083371 0.129389
v 0.587935 0.028547 0.108610
v 0.590141 -0.004414 0.097351
v 0.605459 0.002089 0.069223
v 0.590754 -0.027138 0.079054
v 0.604575 -0.015222 0.055754
v 0.615739 -0.010586 0.044990
v 0.604496 -0.027996 0.037828
v 0.615419 -0.024230 0.032805
v 0.619435 -0.021293 0.029476
v 0.613621 -0.033773 0.014059
v 0.618665 -0.030059 0.012345
v 0.620896 -0.024251 0.010429
v 0.618240 -0.030451 -0.007225
v 0.620726 -0.024455 -0.006413
v 0.621034 -0.017758 -0.005241
v 0.621211 -0.018167 -0.021542
v 0.621492 -0.012696 -0.017880
v 0.602054 -0.011265 -0.017400
v 0.622581 -0.003429 -0.027328
v 0.601761 -0.002341 -0.026406
v 0.585734 -0.002678 -0.026058
v 0.601731 0.009550 -0.031535
v 0.584923 0.009241 -0.031384
v 0.571867 0.008838 -0.031104
v 0.584533 0.023294 -0.031437
v 0.571440 0.023306 -0.031440
v 0.561345 0.023161 -0.031710
v 0.572012 0.037137 -0.024888
v 0.584494 0.036472 -0.025386
v 0.584629 0.045549 -0.014566
v 0.572558 0.045975 -0.013817
v 0.584729 0.049314 -0.000749
v 0.572465 0.049250 0.000790
v 0.584791 0.046626 0.013440
v 0.572219 0.045499 0.015608
v 0.562685 0.044540 0.018148
v 0.572031 0.037124 0.025793
v 0.562256 0.035864 0.027524
v 0.555896 0.038211 0.034078
v 0.556262 0.049065 0.024809
v 0.550077 0.043084 0.044670
v 0.550536 0.057157 0.034888
v 0.549974 0.069369 0.014768
v 0.541069 0.067024 0.047285
v 0.538482 0.085862 0.027208
v 0.529992 0.100540 0.004171
v 0.546309 0.078711 -0.008248
v 0.510798 0.105849 -0.017192
v 0.532842 0.090133 -0.030902
v 0.488393 0.101985 -0.035156
v 0.508481 0.089638 -0.050650
v 0.485618 0.110595 -0.000676
v 0.466650 0.108488 -0.015999
v 0.464314 0.109497 0.012507
v 0.450660 0.110609 0.000140
v 0.452666 0.107871 0.019254
v 0.478009 0.104581 0.030854
v 0.464071 0.101689 0.036357
v 0.454776 0.097708 0.039047
v 0.444588 0.103962 0.022551
v 0.444783 0.088620 0.039144
v 0.435953 0.095852 0.023076
v 0.429246 0.074221 0.038121
v 0.423657 0.085081 0.021665
v 0.419225 0.090705 0.011531
v 0.411720 0.075393 0.019400
v 0.414697 0.063405 0.034385
v 0.406049 0.058555 0.030539
v 0.418238 0.047056 0.054276
v 0.407651 0.041060 0.049661
v 0.400662 0.037626 0.045934
v 0.399694 0.054936 0.027597
v 0.395012 0.034356 0.042399
v 0.394635 0.051462 0.024773
v 0.391967 0.030205 0.038411
v 0.391923 0.047293 0.021021
v 0.392008 0.060475 0.008144
v 0.391352 0.042517 0.016473
v 0.391297 0.056697 0.003874
v 0.392142 0.065653 -0.003665
v 0.391189 0.050110 -0.002933
v 0.392286 0.058627 -0.011438
v 0.398487 0.065064 -0.017163
v 0.391879 0.043819 -0.024648
v 0.398489 0.050133 -0.031895
v 0.391267 0.025668 -0.041974
v 0.398086 0.032384 -0.049561
v 0.391926 0.014063 -0.054867
v 0.399568 0.021459 -0.061801
v 0.394049 0.006132 -0.060543
v 0.401752 0.015628 -0.069742
v 0.397645 0.001348 -0.063555
v 0.404004 0.010188 -0.074778
v 0.402176 -0.002625 -0.064839
v 0.408297 0.004386 -0.076381
v 0.424702 0.013677 -0.083285
v 0.429021 0.005414 -0.081808
v 0.455053 0.014460 -0.083805
v 0.433017 -0.007974 -0.076575
v 0.456956 -0.003726 -0.078513
v 0.487199 -0.003663 -0.078776
v 0.456118 -0.026216 -0.064319
v 0.487513 -0.026822 -0.063936
v 0.516696 -0.025827 -0.060013
v 0.487380 -0.044849 -0.041985
v 0.515973 -0.042052 -0.039462
v 0.538101 -0.033947 -0.033388
v 0.515447 -0.051881 -0.016465
v 0.537053 -0.041936 -0.013920
v 0.548572 -0.028254 -0.010746
v 0.537048 -0.043134 0.006507
v 0.548586 -0.028996 0.004686
v 0.555647 -0.017965 0.003788
v 0.549000 -0.024961 0.019424
v 0.555779 -0.015083 0.014958
v 0.564241 -0.013171 0.014690
v 0.555282 -0.009430 0.024709
v 0.563512 -0.006986 0.023481
v 0.573646 -0.006031 0.024252
v 0.562686 0.001999 0.029959
v 0.572724 0.003362 0.030414
v 0.586053 0.005005 0.031257
v 0.572106 0.015211 0.033099
v 0.585534 0.016738 0.033205
v 0.602614 0.018399 0.033160
v 0.585254 0.028427 0.030876
v 0.602705 0.029971 0.030286
v 0.625650 0.031912 0.031145
v 0.602707 0.040402 0.022907
v 0.626096 0.041938 0.022369
v 0.626638 0.046461 0.026240
v 0.626336 0.048501 0.010130
v 0.627126 0.054829 0.011622
v 0.626895 0.060740 0.013071
v 0.627043 0.055544 -0.005904
v 0.626720 0.062403 -0.007278
v 0.616742 0.071797 -0.009196
v 0.626239 0.056371 -0.025208
v 0.615181 0.064302 -0.030516
v 0.603589 0.095312 -0.053423
v 0.616545 0.048167 -0.044767
v 0.605591 0.066913 -0.073683
v 0.583692 0.080846 -0.104925
v 0.546949 0.087005 -0.128411
v 0.605490 0.029767 -0.077655
v 0.588022 0.030022 -0.107641
v 0.557375 0.025663 -0.129230
v 0.510544 0.015632 -0.141956
v 0.590586 -0.006527 -0.094745
v 0.564468 -0.014483 -0.114017
v 0.525722 -0.022896 -0.125828
v 0.487710 -0.030171 -0.127400
v 0.475194 0.008381 -0.143758
v 0.569428 -0.042004 -0.089545
v 0.540071 -0.051639 -0.097827
v 0.504769 -0.058591 -0.098858
v 0.450101 -0.067075 -0.088893
v 0.443929 -0.035987 -0.112337
v 0.548770 -0.072479 -0.060899
v 0.516464 -0.078523 -0.062240
v 0.454269 -0.083217 -0.059046
v 0.368273 -0.088439 -0.049311
v 0.520433 -0.088850 -0.016710
v 0.454657 -0.089650 -0.014999
v 0.368316 -0.092393 -0.008414
v 0.330146 -0.094741 -0.003597
v 0.320520 -0.094995 -0.032410
v 0.453799 -0.087589 0.039366
v 0.519279 -0.086581 0.034638
v 0.512746 -0.073044 0.075602
v 0.451364 -0.077138 0.073718
v 0.498628 -0.051768 0.109048
v 0.444313 -0.056209 0.098945
v 0.546433 -0.067588 0.072924
v 0.536489 -0.045810 0.106426
v 0.571452 -0.058166 0.066097
v 0.567797 -0.037371 0.096611
v 0.591035 -0.043629 0.053069
v 0.573313 -0.070453 0.028133
v 0.591168 -0.053061 0.022059
v 0.604466 -0.037191 0.016038
v 0.591713 -0.053780 -0.011384
v 0.604711 -0.038103 -0.008401
v 0.613587 -0.034818 -0.007774
v 0.605222 -0.030164 -0.031757
v 0.615062 -0.026306 -0.028052
v 0.619547 -0.022986 -0.025159
v 0.616084 -0.012890 -0.042042
v 0.620676 -0.010427 -0.037444
v 0.622192 -0.007119 -0.032426
v 0.621969 0.005511 -0.044673
v 0.623345 0.007096 -0.037935
v 0.623269 0.008620 -0.031848
v 0.624729 0.023513 -0.039294
v 0.624641 0.022310 -0.032411
v 0.602045 0.023118 -0.031507
v 0.625894 0.035552 -0.027501
v 0.602314 0.036028 -0.025686
v 0.626245 0.044937 -0.017231
v 0.602386 0.045027 -0.015556
v 0.626370 0.049494 -0.004537
v 0.602379 0.049264 -0.002486
v 0.602569 0.047421 0.011355
v 0.585067 0.038812 0.024333
v 0.571959 0.026880 0.031449
v 0.561967 0.014120 0.033196
v 0.561943 0.025862 0.032308
v 0.554377 0.012827 0.038632
v 0.554971 0.026477 0.038278
v 0.548649 0.011710 0.049007
v 0.549179 0.028558 0.049043
v 0.540952 0.010829 0.062112
v 0.541157 0.030556 0.062666
v 0.541805 0.048620 0.058222
v 0.522004 0.032666 0.079829
v 0.520963 0.054126 0.074937
v 0.519248 0.074947 0.062518
v 0.487464 0.092246 0.052033
v 0.513744 0.095014 0.042638
v 0.501589 0.106692 0.019903
v 0.470006 0.088493 0.056402
v 0.521702 0.009572 0.078498
v 0.492564 0.010369 0.084162
v 0.520123 -0.013529 0.068948
v 0.491625 -0.012912 0.074775
v 0.462180 -0.011614 0.075693
v 0.464110 0.010585 0.084194
v 0.437991 -0.013623 0.074540
v 0.437124 0.004110 0.082513
v 0.434985 0.015985 0.085258
v 0.417175 -0.001239 0.078466
v 0.413247 0.008286 0.080455
v 0.411880 0.015939 0.077687
v 0.432221 0.026230 0.084391
v 0.411321 0.022392 0.071791
v 0.427288 0.031426 0.078486
v 0.410011 0.029739 0.063323
v 0.423449 0.037188 0.069307
v 0.401589 0.026345 0.058119
v 0.395227 0.023606 0.053156
v 0.391997 0.019781 0.049762
v 0.391661 0.009713 0.053186
v 0.390846 0.014959 0.046170
v 0.391053 0.025075 0.034043
v 0.390683 0.007418 0.040474
v 0.390990 0.018151 0.028713
v 0.391255 0.036100 0.010344
v 0.391148 0.005323 0.018576
v 0.391279 0.022906 -0.001104
v 0.391236 0.035914 -0.015466
v 0.391151 0.002879 -0.015875
v 0.390793 0.016584 -0.032392
v 0.391110 -0.009336 -0.024388
v 0.390736 0.003707 -0.041818
v 0.391752 -0.017067 -0.030241
v 0.392041 -0.003473 -0.046767
v 0.394506 -0.022858 -0.034989
v 0.395177 -0.008939 -0.049938
v 0.400261 -0.013399 -0.052050
v 0.392138 -0.032262 -0.013191
v 0.395027 -0.038449 -0.018821
v 0.394303 -0.044033 -0.000888
v 0.398251 -0.049786 -0.007650
v 0.391150 -0.024825 -0.006406
v 0.392292 -0.035952 0.006616
v 0.391107 -0.013205 0.004021
v 0.391375 -0.023218 0.016454
v 0.391054 -0.006441 0.030342
v 0.392980 -0.014598 0.038799
v 0.391831 -0.000158 0.048529
v 0.398446 -0.006711 0.055370
v 0.402528 -0.021119 0.045553
v 0.414622 -0.027424 0.051404
v 0.410211 -0.011933 0.062507
v 0.423055 -0.015465 0.070683
v 0.426240 -0.032689 0.056513
v 0.394619 0.004748 0.060053
v 0.404387 0.000534 0.068664
v 0.436933 -0.033978 0.057845
v 0.458503 -0.034045 0.057811
v 0.490132 -0.034291 0.057434
v 0.488536 -0.049289 0.034195
v 0.516548 -0.046474 0.032034
v 0.515476 -0.053727 0.008321
v 0.487487 -0.056551 0.008645
v 0.518173 -0.032837 0.052896
v 0.539013 -0.025810 0.042760
v 0.537734 -0.037365 0.026329
v 0.539988 -0.009793 0.054918
v 0.548654 -0.005606 0.042423
v 0.548807 -0.017307 0.031904
v 0.554732 -0.000730 0.033130
v 0.487214 -0.054881 -0.017250
v 0.454983 -0.044594 -0.042007
v 0.434653 -0.026914 -0.063749
v 0.433791 -0.044044 -0.043067
v 0.424891 -0.043070 -0.043870
v 0.626852 0.050886 -0.021589
v 0.626081 0.039351 -0.033514
v 0.625141 0.043126 -0.039014
v 0.623414 0.024328 -0.046072
v 0.616736 0.025624 -0.051802
v 0.616951 0.004476 -0.050451
v 0.605296 0.001433 -0.068116
v 0.604662 -0.017239 -0.051845
v 0.591311 -0.030191 -0.073248
v 0.591617 -0.046172 -0.044330
v 0.572725 -0.061922 -0.055377
v 0.573595 -0.072241 -0.014974
v 0.551589 -0.083602 -0.016592
v 0.550853 -0.081532 0.031827
v 0.309388 -0.104239 -0.024543
v 0.300289 -0.106399 -0.036761
v 0.316117 -0.098986 0.000141
v 0.305418 -0.112802 0.002497
v 0.303421 -0.116278 -0.017833
v 0.302871 -0.112679 0.027148
v 0.297466 -0.131218 0.021555
v 0.299492 -0.132586 0.006354
v 0.288279 -0.109803 0.037888
v 0.286017 -0.128082 0.030673
v 0.280103 -0.151672 0.029747
v 0.290621 -0.156633 0.022608
v 0.272503 -0.105830 0.039835
v 0.272749 -0.123727 0.031634
v 0.267711 -0.146033 0.029452
v 0.256065 -0.166613 0.028303
v 0.269674 -0.175154 0.030155
v 0.262466 -0.119466 0.027937
v 0.259255 -0.141849 0.023282
v 0.251581 -0.163284 0.019850
v 0.243292 -0.182901 0.018104
v 0.245162 -0.186056 0.027401
v 0.256517 -0.139245 0.013710
v 0.250944 -0.161471 0.010290
v 0.243484 -0.180907 0.008298
v 0.230945 -0.196033 0.007169
v 0.230230 -0.197423 0.017491
v 0.251210 -0.159965 0.000244
v 0.244088 -0.179445 -0.001994
v 0.232112 -0.194974 -0.003382
v 0.215308 -0.206052 -0.004228
v 0.213867 -0.206763 0.006294
v 0.244973 -0.178262 -0.012517
v 0.233658 -0.194119 -0.014072
v 0.217081 -0.205672 -0.014831
v 0.219893 -0.207108 -0.024790
v 0.199630 -0.215406 -0.024645
v 0.197079 -0.213063 -0.015080
v 0.195175 -0.212864 -0.004689
v 0.236773 -0.194658 -0.024181
v 0.247252 -0.178073 -0.022857
v 0.255726 -0.180922 -0.028507
v 0.244979 -0.200305 -0.028692
v 0.226061 -0.214667 -0.028641
v 0.203573 -0.223596 -0.028330
v 0.253682 -0.206822 -0.028666
v 0.232115 -0.222524 -0.027294
v 0.207702 -0.232388 -0.026724
v 0.210991 -0.238326 -0.020113
v 0.184473 -0.242831 -0.019106
v 0.182249 -0.236660 -0.026270
v 0.179665 -0.227263 -0.028495
v 0.236882 -0.228315 -0.021574
v 0.261205 -0.212499 -0.024529
v 0.265319 -0.214664 -0.015249
v 0.239889 -0.230297 -0.012525
v 0.213209 -0.239823 -0.010686
v 0.214836 -0.239719 -0.000837
v 0.187863 -0.244451 0.000462
v 0.186228 -0.244236 -0.009459
v 0.241550 -0.229941 -0.002567
v 0.266948 -0.214123 -0.004839
v 0.268090 -0.213171 0.005974
v 0.242771 -0.229311 0.007770
v 0.216247 -0.239237 0.009241
v 0.217263 -0.237576 0.019176
v 0.190585 -0.241829 0.020092
v 0.189355 -0.243973 0.010442
v 0.243363 -0.227736 0.018119
v 0.268357 -0.211577 0.017166
v 0.264982 -0.206432 0.027183
v 0.241854 -0.222174 0.026824
v 0.216643 -0.231529 0.027349
v 0.214361 -0.221139 0.029533
v 0.191060 -0.225926 0.029488
v 0.191206 -0.236070 0.027747
v 0.237177 -0.211756 0.029666
v 0.256045 -0.196559 0.030108
v 0.231600 -0.201223 0.027434
v 0.212284 -0.210900 0.026304
v 0.212808 -0.207850 0.016635
v 0.192126 -0.213909 0.015961
v 0.191030 -0.216321 0.025242
v 0.169985 -0.215168 0.015871
v 0.168649 -0.217537 0.025351
v 0.167574 -0.227104 0.029875
v 0.145220 -0.217660 0.025440
v 0.143751 -0.226898 0.029802
v 0.142297 -0.236705 0.029271
v 0.166499 -0.237078 0.029223
v 0.140849 -0.243050 0.022073
v 0.165253 -0.243058 0.021336
v 0.139384 -0.244686 0.012412
v 0.163854 -0.244707 0.011565
v 0.137903 -0.245005 0.002471
v 0.162360 -0.245010 0.001604
v 0.136405 -0.244924 -0.007534
v 0.160804 -0.244892 -0.008381
v 0.134876 -0.243545 -0.017400
v 0.159159 -0.243282 -0.018070
v 0.133267 -0.237976 -0.025513
v 0.157401 -0.237557 -0.025809
v 0.131573 -0.228581 -0.028719
v 0.155542 -0.228143 -0.028765
v 0.129833 -0.219200 -0.025650
v 0.153644 -0.218912 -0.025269
v 0.177136 -0.218186 -0.025080
v 0.151801 -0.215548 -0.015786
v 0.175002 -0.215225 -0.015455
v 0.150039 -0.214903 -0.005356
v 0.173119 -0.214697 -0.005026
v 0.148356 -0.214860 0.005214
v 0.171448 -0.214731 0.005464
v 0.193536 -0.213162 0.005716
v 0.146751 -0.215250 0.015717
v 0.124586 -0.214855 0.004804
v 0.122865 -0.215253 0.015509
v 0.121195 -0.217669 0.025471
v 0.098805 -0.215222 0.015199
v 0.097008 -0.217716 0.025506
v 0.095351 -0.226536 0.029737
v 0.119615 -0.226643 0.029761
v 0.093712 -0.236085 0.029525
v 0.118044 -0.236352 0.029405
v 0.092081 -0.242669 0.023120
v 0.116486 -0.242852 0.022602
v 0.090498 -0.244546 0.013833
v 0.114947 -0.244651 0.013093
v 0.088971 -0.245017 0.004099
v 0.113421 -0.244992 0.003219
v 0.087485 -0.244980 -0.005746
v 0.111900 -0.244940 -0.006730
v 0.086041 -0.244186 -0.015546
v 0.110381 -0.243814 -0.016654
v 0.084631 -0.239804 -0.024110
v 0.108855 -0.238772 -0.025274
v 0.083235 -0.231139 -0.028606
v 0.107308 -0.229378 -0.028763
v 0.081833 -0.221417 -0.027653
v 0.105730 -0.219497 -0.026515
v 0.080368 -0.216046 -0.018983
v 0.104078 -0.215602 -0.017321
v 0.128081 -0.215627 -0.016321
v 0.102374 -0.214746 -0.006766
v 0.126327 -0.214890 -0.005876
v 0.100620 -0.214766 0.004138
v 0.078785 -0.214986 -0.008252
v 0.077037 -0.214895 0.002928
v 0.075107 -0.215225 0.014476
v 0.054455 -0.214719 0.000744
v 0.052360 -0.214946 0.012812
v 0.049829 -0.217294 0.024757
v 0.073077 -0.217686 0.025379
v 0.047341 -0.225389 0.029624
v 0.071261 -0.226416 0.029725
v 0.044820 -0.234030 0.029875
v 0.069477 -0.235656 0.029631
v 0.042444 -0.241140 0.024980
v 0.067710 -0.242309 0.023922
v 0.040416 -0.243665 0.016300
v 0.066046 -0.244346 0.014798
v 0.038615 -0.244420 0.006785
v 0.064480 -0.244959 0.005238
v 0.037104 -0.244354 -0.003003
v 0.063029 -0.244989 -0.004460
v 0.035804 -0.243643 -0.012775
v 0.061690 -0.244276 -0.014065
v 0.034957 -0.240622 -0.021928
v 0.060529 -0.240656 -0.022825
v 0.034936 -0.233059 -0.027671
v 0.059510 -0.232840 -0.028102
v 0.035475 -0.223563 -0.028380
v 0.058480 -0.223253 -0.028207
v 0.036056 -0.215521 -0.023323
v 0.057418 -0.216516 -0.021014
v 0.035166 -0.213139 -0.013716
v 0.056100 -0.214929 -0.010566
v 0.033763 -0.212370 -0.002680
v 0.018059 -0.204317 -0.017364
v 0.017295 -0.202738 -0.006970
v 0.016074 -0.201751 0.004247
v 0.032128 -0.211966 0.009460
v 0.015217 -0.201429 0.016226
v 0.030129 -0.212815 0.022482
v 0.012529 -0.205190 0.026082
v 0.026254 -0.219154 0.029128
v 0.006701 -0.212498 0.029800
v 0.021939 -0.226955 0.029797
v 0.000414 -0.219603 0.029478
v 0.017309 -0.234178 0.027991
v -0.005409 -0.224786 0.023710
v 0.013699 -0.237486 0.019488
v -0.008230 -0.225069 0.012177
v 0.011562 -0.237688 0.009119
v -0.010108 -0.223557 -0.000656
v 0.009755 -0.237065 -0.001528
v -0.010865 -0.222005 -0.013110
v 0.008499 -0.236132 -0.012032
v -0.009165 -0.218460 -0.023212
v 0.008588 -0.233114 -0.021731
v -0.004896 -0.212069 -0.028335
v 0.011075 -0.225716 -0.028019
v -0.000357 -0.204792 -0.028669
v 0.014452 -0.216712 -0.028899
v 0.017553 -0.208292 -0.026345
v -0.010248 -0.194711 -0.029397
v -0.016548 -0.189912 -0.037660
v -0.018188 -0.189750 -0.051210
v -0.016635 -0.179652 -0.053612
v -0.021415 -0.177512 -0.070775
v -0.019654 -0.147652 -0.077579
v -0.013540 -0.155366 -0.059530
v -0.022666 -0.188231 -0.068977
v -0.032916 -0.183601 -0.084330
v -0.031533 -0.173277 -0.084828
v -0.024341 -0.195631 -0.069190
v -0.035670 -0.189201 -0.084598
v -0.047831 -0.180276 -0.091907
v -0.045481 -0.176363 -0.091957
v -0.027452 -0.198582 -0.067361
v -0.037507 -0.192058 -0.082664
v -0.050158 -0.183397 -0.089995
v -0.064241 -0.174707 -0.094573
v -0.062595 -0.170420 -0.096198
v -0.041382 -0.192407 -0.079199
v -0.052883 -0.185752 -0.086895
v -0.066096 -0.178476 -0.090508
v -0.088940 -0.171247 -0.096226
v -0.085493 -0.163607 -0.097623
v -0.082409 -0.156827 -0.097799
v -0.078622 -0.150887 -0.098088
v -0.061046 -0.165864 -0.096625
v -0.073394 -0.143671 -0.101962
v -0.058920 -0.158852 -0.097115
v -0.043884 -0.167979 -0.092631
v -0.050363 -0.133907 -0.109463
v -0.041518 -0.137092 -0.100642
v -0.031807 -0.141881 -0.090388
v -0.027289 -0.090400 -0.100704
v -0.019140 -0.099003 -0.093556
v -0.010356 -0.111922 -0.082952
v 0.009284 -0.060470 -0.093332
v 0.020628 -0.073885 -0.083777
v 0.025695 -0.089608 -0.065307
v -0.004236 -0.122439 -0.063668
v 0.024346 -0.099645 -0.044035
v 0.054692 -0.070684 -0.063497
v 0.017824 -0.108184 -0.025196
v 0.045914 -0.059493 -0.083301
v 0.096356 -0.060033 -0.082144
v 0.099699 -0.070768 -0.061797
v 0.153686 -0.064850 -0.075479
v 0.154935 -0.072646 -0.055318
v 0.151253 -0.075670 -0.029127
v 0.215002 -0.074665 -0.039750
v 0.210610 -0.075755 -0.018965
v 0.206188 -0.075828 0.017321
v 0.149669 -0.075893 0.018939
v 0.203735 -0.074124 0.047649
v 0.145424 -0.073110 0.053767
v 0.198934 -0.068438 0.069398
v 0.145160 -0.065289 0.075715
v 0.097225 -0.063300 0.078998
v 0.058841 -0.061152 0.082371
v 0.144540 -0.048603 0.091854
v 0.096654 -0.045670 0.093509
v 0.055968 -0.043845 0.094113
v 0.024419 -0.048439 0.093488
v 0.034187 -0.064349 0.082612
v 0.097272 -0.030209 0.097665
v 0.054849 -0.030316 0.097669
v 0.017838 -0.034810 0.096986
v -0.007290 -0.055803 0.097661
v 0.003039 -0.064546 0.095010
v 0.053517 -0.022619 0.107250
v 0.013444 -0.025972 0.104919
v -0.014172 -0.050083 0.105060
v -0.043596 -0.086509 0.112723
v -0.033262 -0.089513 0.109149
v -0.026886 -0.092418 0.100261
v -0.047770 -0.126588 0.111025
v -0.038982 -0.128355 0.102210
v -0.028668 -0.131391 0.090876
v -0.017776 -0.099721 0.093688
v -0.016312 -0.136701 0.076402
v -0.006742 -0.110977 0.081270
v 0.016891 -0.078907 0.084178
v 0.000185 -0.120362 0.058991
v 0.024448 -0.093413 0.061985
v 0.044435 -0.075435 0.060515
v 0.023956 -0.100490 0.042617
v -0.001414 -0.126691 0.039181
v -0.009850 -0.142719 0.055057
v -0.008974 -0.148358 0.036986
v -0.013820 -0.165649 0.052600
v -0.019378 -0.164624 0.072177
v -0.021646 -0.180979 0.070259
v -0.016701 -0.180919 0.051625
v -0.023296 -0.188691 0.070450
v -0.018260 -0.189343 0.051056
v -0.015307 -0.188618 0.036512
v -0.019525 -0.195478 0.050610
v -0.016598 -0.195163 0.035204
v -0.011016 -0.199182 0.030292
v -0.012342 -0.212622 0.028215
v -0.006313 -0.206766 0.029857
v -0.016674 -0.214266 0.015931
v -0.018436 -0.212194 -0.000409
v -0.024777 -0.194431 0.070937
v -0.027542 -0.198210 0.070412
v -0.039383 -0.190857 0.085587
v -0.042690 -0.191226 0.082456
v -0.032533 -0.197257 0.067789
v -0.036390 -0.188510 0.087335
v -0.050997 -0.180918 0.095137
v -0.053414 -0.183145 0.093244
v -0.034699 -0.184374 0.086700
v -0.048776 -0.177256 0.094888
v -0.064218 -0.168008 0.098441
v -0.066327 -0.172589 0.098389
v -0.032608 -0.178069 0.086289
v -0.046595 -0.172355 0.094641
v -0.061894 -0.162905 0.098365
v -0.076003 -0.150923 0.099157
v -0.080179 -0.156166 0.098915
v -0.043983 -0.159873 0.095048
v -0.057843 -0.153122 0.099094
v -0.070424 -0.143967 0.104092
v -0.083358 -0.128332 0.108485
v -0.087959 -0.132095 0.100255
v -0.059692 -0.123699 0.112938
v -0.072012 -0.116540 0.112896
v -0.088830 -0.105010 0.112841
v -0.100865 -0.112479 0.110754
v -0.054426 -0.083626 0.113004
v -0.072428 -0.079488 0.113071
v -0.112466 -0.063083 0.113072
v -0.128147 -0.089504 0.112926
v -0.098192 0.001165 0.113000
v -0.099306 0.034387 0.112536
v -0.165850 0.040990 0.112349
v -0.214915 0.043313 0.112256
v -0.101150 0.048419 0.112052
v -0.160364 0.051704 0.111883
v -0.209357 0.053168 0.111764
v -0.239574 0.055686 0.111603
v -0.242329 0.044325 0.112187
v -0.157841 0.061529 0.111161
v -0.204802 0.062192 0.111035
v -0.237100 0.063785 0.110707
v -0.256440 0.067771 0.107790
v -0.256956 0.059241 0.111139
v -0.201184 0.070663 0.107339
v -0.234383 0.071054 0.106313
v -0.198694 0.074650 0.099744
v -0.231857 0.075017 0.097732
v -0.196998 0.077264 0.091884
v -0.229808 0.078889 0.089820
v -0.196111 0.084959 0.088366
v -0.228456 0.087402 0.088074
v -0.252214 0.088995 0.087867
v -0.275193 0.090881 0.087437
v -0.227632 0.099207 0.086649
v -0.251459 0.102989 0.086130
v -0.272739 0.105539 0.085147
v -0.281429 0.112735 0.057179
v -0.283723 0.098236 0.056095
v -0.251150 0.128943 0.083144
v -0.267095 0.135086 0.081607
v -0.276499 0.140738 0.058763
v -0.264185 0.150653 0.080174
v -0.286370 0.124379 0.032857
v -0.288668 0.108016 0.030394
v -0.290249 0.107507 0.003701
v -0.289686 0.099607 0.028736
v -0.291349 0.100718 0.001605
v -0.290665 0.092759 0.027747
v -0.293681 0.095297 0.000489
v -0.290912 0.102355 -0.024337
v -0.292956 0.096682 -0.025235
v -0.296999 0.093533 -0.025828
v -0.298814 0.093024 0.002359
v -0.289849 0.094746 -0.047143
v -0.289773 0.109281 -0.023223
v -0.288537 0.102233 -0.047682
v -0.285839 0.096539 -0.062593
v -0.287663 0.088347 -0.061555
v -0.282742 0.093973 -0.071650
v -0.285219 0.084960 -0.070914
v -0.278808 0.092969 -0.080022
v -0.281278 0.082599 -0.080858
v -0.284927 0.076228 -0.082700
v -0.275003 0.081261 -0.087596
v -0.277427 0.075033 -0.091563
v -0.290622 0.070674 -0.085751
v -0.266190 0.080318 -0.088461
v -0.273043 0.092465 -0.086347
v -0.264909 0.090959 -0.086527
v -0.252150 0.090302 -0.086655
v -0.252750 0.080132 -0.088709
v -0.228386 0.090064 -0.086745
v -0.227578 0.079951 -0.088334
v -0.189830 0.089235 -0.086857
v -0.230448 0.104727 -0.084976
v -0.192125 0.102211 -0.085304
v -0.144633 0.099775 -0.085594
v -0.194931 0.124384 -0.082801
v -0.150222 0.120386 -0.083270
v -0.096088 0.116433 -0.083712
v -0.153334 0.139129 -0.081173
v -0.101570 0.136594 -0.081457
v -0.157015 0.150385 -0.079783
v -0.105187 0.149160 -0.079955
v -0.160930 0.161002 -0.076781
v -0.107696 0.160379 -0.077479
v -0.165546 0.167296 -0.067415
v -0.111393 0.166256 -0.069177
v -0.170962 0.172138 -0.054774
v -0.115194 0.171026 -0.059278
v -0.053826 0.170452 -0.061014
v -0.121208 0.173795 -0.046113
v -0.057464 0.173647 -0.047479
v 0.008744 0.173774 -0.046669
v -0.060382 0.175151 -0.026055
v 0.006442 0.175213 -0.024254
v 0.068212 0.175440 -0.016286
v 0.005135 0.175314 0.022310
v 0.069601 0.175112 0.029285
v 0.123509 0.174757 0.037721
v 0.071667 0.173265 0.051384
v 0.126978 0.171559 0.058536
v 0.073319 0.167540 0.068211
v 0.133105 0.163300 0.074279
v 0.074012 0.157954 0.080032
v 0.135495 0.146915 0.081282
v 0.167645 0.129919 0.083527
v 0.130991 0.119280 0.084511
v 0.154724 0.105687 0.086814
v 0.160557 0.094785 0.097058
v 0.141073 0.073618 0.105066
v 0.135491 0.062401 0.112747
v 0.161340 0.080624 0.109223
v 0.145799 0.079394 0.095217
v 0.106201 0.073863 0.103317
v 0.101990 0.067806 0.110426
v 0.123005 0.094041 0.087357
v 0.066793 0.100309 0.086543
v 0.073174 0.124280 0.083875
v 0.005571 0.121396 0.084189
v 0.005081 0.102132 0.086341
v 0.004663 0.159751 0.079196
v -0.067797 0.160397 0.078508
v -0.064323 0.133516 0.082839
v 0.004774 0.169067 0.065155
v -0.067478 0.169533 0.064238
v -0.124867 0.170014 0.062916
v -0.123304 0.162075 0.074876
v 0.004832 0.173748 0.047779
v -0.066120 0.173800 0.047314
v -0.126011 0.173772 0.047516
v -0.176039 0.174046 0.044529
v -0.174266 0.171484 0.058661
v -0.063444 0.175338 0.021551
v -0.126367 0.175253 0.024114
v -0.176647 0.175361 0.023667
v -0.215537 0.178540 0.014587
v -0.215956 0.178104 0.031369
v -0.124669 0.175226 -0.023427
v -0.175543 0.175452 -0.018204
v -0.207807 0.178641 -0.007687
v -0.237048 0.179082 -0.001345
v -0.236057 0.180921 0.011234
v -0.174156 0.174210 -0.041921
v -0.248681 0.180941 0.011129
v -0.247985 0.180992 0.020123
v -0.235985 0.181231 0.025762
v -0.250508 0.176662 0.000403
v -0.248044 0.179809 -0.007254
v -0.247661 0.181611 -0.017419
v -0.247562 0.178618 -0.025352
v -0.247132 0.174348 -0.030972
v -0.256649 0.172990 -0.029204
v -0.247488 0.173424 -0.048374
v -0.258349 0.172465 -0.047132
v -0.267197 0.167553 -0.046774
v -0.264589 0.167482 -0.026582
v -0.274653 0.158140 -0.045452
v -0.265287 0.165037 -0.060677
v -0.271673 0.155586 -0.059757
v -0.277809 0.137386 -0.059653
v -0.281847 0.139969 -0.044508
v -0.282672 0.112531 -0.061955
v -0.286259 0.115166 -0.047681
v -0.273742 0.136222 -0.068700
v -0.278712 0.112093 -0.070880
v -0.274728 0.111868 -0.078142
v -0.269046 0.110948 -0.083602
v -0.256751 0.133608 -0.081549
v -0.261263 0.108981 -0.084212
v -0.247544 0.131949 -0.081842
v -0.250674 0.106927 -0.084616
v -0.230353 0.127973 -0.082360
v -0.246318 0.150332 -0.079615
v -0.229673 0.146176 -0.080341
v -0.196436 0.141720 -0.080843
v -0.229867 0.158759 -0.077438
v -0.198096 0.153356 -0.079321
v -0.231340 0.167439 -0.067059
v -0.201362 0.163163 -0.073789
v -0.247538 0.169412 -0.062374
v -0.246781 0.162444 -0.074014
v -0.255930 0.163037 -0.071598
v -0.257439 0.169279 -0.061037
v -0.255096 0.152987 -0.078741
v -0.247981 0.176960 0.028574
v -0.239207 0.178347 0.034272
v -0.211647 0.176584 0.047041
v -0.237957 0.173452 0.050804
v -0.210347 0.170522 0.061237
v -0.171322 0.165757 0.070773
v -0.206430 0.163439 0.074290
v -0.168181 0.155168 0.079796
v -0.121463 0.145733 0.081373
v -0.165248 0.140854 0.081998
v -0.118062 0.127461 0.083509
v -0.057205 0.110964 0.085339
v -0.112043 0.107470 0.085741
v -0.055338 0.096919 0.086922
v 0.003626 0.091416 0.087570
v -0.054674 0.087397 0.088087
v 0.001947 0.083211 0.088641
v -0.053351 0.080005 0.089278
v 0.003110 0.077083 0.092426
v -0.051968 0.076049 0.095690
v 0.003053 0.074848 0.099535
v 0.055718 0.073457 0.101780
v 0.003075 0.070764 0.106173
v 0.054014 0.068242 0.107829
v 0.003044 0.063907 0.110648
v 0.052568 0.060615 0.111551
v 0.098250 0.059077 0.112856
v 0.051384 0.051377 0.113233
v 0.095797 0.048567 0.114068
v 0.131685 0.050696 0.114476
v 0.095893 0.035815 0.115197
v 0.129649 0.036211 0.115699
v 0.160143 0.044923 0.115837
v 0.160640 0.063287 0.113476
v 0.193221 0.067314 0.114950
v 0.185051 0.090419 0.110186
v 0.163806 0.020482 0.117020
v 0.205738 0.029733 0.118704
v 0.171071 0.000042 0.117086
v 0.213140 0.002473 0.118965
v 0.176882 -0.013646 0.116069
v 0.218287 -0.011652 0.117313
v 0.182264 -0.021079 0.106104
v 0.222967 -0.019956 0.107502
v 0.262064 -0.019588 0.109843
v 0.227330 -0.033915 0.096960
v 0.187824 -0.031739 0.097378
v 0.194246 -0.053018 0.088939
v 0.142504 -0.031101 0.097471
v 0.139347 -0.021655 0.105765
v 0.096398 -0.021926 0.106588
v 0.136063 -0.014064 0.115428
v 0.095261 -0.013582 0.115708
v 0.052161 -0.012657 0.115900
v 0.094407 0.000128 0.116330
v 0.052571 0.001889 0.116118
v 0.095453 0.017343 0.116120
v 0.052676 0.022420 0.115509
v 0.003926 0.031179 0.113706
v -0.045599 0.041089 0.112379
v 0.051164 0.040759 0.114255
v 0.002978 0.046198 0.112802
v -0.046764 0.051891 0.111902
v -0.102399 0.058492 0.111498
v 0.003050 0.055589 0.112020
v -0.047751 0.060673 0.111040
v -0.103316 0.067876 0.110101
v -0.156413 0.070211 0.108014
v -0.049081 0.068177 0.108122
v -0.104472 0.072445 0.104789
v -0.155681 0.073948 0.101773
v -0.105910 0.075224 0.098014
v -0.155606 0.076408 0.094182
v -0.107301 0.077421 0.091516
v -0.155967 0.081554 0.088869
v -0.108797 0.084535 0.088518
v -0.156664 0.090179 0.087744
v -0.196252 0.095023 0.087140
v -0.158248 0.102132 0.086344
v -0.197541 0.112654 0.085128
v -0.227974 0.121789 0.084076
v -0.199565 0.134401 0.082701
v -0.229968 0.143223 0.081672
v -0.251105 0.147620 0.081100
v -0.233425 0.156642 0.079220
v -0.202550 0.150215 0.080792
v -0.237127 0.167595 0.067673
v -0.250287 0.173572 0.048031
v -0.256808 0.174833 0.029269
v -0.256270 0.180853 0.018385
v -0.162654 0.122143 0.084094
v -0.110121 0.093884 0.087308
v -0.050525 0.073133 0.102594
v 0.132784 -0.000583 0.116380
v 0.130249 0.017062 0.116384
v -0.095942 -0.138562 0.098996
v -0.102067 -0.147042 0.098925
v -0.083406 -0.161686 0.098836
v -0.107186 -0.155582 0.098885
v -0.086040 -0.168078 0.098709
v -0.068447 -0.176901 0.096217
v -0.087841 -0.173079 0.093174
v -0.069637 -0.178581 0.089712
v -0.056079 -0.184261 0.088519
v -0.111967 -0.163097 0.098828
v -0.116984 -0.167408 0.090265
v -0.030609 -0.162707 0.087455
v -0.036961 -0.197157 0.065768
v -0.042313 -0.201288 0.064353
v -0.038647 -0.204511 0.045824
v -0.045401 -0.209519 0.064169
v -0.041484 -0.212580 0.045542
v -0.039326 -0.214786 0.020387
v -0.036197 -0.204973 0.021224
v -0.039135 -0.216287 -0.009584
v -0.045555 -0.234738 0.022602
v -0.045069 -0.235485 -0.012990
v -0.047763 -0.235123 -0.041115
v -0.041091 -0.214876 -0.037265
v -0.052113 -0.235096 -0.059801
v -0.044469 -0.210844 -0.059418
v -0.061457 -0.232990 -0.073703
v -0.074214 -0.299308 -0.060346
v -0.083640 -0.295551 -0.073539
v -0.097146 -0.289491 -0.082850
v -0.076030 -0.227263 -0.083526
v -0.113807 -0.282138 -0.087303
v -0.097081 -0.217922 -0.087642
v -0.141343 -0.272628 -0.088044
v -0.142635 -0.361975 -0.087351
v -0.167272 -0.354523 -0.088027
v -0.237797 -0.332574 -0.088158
v -0.204208 -0.250535 -0.088201
v -0.304973 -0.307699 -0.087847
v -0.267305 -0.227818 -0.088010
v -0.326163 -0.295807 -0.087041
v -0.292444 -0.222682 -0.087400
v -0.337664 -0.288330 -0.084728
v -0.342444 -0.362962 -0.087108
v -0.352738 -0.353736 -0.084625
v -0.362332 -0.347427 -0.081092
v -0.362099 -0.391021 -0.086495
v -0.370736 -0.386199 -0.083043
v -0.376859 -0.384073 -0.075243
v -0.369601 -0.343135 -0.072944
v -0.381497 -0.383719 -0.065172
v -0.374527 -0.341009 -0.062297
v -0.386317 -0.384107 -0.050609
v -0.379125 -0.342452 -0.047845
v -0.390201 -0.385151 -0.017868
v -0.382597 -0.346472 -0.017220
v -0.389496 -0.385195 0.032914
v -0.381859 -0.345741 0.032584
v -0.368072 -0.272455 0.031959
v -0.377811 -0.342196 0.054522
v -0.365258 -0.274542 0.054079
v -0.329375 -0.209991 0.051683
v -0.360886 -0.277134 0.066573
v -0.327176 -0.213158 0.064061
v -0.295981 -0.159909 0.060171
v -0.296673 -0.156583 0.049144
v -0.284362 -0.136109 0.045518
v -0.323477 -0.215390 0.074000
v -0.293662 -0.162139 0.069831
v -0.316899 -0.217681 0.081788
v -0.288712 -0.164391 0.079251
v -0.306587 -0.221034 0.086007
v -0.278645 -0.167370 0.085682
v -0.294131 -0.224207 0.088406
v -0.265702 -0.169268 0.088852
v -0.255448 -0.145272 0.089098
v -0.241587 -0.173740 0.089549
v -0.225957 -0.152769 0.090495
v -0.218123 -0.141745 0.098823
v -0.251842 -0.128573 0.096126
v -0.171694 -0.168128 0.089938
v -0.182727 -0.187032 0.089688
v -0.271746 -0.228036 0.089145
v -0.209764 -0.249165 0.089368
v -0.140456 -0.271604 0.089152
v -0.125338 -0.202341 0.089402
v -0.113456 -0.281608 0.088391
v -0.094347 -0.217022 0.088652
v -0.097284 -0.288550 0.084358
v -0.074821 -0.226178 0.084470
v -0.084679 -0.294390 0.075774
v -0.061968 -0.231411 0.075768
v -0.075160 -0.298707 0.063998
v -0.052713 -0.234050 0.063743
v -0.070564 -0.300184 0.048158
v -0.048452 -0.234235 0.047245
v -0.067341 -0.300813 0.025357
v -0.098643 -0.375436 0.048815
v -0.095445 -0.377617 0.024518
v -0.094720 -0.377387 -0.016260
v -0.066452 -0.300267 -0.017123
v -0.097568 -0.375468 -0.043771
v -0.070014 -0.300946 -0.043416
v -0.103009 -0.373801 -0.062054
v -0.108737 -0.406377 -0.042667
v -0.117156 -0.410573 -0.063291
v -0.127705 -0.413500 -0.075437
v -0.113491 -0.370440 -0.074748
v -0.139289 -0.415253 -0.083032
v -0.127058 -0.366672 -0.083491
v -0.153992 -0.415249 -0.086620
v -0.139070 -0.430252 -0.086059
v -0.157165 -0.430794 -0.086268
v -0.193217 -0.425517 -0.085670
v -0.182494 -0.410593 -0.087893
v -0.256118 -0.415696 -0.085219
v -0.253678 -0.396175 -0.088093
v -0.318102 -0.405043 -0.086150
v -0.319865 -0.378214 -0.087874
v -0.349284 -0.396892 -0.086386
v -0.317438 -0.416437 -0.087210
v -0.351679 -0.410276 -0.087221
v -0.365847 -0.405957 -0.087187
v -0.352639 -0.419498 -0.086690
v -0.367761 -0.415082 -0.086793
v -0.379010 -0.411493 -0.083060
v -0.376146 -0.402379 -0.084368
v -0.383766 -0.410219 -0.076004
v -0.382422 -0.400531 -0.077071
v -0.387794 -0.410039 -0.067625
v -0.387094 -0.399593 -0.067596
v -0.392438 -0.410433 -0.052775
v -0.391844 -0.398930 -0.052523
v -0.395802 -0.410821 -0.018477
v -0.395366 -0.398793 -0.018688
v -0.394823 -0.412379 0.033222
v -0.394881 -0.400043 0.033697
v -0.389959 -0.414666 0.060859
v -0.390478 -0.402460 0.060814
v -0.385490 -0.385895 0.058328
v -0.385620 -0.404254 0.073186
v -0.380731 -0.385575 0.070663
v -0.373216 -0.342467 0.066974
v -0.376109 -0.386167 0.079659
v -0.368300 -0.344963 0.076530
v -0.355670 -0.280299 0.076186
v -0.360836 -0.349085 0.083009
v -0.347427 -0.284512 0.082964
v -0.351860 -0.354984 0.085954
v -0.337561 -0.290053 0.085955
v -0.341752 -0.363450 0.088253
v -0.326402 -0.296995 0.088198
v -0.320113 -0.376660 0.089054
v -0.307145 -0.308602 0.088976
v -0.256201 -0.394207 0.089263
v -0.241613 -0.332709 0.089325
v -0.182940 -0.409617 0.089048
v -0.168116 -0.354661 0.089146
v -0.154280 -0.414497 0.087776
v -0.142901 -0.361997 0.088451
v -0.138859 -0.415430 0.083758
v -0.127242 -0.366700 0.084616
v -0.128325 -0.414046 0.076829
v -0.114227 -0.370189 0.076417
v -0.118439 -0.411332 0.066388
v -0.103708 -0.373221 0.065220
v -0.110451 -0.407564 0.048828
v -0.117998 -0.423640 0.070269
v -0.111123 -0.418968 0.050178
v -0.107878 -0.414052 0.021331
v -0.104561 -0.403245 0.022075
v -0.107231 -0.414006 -0.012489
v -0.103898 -0.403042 -0.013578
v -0.110793 -0.417262 -0.042924
v -0.102368 -0.424234 -0.012877
v -0.104063 -0.426995 -0.046040
v -0.113662 -0.433497 -0.069586
v -0.116497 -0.423482 -0.066584
v -0.124976 -0.437555 -0.082990
v -0.125310 -0.426904 -0.081014
v -0.140088 -0.440161 -0.086469
v -0.126471 -0.447486 -0.081291
v -0.141670 -0.448779 -0.085275
v -0.161999 -0.447569 -0.085320
v -0.159710 -0.440100 -0.086554
v -0.201102 -0.442416 -0.085465
v -0.197818 -0.434119 -0.086537
v -0.259592 -0.433925 -0.085949
v -0.257585 -0.425004 -0.086752
v -0.317222 -0.425707 -0.086319
v -0.261130 -0.441592 -0.082529
v -0.318177 -0.433379 -0.083466
v -0.353087 -0.426963 -0.084279
v -0.319270 -0.439621 -0.078174
v -0.354315 -0.433307 -0.080080
v -0.321031 -0.443230 -0.070568
v -0.355350 -0.437748 -0.073379
v -0.323431 -0.444326 -0.061315
v -0.356543 -0.439605 -0.064678
v -0.371883 -0.435765 -0.065994
v -0.357873 -0.440819 -0.051440
v -0.372467 -0.437485 -0.051941
v -0.382861 -0.430531 -0.052024
v -0.381453 -0.427824 -0.066589
v -0.389539 -0.420830 -0.052327
v -0.386357 -0.418442 -0.067103
v -0.384336 -0.431850 -0.018432
v -0.391969 -0.422147 -0.018296
v -0.382915 -0.432669 0.032685
v -0.390639 -0.423544 0.032770
v -0.379361 -0.432651 0.058327
v -0.385998 -0.424736 0.059659
v -0.377102 -0.432496 0.067897
v -0.382609 -0.425220 0.070179
v -0.385420 -0.416013 0.072375
v -0.381078 -0.417143 0.080009
v -0.380549 -0.405615 0.081559
v -0.374468 -0.418273 0.085708
v -0.373455 -0.407164 0.087164
v -0.369467 -0.388706 0.086269
v -0.363851 -0.409168 0.088378
v -0.360790 -0.393058 0.087620
v -0.349751 -0.411873 0.088312
v -0.347982 -0.398223 0.086794
v -0.317506 -0.415994 0.087678
v -0.318457 -0.404912 0.086272
v -0.259681 -0.423859 0.087521
v -0.258379 -0.414446 0.085894
v -0.197427 -0.432829 0.087739
v -0.193135 -0.424627 0.086658
v -0.159177 -0.438695 0.088071
v -0.157040 -0.429994 0.087684
v -0.140289 -0.439016 0.088140
v -0.139185 -0.429775 0.087136
v -0.126459 -0.436822 0.084591
v -0.126393 -0.426623 0.082237
v -0.116048 -0.433534 0.074141
v -0.128200 -0.446144 0.084373
v -0.117638 -0.443282 0.075117
v -0.104451 -0.439746 0.057563
v -0.105767 -0.428304 0.053989
v -0.096593 -0.436021 0.024574
v -0.102351 -0.424695 0.022725
v -0.096397 -0.435913 -0.013391
v -0.098018 -0.448238 0.025394
v -0.097744 -0.448273 -0.013485
v -0.105074 -0.450837 -0.049481
v -0.100821 -0.439438 -0.048893
v -0.119206 -0.453015 -0.068889
v -0.114965 -0.443699 -0.070511
v -0.130047 -0.455389 -0.078028
v -0.143818 -0.456337 -0.082580
v -0.164347 -0.460616 -0.076591
v -0.163818 -0.454781 -0.082268
v -0.204224 -0.455622 -0.076261
v -0.203267 -0.449655 -0.082047
v -0.262475 -0.447709 -0.076912
v -0.203730 -0.458420 -0.068334
v -0.263496 -0.450698 -0.068839
v -0.201689 -0.459845 -0.059001
v -0.264625 -0.451879 -0.059505
v -0.197190 -0.461513 -0.047261
v -0.265785 -0.452798 -0.048454
v -0.328183 -0.444910 -0.049992
v -0.267260 -0.453894 -0.019606
v -0.334426 -0.445520 -0.020049
v -0.359146 -0.442212 -0.020054
v -0.333127 -0.445431 0.031875
v -0.357828 -0.442114 0.033123
v -0.371915 -0.439100 0.032936
v -0.373539 -0.438839 -0.019027
v -0.355767 -0.440883 0.055433
v -0.369481 -0.438021 0.057101
v -0.354640 -0.440002 0.065305
v -0.368152 -0.437223 0.066808
v -0.353413 -0.438906 0.072787
v -0.320794 -0.443269 0.071586
v -0.319139 -0.439606 0.078929
v -0.352160 -0.435439 0.079408
v -0.322962 -0.444348 0.063056
v -0.265292 -0.451622 0.062066
v -0.264444 -0.450430 0.071027
v -0.326669 -0.444954 0.052944
v -0.265805 -0.452594 0.051809
v -0.198577 -0.461026 0.051721
v -0.201591 -0.459568 0.062560
v -0.267423 -0.453672 0.029407
v -0.191590 -0.463266 0.028817
v -0.151885 -0.467988 0.029554
v -0.156866 -0.466064 0.052810
v -0.190993 -0.463563 -0.018995
v -0.151125 -0.468353 -0.018549
v -0.131097 -0.469061 -0.016903
v -0.132121 -0.468834 0.028853
v -0.157031 -0.466466 -0.046102
v -0.139355 -0.468126 -0.045742
v -0.124850 -0.465833 -0.047086
v -0.116183 -0.464563 -0.015671
v -0.160882 -0.464891 -0.058765
v -0.163332 -0.463513 -0.068290
v -0.117050 -0.464593 0.027901
v -0.113582 -0.459489 -0.048860
v -0.105096 -0.457699 -0.013860
v -0.105588 -0.457706 0.026116
v -0.116703 -0.458114 0.057851
v -0.126307 -0.464489 0.056179
v -0.109096 -0.450219 0.058513
v -0.121623 -0.451987 0.073527
v -0.131040 -0.453825 0.081988
v -0.143294 -0.453995 0.085128
v -0.141693 -0.447114 0.087437
v -0.160998 -0.445932 0.087344
v -0.162253 -0.452697 0.084615
v -0.202317 -0.448236 0.084146
v -0.203310 -0.454494 0.079071
v -0.162826 -0.458755 0.079939
v -0.200424 -0.440951 0.087184
v -0.261074 -0.432830 0.086960
v -0.262412 -0.440619 0.083970
v -0.318145 -0.433252 0.084170
v -0.263520 -0.446756 0.078523
v -0.317241 -0.425327 0.087024
v -0.350750 -0.421007 0.087254
v -0.351180 -0.429096 0.084344
v -0.364889 -0.419401 0.087037
v -0.203061 -0.458104 0.071530
v -0.162103 -0.462878 0.072941
v -0.159963 -0.464521 0.064190
v -0.139354 -0.467459 0.054399
v 0.233902 -0.074921 0.037464
v 0.227522 -0.075995 0.014930
v 0.239082 -0.077555 0.013384
v 0.243727 -0.076949 0.033801
v 0.247200 -0.083035 0.012456
v 0.250990 -0.084279 0.031229
v 0.255174 -0.096173 0.027439
v 0.261312 -0.100874 0.036382
v 0.251758 -0.092628 0.011339
v 0.255978 -0.110406 0.007852
v 0.257637 -0.115094 0.019678
v 0.247226 -0.082675 -0.010130
v 0.251454 -0.091965 -0.009052
v 0.255457 -0.108989 -0.007070
v 0.256536 -0.135777 -0.007201
v 0.256302 -0.137271 0.003437
v 0.253726 -0.093652 -0.023671
v 0.257031 -0.111260 -0.018903
v 0.257517 -0.135600 -0.017103
v 0.253363 -0.157842 -0.019928
v 0.251833 -0.158671 -0.009948
v 0.261008 -0.113995 -0.026983
v 0.261360 -0.135907 -0.025559
v 0.259617 -0.158565 -0.027552
v 0.270321 -0.137263 -0.028843
v 0.269803 -0.160475 -0.029120
v 0.265904 -0.184628 -0.029114
v 0.279989 -0.162250 -0.028104
v 0.275611 -0.188017 -0.026213
v 0.288334 -0.163311 -0.021971
v 0.281802 -0.189627 -0.018125
v 0.291834 -0.162700 -0.012070
v 0.283684 -0.189000 -0.007715
v 0.292703 -0.161103 -0.001195
v 0.284208 -0.187675 0.003286
v 0.292973 -0.159338 0.010577
v 0.284331 -0.185887 0.014695
v 0.280623 -0.182083 0.025441
v 0.298856 -0.135248 -0.007484
v 0.296806 -0.137864 -0.018329
v 0.298453 -0.119005 -0.027606
v 0.290260 -0.139020 -0.026318
v 0.288736 -0.119318 -0.032005
v 0.287763 -0.104557 -0.040504
v 0.278369 -0.118178 -0.032866
v 0.275468 -0.102854 -0.041273
v 0.268417 -0.116497 -0.031834
v 0.264320 -0.100527 -0.038713
v 0.257720 -0.096821 -0.032711
v 0.254053 -0.085631 -0.036462
v 0.249766 -0.083619 -0.026346
v 0.243338 -0.077170 -0.028463
v 0.248987 -0.078008 -0.039352
v 0.240925 -0.074117 -0.044088
v 0.233239 -0.075159 -0.032310
v 0.216170 -0.071104 -0.061051
v 0.239278 -0.077337 -0.011416
v 0.228286 -0.076044 -0.013879
v 0.153998 -0.048042 -0.090933
v 0.213772 -0.058535 -0.083517
v 0.153288 -0.029339 -0.096777
v 0.210912 -0.033791 -0.095807
v 0.152461 -0.020493 -0.107383
v 0.214324 -0.019340 -0.108069
v 0.268729 -0.019707 -0.108994
v 0.220260 -0.005664 -0.117640
v 0.286509 -0.001807 -0.120201
v 0.355274 0.008074 -0.120832
v 0.329181 -0.015797 -0.114481
v 0.416116 0.028450 -0.122398
v 0.398358 -0.008820 -0.119111
v 0.448724 0.002414 -0.131255
v 0.381370 0.066166 -0.119634
v 0.423896 0.087967 -0.118737
v 0.391887 0.122891 -0.106916
v 0.324604 0.110939 -0.110556
v 0.323904 0.133077 -0.103872
v 0.395483 0.141405 -0.100967
v 0.308625 0.046086 -0.120955
v 0.225664 0.028705 -0.118625
v 0.220149 0.079082 -0.113791
v 0.138870 0.033441 -0.115022
v 0.141515 0.055128 -0.113113
v 0.213134 0.101311 -0.108858
v 0.141542 0.009307 -0.115572
v 0.080292 -0.000260 -0.115292
v 0.074740 0.015890 -0.115037
v 0.150602 -0.009088 -0.115303
v 0.084929 -0.013771 -0.114685
v 0.027157 -0.018508 -0.112579
v 0.088064 -0.021870 -0.106138
v 0.033644 -0.023877 -0.103988
v -0.007273 -0.041472 -0.101920
v -0.011901 -0.037024 -0.108263
v 0.091164 -0.028837 -0.097179
v 0.035089 -0.031596 -0.096287
v -0.001295 -0.048431 -0.096916
v 0.039382 -0.044086 -0.092959
v -0.035377 -0.088136 -0.109520
v -0.044485 -0.082465 -0.111717
v -0.063465 -0.126317 -0.111779
v -0.077051 -0.112699 -0.111862
v -0.087840 -0.123409 -0.107942
v -0.100899 -0.098028 -0.111835
v 0.092177 -0.042927 -0.093436
v 0.076913 0.035940 -0.113989
v 0.070830 0.051289 -0.112551
v 0.137250 0.064959 -0.111027
v 0.128961 0.070360 -0.107924
v 0.397869 0.151354 -0.094650
v 0.393684 0.158261 -0.084411
v 0.423109 0.163137 -0.077957
v 0.404835 0.164900 -0.072861
v 0.420391 0.168495 -0.067326
v 0.406365 0.171411 -0.057784
v 0.418328 0.174030 -0.052543
v 0.408523 0.177062 -0.037381
v 0.420507 0.178975 -0.032125
v 0.431223 0.181680 -0.027908
v 0.426541 0.181602 -0.007154
v 0.438622 0.184069 -0.005545
v 0.439553 0.184832 0.013201
v 0.436633 0.195520 0.030052
v 0.375078 0.167900 -0.067197
v 0.361455 0.160402 -0.081459
v 0.276816 0.156860 -0.087247
v 0.200939 0.145878 -0.089169
v 0.280196 -0.138421 -0.029105
v 0.005384 -0.189719 -0.000416
v -0.002142 -0.177815 -0.004313
v -0.005939 -0.166525 -0.007553
v -0.338394 0.006912 -0.055227
v -0.297329 -0.015729 0.015077
v -0.317863 -0.003101 0.026372
v -0.316963 -0.003134 0.033363
v 0.497492 0.290828 0.027386
v 0.036251 -0.146997 -0.006176
v 0.046771 -0.133624 -0.021512
v 0.088098 -0.085227 -0.021309
v 0.089398 -0.097572 0.022483
v 0.023325 -0.144761 -0.012474
v 0.014629 -0.148269 0.013222
v 0.022662 -0.148584 0.012597
v 0.024226 -0.130978 0.022002
v 0.048639 -0.104403 0.022618
v 0.051085 -0.099578 0.022792
v 0.049829 -0.087475 0.023020
v 0.092403 -0.091569 0.022455
v 0.093415 -0.076224 0.022445
v 0.462797 0.081833 -0.058582
v 0.467986 0.077413 -0.064663
v 0.025184 -0.148882 -0.015962
v -0.140281 -0.169800 0.088360
v 0.469711 0.297957 0.000243
v 0.486228 0.291134 0.003909
v 0.492908 0.292760 -0.020572
v 0.484094 0.288010 -0.006028
v 0.485601 0.294236 0.006370
v 0.489933 0.288239 0.004330
v 0.481926 0.297054 0.000376
v 0.488462 0.297311 0.011972
v 0.487062 0.287153 0.000367
v 0.487873 0.291244 0.005472
v 0.484749 0.291122 -0.000070
v 0.485530 0.297569 -0.011953
v 0.482187 0.293293 -0.008435
v 0.485125 0.296586 0.008244
v 0.491345 0.291377 0.009352
v 0.492822 0.286601 0.009379
v 0.488173 0.294345 0.008793
v 0.483307 0.294154 0.000161
v 0.480223 0.296128 -0.004814
v 0.490661 0.297046 0.013518
v 0.490826 0.316800 0.029363
v 0.476983 0.298647 0.010161
v 0.489205 0.289462 0.004891
v 0.487562 0.284757 -0.001745
v 0.484265 0.289269 -0.003872
v 0.482265 0.292706 -0.004589
v 0.489950 0.293008 0.009045
v 0.493870 0.283957 -0.013844
v 0.495386 0.298261 -0.027760
v 0.491800 0.301764 -0.020047
v 0.485172 0.308244 -0.018625
v 0.481302 0.298093 -0.010361
v 0.484865 0.297870 0.009270
v 0.492199 0.293542 0.012601
v 0.493605 0.278692 0.013904
v 0.495471 0.287651 0.017040
v 0.488337 0.296040 0.010609
v 0.482519 0.295812 0.000288
v 0.481171 0.294586 -0.004981
v 0.490357 0.294946 0.011315
v 0.492888 0.310883 0.025623
v 0.462052 0.285524 -0.001036
v 0.468456 0.297677 -0.005045
v 0.475472 0.296841 0.000105
v 0.486626 0.289234 0.002215
v 0.485168 0.292746 0.003246
v 0.483019 0.297980 0.005181
v 0.486767 0.298636 0.011644
v 0.486713 0.292806 0.005986
v 0.486589 0.295683 0.008713
v 0.484217 0.295421 0.004311
v 0.490540 0.306313 0.020372
v 0.478964 0.297308 0.002765
v 0.486571 0.296997 0.009992
v 0.483697 0.296884 0.004894
v 0.495659 0.307854 0.030130
v 0.493295 0.317804 0.031361
v 0.455360 0.271288 -0.003528
v 0.466803 0.291209 0.004231
v 0.486400 0.290321 0.003173
v 0.485388 0.293586 0.004971
v 0.484690 0.296078 0.006466
v 0.484308 0.297441 0.007283
v 0.469122 0.297887 -0.002272
v 0.473811 0.297197 0.005016
v 0.483659 0.298457 0.007835
v 0.485553 0.298710 0.010781
v 0.486100 0.293890 0.006513
v 0.485834 0.296234 0.008589
v 0.490438 0.311291 0.023994
v 0.478333 0.297761 0.006408
v 0.485694 0.297472 0.009685
v 0.487307 0.325627 0.033846
v 0.481158 0.298645 0.010182
v 0.479004 0.314375 0.022676
v 0.487278 0.286125 -0.000552
v 0.484543 0.290314 -0.001715
v 0.482856 0.293523 -0.001900
v 0.481212 0.296718 -0.001679
v 0.489355 0.297292 0.012674
v 0.487273 0.310360 0.021004
v 0.488448 0.290467 0.005213
v 0.488943 0.293762 0.008900
v 0.481933 0.295279 -0.002001
v 0.489215 0.295565 0.010916
v 0.488373 0.302121 0.015544
v 0.481109 0.297762 0.004133
v 0.481134 0.298204 0.007158
v 0.487662 0.304219 0.016542
v 0.484275 0.335471 0.049482
v 0.476987 0.330913 0.040313
v 0.480750 0.296444 -0.003130
v 0.489962 0.297187 0.013074
v 0.489008 0.312881 0.024116
v 0.488873 0.290419 0.005542
v 0.489410 0.293411 0.008966
v 0.489745 0.295278 0.011101
v 0.480047 0.297519 0.003333
v 0.479719 0.298003 0.006939
v 0.490384 0.328694 0.039221
v 0.478928 0.299843 0.011079
v 0.475833 0.311089 0.020649
v 0.487409 0.285494 -0.001106
v 0.484415 0.289828 -0.002714
v 0.482582 0.293144 -0.003147
v 0.481579 0.294957 -0.003384
v 0.489326 0.303894 0.017614
v 0.488951 0.307504 0.020004
v 0.473544 0.296950 -0.009365
v 0.458989 0.284272 -0.010250
v 0.470557 0.297830 0.004871
v 0.472135 0.297348 -0.002402
v 0.464791 0.290950 -0.002849
v 0.471304 0.297580 0.001131
v 0.467964 0.294543 0.001340
v 0.472227 0.309810 -0.018686
v 0.461891 0.290961 -0.011090
v 0.452762 0.285408 -0.015757
v 0.470038 0.297760 0.001802
v 0.470188 0.297843 -0.004016
v 0.466786 0.294881 -0.004117
v 0.470164 0.297865 -0.000873
v 0.468555 0.296421 -0.000753
v 0.470236 0.297800 -0.010329
v 0.497106 0.310435 0.044959
v 0.454646 0.255082 0.000362
v 0.468787 0.297846 -0.003706
v 0.474456 0.296774 0.002791
v 0.483335 0.298216 0.006493
v 0.486023 0.298526 0.011016
v 0.486391 0.293527 0.006411
v 0.486222 0.295815 0.008519
v 0.490490 0.308776 0.022165
v 0.478649 0.297534 0.004587
v 0.486117 0.297242 0.009833
v 0.494164 0.302646 0.023648
v 0.493272 0.314669 0.028816
v 0.453988 0.271168 -0.006232
v 0.464189 0.288012 0.001479
v 0.486514 0.289771 0.002689
v 0.485277 0.293161 0.004099
v 0.484451 0.295746 0.005377
v 0.483999 0.297159 0.006075
v 0.481121 0.297983 0.005646
v 0.487971 0.302997 0.015878
v 0.479885 0.297759 0.005116
v 0.489140 0.305679 0.018795
v 0.466360 0.292728 -0.000778
v 0.471781 0.297449 -0.000448
v 0.467630 0.295586 -0.002495
v 0.470176 0.297854 -0.002391
v 0.496688 0.320660 0.040758
v 0.467781 0.297636 -0.007967
v 0.465761 0.284447 0.006976
v 0.477013 0.296253 -0.004614
v 0.482380 0.297499 0.002508
v 0.487724 0.297963 0.011895
v 0.487319 0.291993 0.005719
v 0.487431 0.294905 0.008690
v 0.490640 0.301292 0.016715
v 0.479632 0.296828 -0.001085
v 0.487492 0.296498 0.010314
v 0.492607 0.303595 0.020054
v 0.456913 0.278888 -0.006057
v 0.486854 0.288144 0.001252
v 0.484948 0.291899 0.001514
v 0.483742 0.294761 0.002145
v 0.483082 0.296325 0.002491
v 0.494917 0.313011 0.031399
v 0.461071 0.281188 0.000598
v 0.488863 0.299218 0.013760
v 0.481083 0.297295 0.000937
v 0.480357 0.297062 -0.000074
v 0.489702 0.300263 0.015210
v 0.461591 0.287324 -0.007065
v 0.472861 0.297141 -0.006380
v 0.464903 0.293195 -0.007643
v 0.470213 0.297820 -0.007320
v 0.458381 0.279037 -0.002889
v 0.493843 0.308136 0.025575
v 0.495909 0.323463 0.041527
v 0.496583 0.308839 0.047220
v 0.498371 0.318865 0.051660
v 0.463153 0.289898 0.011100
v 0.453210 0.256580 0.006675
v 0.492851 0.307924 0.023431
v 0.459776 0.282523 -0.003127
v 0.468632 0.297823 -0.004365
v 0.474892 0.296656 0.001617
v 0.486729 0.288744 0.001778
v 0.485070 0.292361 0.002463
v 0.483423 0.298323 0.006103
v 0.486514 0.298805 0.011572
v 0.486535 0.293346 0.006361
v 0.486401 0.295821 0.008682
v 0.484002 0.295121 0.003330
v 0.490512 0.307620 0.021322
v 0.478807 0.297421 0.003676
v 0.486329 0.297128 0.009907
v 0.483418 0.296631 0.003804
v 0.464155 0.286363 0.002930
v 0.481115 0.297872 0.004889
v 0.488068 0.302317 0.015443
v 0.479961 0.297647 0.004282
v 0.489227 0.304844 0.018243
v 0.465800 0.292267 -0.001923
v 0.472468 0.297253 -0.004210
v 0.467208 0.295204 -0.003284
v 0.470200 0.297832 -0.005515
v 0.452370 0.247145 -0.000550
v 0.493400 0.300187 0.020453
v 0.493141 0.312834 0.027311
v 0.452810 0.270486 -0.008081
v 0.463000 0.286563 0.000224
v 0.486813 0.288256 0.001589
v 0.485118 0.293290 0.003846
v 0.484342 0.295594 0.004879
v 0.483858 0.297031 0.005523
v 0.471948 0.297401 -0.001362
v 0.470208 0.297790 -0.003092
v 0.461489 0.283722 -0.000210
v 0.468149 0.297751 -0.006417
v 0.468801 0.290965 0.008404
v 0.476126 0.296514 -0.001967
v 0.482734 0.297761 0.003966
v 0.487198 0.298318 0.011746
v 0.486987 0.292436 0.005863
v 0.486988 0.295238 0.008626
v 0.490582 0.304020 0.018700
v 0.479298 0.297068 0.000839
v 0.486989 0.296771 0.010138
v 0.494428 0.316901 0.032537
v 0.488556 0.300710 0.014639
v 0.481208 0.297557 0.002641
v 0.480211 0.297302 0.001701
v 0.489497 0.302246 0.016524
v 0.463332 0.289295 -0.004766
v 0.465896 0.294013 -0.005744
v 0.493770 0.312380 0.028017
v 0.493351 0.305906 0.022907
v 0.457214 0.278271 -0.004503
v 0.493469 0.310312 0.025950
v 0.460271 0.282515 -0.001647
v 0.497336 0.312989 0.055495
v 0.456337 0.261052 0.002078
v 0.449211 0.240944 0.003323
v 0.494877 0.304948 0.026614
v 0.493105 0.315226 0.029212
v 0.455099 0.271849 -0.004503
v 0.465298 0.289360 0.002656
v 0.486703 0.288798 0.002026
v 0.485324 0.293344 0.004471
v 0.484518 0.296038 0.005950
v 0.484132 0.297280 0.006594
v 0.471623 0.297494 0.000411
v 0.470170 0.297859 -0.001632
v 0.497817 0.312893 0.044892
v 0.468946 0.297790 -0.002976
v 0.474020 0.296892 0.003964
v 0.483470 0.298320 0.007070
v 0.485788 0.298618 0.010898
v 0.486245 0.293708 0.006462
v 0.486023 0.296097 0.008620
v 0.490470 0.309865 0.022958
v 0.478491 0.297648 0.005498
v 0.485919 0.297350 0.009764
v 0.481127 0.298093 0.006402
v 0.487965 0.303882 0.016531
v 0.479809 0.297871 0.005950
v 0.489059 0.306462 0.019313
v 0.467202 0.293834 -0.000025
v 0.468044 0.296008 -0.001761
v 0.459474 0.279752 -0.001374
v 0.494307 0.310228 0.028080
v 0.462708 0.284929 0.001225
v 0.494052 0.314318 0.029954
v 0.452758 0.250519 0.003028
v 0.497689 0.313329 0.051010
v 0.496889 0.311448 0.061973
v 0.457549 0.265611 0.003087
v 0.448630 0.225366 -0.001249
v 0.448416 0.240309 0.005448
v 0.495311 0.306334 0.028441
v 0.493468 0.317422 0.031072
v 0.455755 0.272192 -0.003459
v 0.465971 0.290185 0.003363
v 0.486675 0.288934 0.002135
v 0.485262 0.293763 0.004871
v 0.484574 0.296113 0.006202
v 0.484211 0.297353 0.006904
v 0.471530 0.297521 0.000924
v 0.470167 0.297862 -0.001252
v 0.494583 0.311481 0.029577
v 0.494221 0.315480 0.031117
v 0.498303 0.315991 0.052291
v 0.497962 0.316116 0.059453
v 0.498251 0.314389 0.044312
v 0.469019 0.297881 -0.002718
v 0.473802 0.296952 0.004551
v 0.483505 0.298334 0.007383
v 0.485671 0.298664 0.010839
v 0.486205 0.293486 0.006208
v 0.485929 0.296166 0.008605
v 0.490456 0.310511 0.023428
v 0.478006 0.297638 0.005829
v 0.485800 0.297415 0.009722
v 0.481300 0.298176 0.006831
v 0.487758 0.303831 0.016330
v 0.479771 0.297927 0.006366
v 0.489010 0.306931 0.019624
v 0.467553 0.294225 0.000449
v 0.468254 0.296195 -0.001369
v 0.460131 0.280186 -0.000468
v 0.463317 0.285533 0.001943
v 0.453018 0.254001 0.005123
v 0.494270 0.301687 0.032571
v 0.496981 0.311717 0.036134
v 0.493795 0.322011 0.034835
v 0.450749 0.254236 -0.006299
v 0.458148 0.272504 0.000625
v 0.468880 0.294223 0.006831
v 0.486305 0.290770 0.003575
v 0.485478 0.293940 0.005689
v 0.484887 0.296354 0.007367
v 0.484564 0.297674 0.008285
v 0.469407 0.297939 -0.001070
v 0.472712 0.297247 0.007485
v 0.483707 0.298533 0.008864
v 0.485417 0.299588 0.011292
v 0.485810 0.294253 0.006614
v 0.485478 0.296377 0.008414
v 0.490400 0.313401 0.025533
v 0.477550 0.297923 0.008165
v 0.485270 0.297702 0.009537
v 0.487350 0.305382 0.017175
v 0.481146 0.298425 0.008670
v 0.479582 0.298206 0.008450
v 0.488794 0.309017 0.021005
v 0.471112 0.297640 0.003211
v 0.469297 0.296038 0.003083
v 0.470152 0.297875 0.000646
v 0.469302 0.297134 0.000595
v 0.495679 0.306176 0.034299
v 0.453988 0.262421 -0.003145
v 0.495814 0.317057 0.036246
v 0.463048 0.282101 0.003569
v 0.452221 0.257957 -0.004865
v 0.494910 0.303727 0.033356
v 0.494973 0.320648 0.036284
v 0.466364 0.288551 0.005532
v 0.496399 0.308471 0.035183
v 0.455645 0.266606 -0.001532
v 0.496832 0.309848 0.035713
v 0.456638 0.269118 -0.000564
vn -0.6765 -0.3168 -0.6649
vn -0.8027 0.5962 -0.0110
vn 0.2401 -0.7871 0.5682
vn -0.3332 0.8777 0.3444
vn -0.8536 0.3627 0.3740
vn -0.5636 0.1490 0.8125
vn -0.7508 0.1339 0.6468
vn -0.9932 0.0656 0.0962
vn -0.7051 0.6854 0.1818
vn -0.6858 0.6905 0.2300
vn -0.8536 -0.2627 -0.4498
vn -0.6299 -0.7261 -0.2758
vn -0.1481 0.9862 -0.0738
vn 0.6176 0.5171 0.5926
vn -0.3848 0.9202 0.0717
vn -0.7182 -0.4975 0.4865
vn -0.8670 -0.4608 0.1894
vn -0.9360 -0.2014 0.2886
vn -0.6982 -0.2108 0.6842
vn -0.6260 -0.7375 0.2535
vn -0.8791 -0.4750 0.0395
vn -0.9257 -0.3422 0.1610
vn -0.0935 -0.0652 0.9935
vn -0.0621 -0.5119 0.8568
vn -0.0487 -0.8883 0.4566
vn -0.8876 0.4274 0.1717
vn -0.5768 0.6367 0.5118
vn -0.7565 0.5865 0.2894
vn -0.9641 0.1919 0.1836
vn -0.8275 0.5406 -0.1513
vn -0.6425 0.7646 -0.0513
vn -0.8796 -0.4425 0.1744
vn -0.9938 -0.0581 0.0953
vn -0.9243 0.2717 -0.2682
vn -0.8737 0.4214 -0.2431
vn -0.9522 -0.2659 -0.1502
vn -0.6863 -0.5756 -0.4447
vn -0.6742 -0.2639 -0.6898
vn -0.9617 -0.1751 -0.2108
vn -0.9143 -0.3969 -0.0807
vn -0.6305 -0.7629 -0.1430
vn -0.9398 -0.2879 -0.1839
vn -0.3932 -0.4040 0.8259
vn -0.5127 -0.2695 0.8152
vn -0.4897 -0.1047 0.8656
vn -0.1345 -0.1690 0.9764
vn -0.6324 -0.3005 0.7140
vn -0.7970 -0.2304 0.5584
vn -0.3105 -0.5676 0.7625
vn -0.4305 -0.2632 0.8634
vn -0.8788 0.0739 0.4715
vn -0.9623 -0.1682 0.2137
vn -0.9608 -0.1830 0.2081
vn -0.9675 -0.2150 0.1327
vn -0.9638 -0.2353 0.1253
vn -0.7251 0.5280 0.4421
vn -0.2109 0.7149 0.6667
vn -0.2708 0.3728 0.8875
vn 0.6181 0.1844 0.7642
vn 0.0866 0.0706 0.9937
vn 0.0922 0.5486 0.8310
vn 0.3720 0.6388 0.6734
vn 0.6212 -0.2555 0.7408
vn 0.1025 -0.3979 0.9117
vn 0.9446 -0.0010 0.3281
vn 0.9580 -0.1010 0.2684
vn 0.9734 0.1969 0.1174
vn 0.9892 0.0943 0.1119
vn 0.9215 0.3033 0.2425
vn -0.9357 -0.1389 0.3243
vn -0.9510 -0.1229 0.2836
vn -0.9537 -0.1524 0.2595
vn -0.9272 -0.1799 0.3286
vn -0.9154 -0.1201 0.3841
vn -0.9386 -0.1071 0.3280
vn -0.7589 0.0908 -0.6448
vn -0.0063 0.1425 -0.9898
vn -0.0929 0.5555 -0.8263
vn -0.8226 0.3330 -0.4609
vn -0.9658 -0.1702 -0.1958
vn -0.9283 -0.3652 -0.0691
vn -0.9743 -0.2067 -0.0900
vn -0.9414 -0.2834 -0.1831
vn -0.0022 0.0018 1.0000
vn -0.0095 -0.0036 0.9999
vn -0.0033 -0.0075 1.0000
vn -0.0001 -0.0002 1.0000
vn 0.0007 0.0121 0.9999
vn -0.0025 0.0144 0.9999
vn -0.0152 0.0119 0.9998
vn -0.0117 -0.3186 0.9478
vn -0.0596 -0.5252 0.8489
vn -0.0391 -0.2370 0.9707
vn -0.0068 -0.0933 -0.9956
vn -0.1205 -0.0832 -0.9892
vn -0.2259 -0.0528 -0.9727
vn -0.0797 -0.1492 -0.9856
vn 0.3709 0.6350 0.6777
vn 0.1893 0.5844 0.7891
vn 0.0557 0.2254 0.9727
vn 0.3865 -0.3066 0.8698
vn 0.1208 0.2365 0.9641
vn 0.1208 0.1621 0.9794
vn 0.9940 0.0012 -0.1092
vn 0.6760 0.5600 -0.4791
vn 0.7573 0.3862 -0.5266
vn 0.9914 0.0586 -0.1172
vn 0.9478 0.3067 -0.0869
vn 0.5039 0.8235 -0.2607
vn 0.7227 -0.6907 -0.0262
vn 0.8031 -0.5957 -0.0154
vn 0.9961 -0.0125 -0.0872
vn 0.9650 -0.2350 -0.1167
vn -0.3571 -0.5103 -0.7824
vn -0.3306 -0.3746 -0.8662
vn -0.1768 -0.6196 -0.7648
vn -0.1043 -0.3978 -0.9115
vn -0.2254 -0.2822 -0.9325
vn -0.3710 -0.2956 -0.8804
vn -0.3906 -0.3923 -0.8328
vn -0.0065 -0.0613 -0.9981
vn -0.4180 -0.2231 -0.8806
vn -0.5405 -0.3976 -0.7415
vn -0.7063 -0.1992 -0.6794
vn -0.2393 -0.0624 -0.9689
vn -0.0812 -0.0839 -0.9932
vn -0.4939 0.7557 0.4301
vn -0.8402 0.2940 0.4557
vn -0.9220 0.0794 0.3788
vn -0.7703 0.5329 0.3503
vn -0.4740 0.6706 0.5706
vn -0.7924 0.5242 0.3118
vn -0.1039 0.8280 0.5510
vn 0.3903 0.8462 0.3627
vn -0.1187 0.9370 0.3287
vn -0.4377 0.5423 0.7172
vn -0.9231 -0.1439 -0.3565
vn -0.9542 -0.1619 -0.2516
vn -0.9115 -0.2627 -0.3165
vn -0.8977 -0.1919 -0.3965
vn -0.8716 -0.1578 -0.4640
vn -0.9387 -0.1842 -0.2913
vn -0.8645 -0.1194 -0.4883
vn -0.0049 0.3648 0.9311
vn -0.0844 0.6280 0.7737
vn -0.1103 0.8332 0.5418
vn 0.0091 0.7953 0.6062
vn 0.0281 0.1343 0.9905
vn 0.2479 0.4308 0.8677
vn -0.0137 0.8011 0.5984
vn 0.0062 0.3066 0.9518
vn 0.0064 -0.2958 0.9552
vn 0.0110 -0.2775 0.9607
vn 0.0647 -0.3308 0.9415
vn -0.6246 0.5111 0.5905
vn -0.1967 0.8410 0.5040
vn -0.5872 0.1865 0.7876
vn -0.9576 0.1441 0.2495
vn -0.0495 0.8416 0.5379
vn -0.0441 0.4612 0.8862
vn -0.0223 0.8522 0.5228
vn -0.5038 0.4509 0.7368
vn -0.6035 0.0915 0.7921
vn -0.2372 0.2089 0.9487
vn -0.1750 0.6494 0.7401
vn -0.8273 0.0636 0.5582
vn -0.3589 0.8946 0.2663
vn 0.0742 0.4812 0.8734
vn 0.0929 -0.2429 0.9656
vn -0.2606 -0.7081 0.6562
vn -0.2661 -0.6900 0.6732
vn -0.2027 -0.7999 0.5649
vn 0.3221 -0.5176 0.7927
vn 0.0134 -0.8170 0.5765
vn 0.3764 0.0692 0.9239
vn 0.5919 -0.2137 0.7772
vn -0.0912 -0.4555 -0.8855
vn -0.0259 -0.3787 -0.9251
vn 0.0462 -0.5163 -0.8552
vn 0.0056 -0.1482 -0.9889
vn -0.0329 -0.3262 -0.9447
vn -0.0610 -0.3538 -0.9333
vn 0.1623 0.2109 -0.9639
vn 0.0123 -0.0026 -0.9999
vn 0.0069 0.0016 -1.0000
vn -0.0561 0.6509 -0.7571
vn -0.1379 0.3589 -0.9231
vn -0.0158 -0.0585 -0.9982
vn 0.0166 0.0176 -0.9997
vn -0.0204 0.0456 -0.9988
vn -0.0061 0.6935 -0.7205
vn -0.0683 0.9065 -0.4167
vn 0.0420 0.7262 -0.6862
vn -0.0004 0.0010 -1.0000
vn -0.0049 -0.0032 -1.0000
vn -0.0087 0.0056 -0.9999
vn -0.0024 0.0137 -0.9999
vn 0.0002 -0.0003 -1.0000
vn -0.0029 -0.0118 -0.9999
vn 0.0008 0.0101 -0.9999
vn 0.4830 -0.3683 -0.7944
vn -0.7100 0.5410 -0.4507
vn -0.5262 0.7556 -0.3900
vn -0.9195 0.3237 -0.2230
vn -0.8261 0.4765 -0.3008
vn -0.4306 0.4578 -0.7778
vn 0.0484 0.8661 -0.4975
vn -0.7334 0.6050 -0.3101
vn -0.8992 0.3689 -0.2351
vn 0.0111 -0.1282 -0.9917
vn -0.1419 -0.4553 -0.8789
vn -0.1401 -0.3767 -0.9157
vn 0.0922 0.4017 -0.9111
vn -0.2557 -0.8896 -0.3785
vn -0.3459 0.5577 0.7545
vn -0.5806 0.2505 0.7747
vn 0.0720 0.4830 0.8727
vn -0.1081 0.8806 0.4613
vn -0.3389 0.9152 0.2181
vn -0.7127 0.6796 0.1741
vn -0.9999 -0.0101 0.0063
vn -0.9997 -0.0198 0.0130
vn -0.9998 -0.0091 0.0202
vn -1.0000 -0.0040 0.0077
vn -1.0000 -0.0033 0.0006
vn -0.9999 -0.0107 0.0013
vn -0.9997 -0.0240 0.0025
vn -0.9999 -0.0119 -0.0045
vn -0.9997 -0.0213 -0.0101
vn -1.0000 -0.0057 -0.0064
vn -0.9997 -0.0138 -0.0179
vn -0.9999 0.0091 0.0064
vn -0.9997 0.0180 0.0138
vn -0.9998 0.0209 -0.0014
vn -1.0000 0.0082 -0.0007
vn -1.0000 0.0025 0.0080
vn -0.9997 0.0061 0.0217
vn -1.0000 0.0012 0.0005
vn -0.4157 -0.8998 0.1327
vn -0.0481 -0.9978 0.0448
vn 0.2534 -0.9655 0.0598
vn 0.4004 -0.9163 0.0097
vn 0.3342 -0.8209 0.4631
vn 0.6222 -0.7596 0.1892
vn -0.4544 -0.8893 -0.0516
vn -0.8891 -0.4578 0.0003
vn -0.8248 -0.5148 0.2338
vn 0.5447 -0.8386 -0.0056
vn -0.3227 -0.4840 0.8134
vn -0.8205 0.5456 0.1705
vn -0.8826 0.4322 0.1852
vn -0.7378 0.6362 0.2257
vn -0.8880 0.4390 0.1373
vn -0.9257 0.2449 -0.2881
vn -0.8664 0.4958 -0.0597
vn -0.8100 0.5854 0.0340
vn -0.8386 0.4972 0.2224
vn -0.5369 0.7524 0.3815
vn -0.9023 0.4290 -0.0428
vn -0.9723 0.2300 0.0428
vn -0.7319 0.6733 -0.1044
vn -0.9829 0.1769 -0.0519
vn -0.9897 0.1415 0.0216
vn -0.8575 0.5120 0.0513
vn -0.7726 0.6348 -0.0141
vn -0.4223 -0.7287 0.5392
vn -0.5702 -0.7656 0.2979
vn -0.2702 -0.9149 0.2998
vn -0.1968 -0.7578 0.6221
vn -0.4819 -0.4725 0.7379
vn -0.7529 -0.4705 0.4602
vn -0.1437 -0.4810 0.8649
vn -0.0505 -0.1165 -0.9919
vn 0.1594 0.0306 -0.9867
vn -0.2371 -0.7274 -0.6440
vn -0.0215 -0.6309 -0.7756
vn 0.3286 -0.0962 -0.9396
vn 0.0843 0.1474 -0.9855
vn 0.2421 -0.8098 -0.5345
vn 0.5504 -0.4859 -0.6790
vn 0.6537 -0.2596 -0.7108
vn -1.0000 0.0062 -0.0066
vn -1.0000 0.0003 -0.0074
vn -0.9998 0.0124 -0.0176
vn -0.9998 -0.0002 -0.0214
vn 0.8420 0.3058 0.4444
vn 0.5057 0.1242 0.8537
vn 0.3375 0.2140 0.9167
vn 0.7208 0.4824 0.4978
vn 0.9680 0.1574 0.1952
vn 0.9542 -0.1104 0.2782
vn 0.9033 -0.1209 0.4117
vn 0.7993 0.5904 0.1125
vn 0.8916 0.4458 0.0791
vn 0.9697 0.2390 0.0504
vn -0.5517 0.7818 -0.2907
vn -0.6520 0.6976 -0.2970
vn -0.3327 0.9258 -0.1796
vn -0.3237 0.9193 0.2238
vn -0.6860 0.7031 0.1874
vn -0.2578 0.8916 -0.3723
vn -0.6454 0.3609 -0.6732
vn -0.8052 0.4391 -0.3986
vn -0.5039 0.6582 -0.5593
vn -0.0827 0.5727 -0.8156
vn -0.3375 0.1604 -0.9276
vn -0.7545 0.1973 -0.6259
vn 0.7875 -0.6147 -0.0447
vn 0.9104 -0.3907 -0.1364
vn 0.8364 -0.4453 -0.3196
vn 0.3157 -0.9220 -0.2243
vn 0.9378 -0.3467 -0.0158
vn -0.1319 -0.9891 -0.0661
vn -0.2313 -0.9684 -0.0933
vn -0.2752 -0.9606 0.0387
vn 0.3382 -0.9400 0.0439
vn -0.1386 -0.9458 -0.2936
vn -0.8084 -0.5843 -0.0714
vn -0.3949 -0.6362 -0.6628
vn -0.8202 -0.5387 -0.1923
vn 0.2329 -0.9682 -0.0914
vn 0.8780 -0.4390 -0.1908
vn 0.7608 -0.4999 -0.4139
vn 0.1176 -0.3740 -0.9199
vn 0.4357 -0.6756 0.5947
vn -0.5868 -0.6052 0.5380
vn 0.1774 -0.6984 -0.6934
vn 0.1074 -0.7456 0.6577
vn 0.9638 -0.2624 0.0469
vn 0.9616 0.0590 0.2680
vn 0.7183 -0.4215 0.5536
vn 0.9303 -0.2591 0.2598
vn 0.6886 -0.4386 0.5775
vn 0.7200 -0.6780 0.1484
vn 0.0898 -0.0891 0.9920
vn -0.0136 -0.0237 0.9996
vn 0.0402 -0.0209 0.9990
vn 0.2250 -0.1659 0.9601
vn 0.0722 -0.2470 0.9663
vn -0.0119 0.0084 0.9999
vn 0.0052 -0.0007 1.0000
vn -0.0332 -0.0052 0.9994
vn -0.7220 0.6739 0.1568
vn -0.8193 0.5291 -0.2207
vn -0.3224 0.9299 0.1772
vn -0.4143 0.8553 -0.3111
vn 0.8957 0.0789 -0.4377
vn 0.6230 0.0547 -0.7803
vn 0.9398 -0.1491 -0.3076
vn 0.9537 -0.1870 -0.2354
vn 0.9011 0.3434 -0.2648
vn 0.7928 0.5955 -0.1296
vn 0.7152 0.5708 -0.4034
vn 0.4081 0.3447 -0.8453
vn 0.9051 -0.3664 -0.2156
vn 0.9446 -0.3254 -0.0420
vn 0.9978 -0.0367 -0.0560
vn 0.2256 0.7056 -0.6717
vn 0.8343 -0.5352 -0.1327
vn 0.3975 0.7562 -0.5197
vn -0.6330 -0.4624 -0.6209
vn -0.6881 -0.2640 -0.6759
vn -0.2581 -0.3653 -0.8944
vn -0.3340 -0.6006 -0.7265
vn -0.7581 -0.5234 -0.3890
vn -0.8773 -0.2379 -0.4168
vn -0.4235 -0.7736 -0.4714
vn 0.6513 -0.6289 0.4247
vn 0.0724 -0.3359 0.9391
vn -0.1272 -0.8028 0.5825
vn 0.4321 -0.8800 0.1974
vn 0.2712 -0.2910 0.9175
vn 0.6451 -0.7438 0.1746
vn -0.0105 0.9660 -0.2582
vn -0.1403 0.8838 -0.4464
vn 0.0638 0.9923 -0.1060
vn -0.1001 0.9372 -0.3340
vn 0.0381 0.9958 0.0830
vn 0.0358 0.9843 -0.1730
vn -0.0242 0.9269 -0.3745
vn -0.0174 0.9611 -0.2755
vn 0.7435 -0.4632 0.4823
vn 0.0055 -0.0216 0.9998
vn -0.1607 -0.2401 0.9574
vn -0.0068 -0.0031 -1.0000
vn -0.0108 0.0208 -0.9997
vn -0.0223 0.0463 -0.9987
vn -0.0284 0.0155 -0.9995
vn -0.0227 -0.0718 -0.9972
vn 0.0707 -0.1135 -0.9910
vn 0.0119 -0.0046 -0.9999
vn -0.0001 -0.0027 -1.0000
vn 0.2061 -0.8926 0.4009
vn 0.3638 -0.6895 0.6263
vn 0.0179 -0.6987 0.7152
vn -0.0654 -0.9206 0.3850
vn 0.3311 -0.9090 0.2533
vn 0.5608 -0.7105 0.4251
vn -0.0135 -0.9892 0.1459
vn 0.4177 -0.8873 0.1954
vn 0.7439 -0.3825 0.5480
vn 0.2896 -0.9473 0.1373
vn 0.4226 -0.7945 0.4360
vn 0.1035 -0.9941 0.0325
vn 0.0190 -0.9695 0.2443
vn 0.1022 -0.9323 0.3470
vn 0.2831 -0.9325 -0.2243
vn 0.0042 -0.9957 -0.0926
vn 0.1496 -0.9498 -0.2746
vn -0.0405 -0.9745 -0.2207
vn 0.0489 -0.8385 -0.5427
vn 0.3256 -0.8206 -0.4697
vn 0.4862 -0.7917 -0.3698
vn 0.2232 -0.9462 -0.2342
vn -0.0404 -0.9915 -0.1233
vn 0.0002 0.4555 0.8902
vn -0.0074 0.8311 0.5561
vn -0.0387 0.7569 0.6524
vn -0.0299 0.2258 0.9737
vn -0.2133 -0.7516 0.6242
vn 0.0481 -0.7254 0.6867
vn -0.1286 -0.9570 0.2601
vn -0.4525 -0.8232 0.3429
vn -0.6878 -0.5637 0.4573
vn -0.3341 -0.6419 0.6902
vn 0.0535 -0.7416 0.6687
vn -0.0218 -0.7878 0.6155
vn 0.5290 -0.7888 0.3130
vn 0.2165 -0.9528 0.2127
vn 0.0469 -0.9804 0.1916
vn 0.0213 -0.8373 0.5464
vn -0.0592 -0.5510 0.8324
vn -0.1075 -0.6148 0.7814
vn -0.0243 -0.5604 0.8279
vn -0.2684 -0.7954 -0.5434
vn -0.5422 -0.7396 -0.3987
vn -0.1377 -0.8748 -0.4645
vn -0.0799 -0.6319 -0.7710
vn -0.2478 -0.6885 -0.6816
vn -0.5928 -0.5478 -0.5904
vn -0.0717 -0.5934 -0.8017
vn -0.1338 0.4861 0.8636
vn -0.4387 0.4717 0.7649
vn -0.3744 0.4444 0.8138
vn -0.0477 0.2420 0.9691
vn -0.0053 0.4419 0.8971
vn -0.0217 0.7175 0.6962
vn -0.0286 0.8102 0.5855
vn -0.0805 0.8221 0.5636
vn -0.2289 0.4307 0.8730
vn -0.0471 -0.7636 -0.6440
vn -0.0686 -0.7167 -0.6940
vn -0.0005 -0.7755 -0.6314
vn 0.1548 -0.8348 -0.5284
vn -0.0628 -0.5199 -0.8519
vn -0.0004 0.1110 -0.9938
vn -0.0010 0.1166 -0.9932
vn -0.0020 0.1164 -0.9932
vn -0.0015 0.1132 -0.9936
vn -0.0776 0.5230 -0.8488
vn -0.0030 0.7426 -0.6698
vn -0.0127 0.4793 -0.8776
vn -0.0715 0.2539 -0.9646
vn -0.2658 0.2871 0.9203
vn -0.0957 0.1773 0.9795
vn -0.1149 0.0384 0.9926
vn -0.3488 0.0439 0.9362
vn -0.1905 0.1665 0.9675
vn -0.0675 0.5234 0.8494
vn -0.0642 0.3101 0.9485
vn -0.0535 0.6576 0.7515
vn -0.0456 0.6985 0.7141
vn -0.0494 0.8123 0.5811
vn 0.0119 0.4874 0.8731
vn -0.0551 0.5440 0.8373
vn 0.1263 0.2954 0.9470
vn 0.1821 0.6431 0.7439
vn -0.0401 0.6538 -0.7556
vn 0.0462 0.2604 -0.9644
vn 0.4642 0.4560 -0.7593
vn 0.0863 0.5913 -0.8018
vn -0.1399 0.5819 -0.8011
vn 0.0071 0.6472 -0.7623
vn -0.1706 0.3837 -0.9076
vn -0.4385 0.3220 -0.8390
vn -0.1657 0.0612 -0.9843
vn -0.4048 0.0349 -0.9137
vn 0.1516 0.2051 -0.9669
vn -0.1496 0.6614 -0.7349
vn -0.0280 0.5847 -0.8108
vn -0.0405 0.7950 -0.6053
vn -0.1190 0.8161 -0.5655
vn -0.4634 0.4879 -0.7398
vn -0.4453 0.2605 -0.8566
vn -0.0848 0.4262 -0.9006
vn -0.8630 0.4025 -0.3054
vn -0.9068 0.4084 0.1041
vn -0.6052 0.7733 -0.1891
vn -0.5619 0.6135 -0.5548
vn -0.9177 0.2053 -0.3402
vn -0.9865 0.1529 0.0588
vn -0.7556 0.3237 -0.5694
vn -0.8999 0.1840 0.3954
vn -0.9478 0.1113 0.2987
vn -0.9713 0.1132 0.2094
vn -0.9046 0.1477 0.3999
vn -0.9033 0.1712 0.3934
vn -0.9705 0.2408 0.0088
vn -0.9067 0.3469 -0.2398
vn -0.8960 0.2625 0.3582
vn -0.9749 0.0844 0.2059
vn -0.9853 -0.0067 0.1708
vn -0.8411 0.5016 0.2025
vn -0.4465 0.8880 0.1098
vn -0.4077 0.9014 0.1458
vn -0.4326 0.8965 0.0960
vn -0.7511 0.2591 0.6073
vn -0.7310 0.4141 0.5423
vn -0.4908 0.5992 0.6326
vn -0.7514 0.4082 0.5184
vn -0.8609 0.2930 0.4159
vn -0.8950 0.3793 -0.2346
vn -0.3507 0.6648 -0.6596
vn -0.9354 0.3152 0.1603
vn -0.8587 0.4577 -0.2306
vn -0.5617 0.4245 -0.7101
vn -0.9605 0.1703 0.2201
vn -0.4334 0.8849 0.1707
vn -0.7292 0.5169 0.4485
vn -0.2156 0.5909 0.7774
vn 0.0307 0.9574 0.2871
vn 0.0056 0.9834 -0.1815
vn 0.4841 0.8328 -0.2686
vn 0.5483 0.7812 -0.2984
vn 0.4714 0.8264 -0.3079
vn 0.1535 0.9872 0.0442
vn 0.0358 0.8751 0.4826
vn -0.4285 0.8520 0.3009
vn 0.9995 -0.0176 -0.0280
vn 0.9970 -0.0178 -0.0752
vn 0.9967 0.0064 -0.0805
vn 1.0000 0.0001 0.0079
vn 0.9914 -0.1197 0.0534
vn 0.9934 -0.1021 -0.0517
vn 0.9997 -0.0148 0.0206
vn 0.9445 0.3048 0.1225
vn 0.9992 0.0411 0.0020
vn 0.9986 0.0409 0.0340
vn 0.9918 0.0324 0.1233
vn 0.8720 0.2694 0.4087
vn 0.9982 0.0339 0.0490
vn 0.9465 0.1623 0.2789
vn 0.7919 0.3433 0.5050
vn 0.7681 0.5340 0.3534
vn 0.2388 0.7773 0.5821
vn 0.3638 0.5988 0.7135
vn 0.0369 0.7094 0.7039
vn 0.5205 0.5876 0.6195
vn 0.7513 0.5718 -0.3294
vn 0.2554 0.9214 -0.2928
vn 0.3223 0.7090 -0.6273
vn 0.5947 0.6061 -0.5282
vn 0.5713 0.5678 -0.5927
vn 0.5233 0.5248 -0.6714
vn 0.9818 0.1885 -0.0233
vn 0.9853 0.1109 -0.1302
vn 0.9346 0.2590 -0.2438
vn 0.8729 0.4294 -0.2316
vn 0.9898 0.1416 -0.0179
vn 0.7589 0.6288 -0.1694
vn 0.6817 0.7106 0.1741
vn 0.8290 0.4010 0.3898
vn 0.9971 -0.0751 0.0111
vn 0.9924 -0.1205 0.0232
vn 0.9911 -0.1335 0.0010
vn 0.9938 -0.1105 0.0129
vn 0.9804 -0.1948 0.0302
vn 0.9752 -0.2202 0.0240
vn 0.9775 -0.2103 -0.0157
vn 0.9577 -0.2876 0.0084
vn 0.9619 -0.2727 0.0178
vn -0.9088 0.3946 0.1358
vn -0.6519 0.6528 0.3859
vn -0.5825 0.8126 0.0200
vn -0.8654 0.4271 -0.2621
vn -0.9774 0.1469 -0.1522
vn -0.8548 -0.4806 0.1959
vn -0.8184 -0.4361 0.3743
vn -0.8633 -0.2596 0.4329
vn -0.8645 -0.2972 0.4055
vn -0.4254 -0.8231 0.3761
vn -0.4438 -0.8919 -0.0870
vn -0.8332 -0.5478 -0.0747
vn -0.4640 -0.5400 0.7023
vn -0.5049 0.7153 -0.4832
vn -0.6540 0.3252 -0.6830
vn -0.0498 0.9956 -0.0791
vn 0.0524 0.8179 -0.5730
vn -0.1081 0.4613 -0.8806
vn 0.9975 -0.0526 0.0468
vn 0.9998 -0.0100 0.0174
vn 0.9992 0.0041 0.0392
vn 0.9994 -0.0288 0.0174
vn 0.9866 -0.1351 -0.0912
vn 0.9909 -0.0596 -0.1208
vn 0.9956 -0.0920 0.0169
vn 0.9994 0.0149 0.0312
vn 0.6870 0.7261 -0.0298
vn 0.8509 0.4242 -0.3100
vn 0.0747 -0.3138 -0.9465
vn 0.3484 -0.4849 -0.8022
vn 0.2988 -0.5755 -0.7612
vn 0.0461 -0.5517 -0.8328
vn -0.0923 -0.5823 -0.8077
vn -0.0924 -0.3574 -0.9294
vn -0.1036 -0.0824 -0.9912
vn 0.0261 -0.0522 -0.9983
vn 0.5363 -0.5821 -0.6112
vn 0.5558 -0.5712 -0.6040
vn 0.5502 -0.5926 -0.5883
vn 0.3375 -0.6777 -0.6533
vn 0.5748 -0.5779 -0.5793
vn 0.0061 0.9964 -0.0841
vn 0.0109 0.9703 0.2418
vn 0.1157 0.9359 0.3328
vn 0.1582 0.9769 0.1434
vn -0.0077 0.9951 -0.0987
vn -0.0057 0.9747 0.2237
vn 0.0425 0.9057 -0.4218
vn -0.0016 0.9151 -0.4032
vn 0.3931 0.9184 -0.0446
vn 0.1538 0.9443 -0.2910
vn 0.2122 0.8336 -0.5100
vn 0.6084 0.5931 -0.5274
vn 0.6181 0.5538 -0.5578
vn 0.5049 0.6427 -0.5762
vn 0.4603 0.7612 -0.4568
vn 0.6700 0.6989 -0.2504
vn 0.8002 0.4917 -0.3434
vn 0.8422 0.3955 -0.3665
vn 0.5425 0.6347 0.5504
vn 0.3886 0.7900 0.4742
vn 0.4885 0.6358 0.5976
vn 0.5752 0.5786 0.5783
vn 0.6335 0.5480 0.5462
vn 0.6506 0.6010 0.4642
vn 0.4860 0.8110 0.3257
vn 0.7583 -0.3313 -0.5615
vn 0.6797 -0.3130 -0.6633
vn 0.7356 0.1572 -0.6589
vn 0.8707 -0.0134 -0.4916
vn 0.9268 -0.1779 -0.3307
vn 0.7675 -0.4367 -0.4693
vn 0.6177 -0.5291 -0.5818
vn 0.4498 -0.7858 -0.4246
vn 0.4172 -0.7747 -0.4752
vn 0.5559 -0.6094 -0.5654
vn 0.5727 -0.6923 -0.4389
vn 0.2838 -0.9538 -0.0989
vn 0.1508 -0.9592 -0.2393
vn 0.5598 -0.8185 0.1288
vn 0.5437 0.5786 0.6080
vn 0.3045 0.5434 0.7823
vn 0.3885 0.4474 0.8056
vn 0.5728 0.5622 0.5965
vn 0.5458 0.5971 0.5879
vn 0.3008 0.6608 0.6876
vn 0.5815 0.5758 0.5748
vn 0.6533 -0.5637 -0.5054
vn 0.6377 -0.5527 -0.5365
vn 0.8097 -0.4411 -0.3870
vn 0.7813 -0.5041 -0.3681
vn 0.6181 -0.5868 -0.5232
vn 0.5907 -0.5776 -0.5634
vn 0.7453 -0.5790 -0.3306
vn 0.7035 -0.6210 -0.3456
vn 0.5994 -0.5720 -0.5599
vn 0.9027 -0.4099 -0.1306
vn 0.8345 -0.5475 0.0626
vn 0.7345 -0.6451 0.2104
vn 0.6788 -0.6940 0.2398
vn 0.6551 -0.6631 -0.3622
vn 0.7512 -0.5035 0.4269
vn 0.5969 -0.5742 0.5603
vn 0.5790 -0.5887 0.5641
vn 0.4736 -0.6991 0.5356
vn 0.5865 -0.5738 0.5716
vn 0.5761 -0.5790 0.5770
vn 0.4935 -0.6612 0.5651
vn 0.2368 -0.8652 0.4419
vn 0.2179 -0.9333 0.2856
vn 0.5760 -0.5780 0.5780
vn 0.4826 -0.6447 0.5929
vn 0.1732 -0.7794 0.6021
vn 0.5898 -0.5701 0.5720
vn 0.5844 -0.5730 0.5746
vn 0.5674 -0.5801 0.5844
vn 0.4416 -0.6475 0.6210
vn 0.5813 -0.5647 0.5858
vn 0.5224 -0.5816 0.6236
vn 0.2965 -0.6067 0.7376
vn 0.5506 -0.5026 0.6665
vn 0.3508 -0.4774 0.8056
vn 0.1017 -0.4969 0.8618
vn 0.4076 -0.2596 0.8755
vn 0.0994 -0.2149 0.9716
vn 0.0067 -0.3669 0.9302
vn -0.1315 -0.5084 0.8510
vn -0.0123 -0.6662 0.7457
vn -0.0037 -0.0100 0.9999
vn -0.0328 -0.1583 0.9869
vn -0.2415 -0.2622 0.9343
vn -0.6204 -0.3053 0.7225
vn -0.4660 -0.5639 0.6818
vn -0.0626 0.0935 0.9936
vn -0.3166 0.0354 0.9479
vn -0.6605 0.0040 0.7508
vn -0.8649 -0.0101 0.5019
vn -0.3284 0.3630 0.8720
vn -0.6622 0.2706 0.6988
vn -0.8502 0.1861 0.4924
vn -0.8164 0.1839 0.5474
vn -0.8620 -0.0322 0.5058
vn -0.6446 0.5023 0.5764
vn -0.8369 0.3721 0.4014
vn -0.7403 0.4316 0.5155
vn -0.2994 0.5514 0.7787
vn -0.4001 0.2292 0.8874
vn -0.8239 0.4982 0.2701
vn -0.6538 0.6660 0.3592
vn -0.1916 0.8354 0.5151
vn 0.0009 0.8366 0.5478
vn 0.0037 0.5842 0.8116
vn -0.6048 0.7782 0.1693
vn -0.1129 0.9676 0.2260
vn -0.0055 0.9764 0.2160
vn 0.0053 0.9791 0.2033
vn 0.0073 0.8368 0.5475
vn -0.0873 0.9885 -0.1234
vn -0.0065 0.9906 -0.1365
vn 0.0002 0.9866 -0.1632
vn 0.0610 0.9783 -0.1978
vn 0.0449 0.9806 0.1909
vn 0.0042 0.8827 -0.4699
vn -0.0021 0.8705 -0.4922
vn 0.0429 0.8361 -0.5470
vn 0.7955 0.4453 -0.4109
vn 0.8040 0.5731 -0.1587
vn 0.0121 0.6448 -0.7642
vn 0.0133 0.6048 -0.7963
vn 0.7541 0.3125 -0.5776
vn 0.9888 -0.1358 0.0626
vn 0.9788 -0.1866 0.0842
vn 0.0278 0.2759 -0.9608
vn 0.7607 0.0844 -0.6435
vn 0.9894 -0.0958 0.1094
vn 0.8571 -0.1620 0.4891
vn 0.8513 -0.3417 0.3981
vn 0.7468 -0.1169 -0.6547
vn 0.9819 -0.0507 0.1826
vn 0.8542 0.0133 0.5197
vn 0.8318 0.0167 0.5548
vn 0.7830 -0.1801 0.5954
vn 0.9836 0.0176 0.1794
vn 0.8397 0.1805 0.5122
vn 0.8490 0.1992 0.4894
vn 0.9043 0.1378 0.4040
vn 0.8864 -0.0672 0.4581
vn 0.8950 0.3011 0.3291
vn 0.8556 0.3869 0.3439
vn 0.9001 0.3275 0.2874
vn 0.7064 0.5063 0.4946
vn 0.7115 0.2251 0.6656
vn 0.8580 0.4963 0.1325
vn 0.8859 0.4467 0.1248
vn 0.6675 0.7112 0.2205
vn 0.3356 0.8999 0.2783
vn 0.3547 0.6685 0.6537
vn 0.8802 0.4692 -0.0709
vn 0.6410 0.7570 -0.1270
vn 0.3447 0.9299 -0.1283
vn 0.0899 0.9945 -0.0530
vn 0.2203 0.9403 0.2592
vn 0.6330 0.6015 -0.4875
vn 0.3598 0.7359 -0.5735
vn 0.4028 0.8753 -0.2676
vn 0.7826 0.2168 -0.5835
vn 0.8646 0.4425 -0.2380
vn 0.9713 0.2374 0.0162
vn 0.9311 0.3571 -0.0738
vn 0.5400 0.8244 -0.1696
vn 0.8485 0.5215 -0.0905
vn 0.3059 0.9509 0.0474
vn 0.8256 0.5546 0.1046
vn 0.3503 0.9218 0.1661
vn 0.9926 0.1086 0.0549
vn 0.9741 0.1861 0.1281
vn 0.8823 0.3854 0.2702
vn 0.4835 0.6462 0.5904
vn 0.9978 0.0657 0.0051
vn 0.9995 0.0067 0.0300
vn 0.9984 -0.0245 0.0508
vn 0.9987 -0.0183 -0.0484
vn 0.9984 -0.0169 -0.0538
vn 0.9979 0.0543 0.0363
vn 1.0000 0.0025 -0.0088
vn 0.9967 0.0068 -0.0812
vn 0.9968 0.0322 0.0731
vn 0.9975 0.0296 0.0648
vn 0.9648 -0.0487 -0.2586
vn 0.9869 -0.0514 -0.1530
vn 0.4995 -0.2083 -0.8409
vn 0.6290 -0.1634 -0.7600
vn 0.8300 -0.0119 -0.5577
vn 0.0123 -0.1135 -0.9935
vn 0.1677 0.0310 -0.9854
vn 0.3073 0.3085 -0.9002
vn 0.8455 0.2492 -0.4723
vn 0.4003 0.7583 -0.5145
vn 0.1820 0.9651 0.1881
vn -0.2596 0.8201 0.5100
vn -0.0951 0.8832 0.4592
vn -0.1691 0.6751 0.7181
vn -0.4301 0.0691 -0.9001
vn -0.5115 -0.1367 -0.8483
vn -0.8110 -0.0544 -0.5824
vn -0.8296 0.0845 -0.5519
vn -0.9839 0.0085 -0.1785
vn -0.9712 -0.0577 -0.2310
vn -0.8261 -0.1563 -0.5414
vn -0.8217 -0.0422 -0.5684
vn -0.9595 -0.0131 -0.2814
vn -0.5752 -0.2610 -0.7753
vn -0.6228 -0.1611 -0.7656
vn -0.5971 0.5132 -0.6165
vn -0.1222 -0.3155 -0.9410
vn -0.3710 -0.2518 -0.8938
vn 0.0918 -0.2843 -0.9543
vn -0.1241 -0.0903 -0.9882
vn -0.0417 0.3160 -0.9478
vn 0.7144 -0.2602 -0.6496
vn 0.2616 -0.0263 -0.9648
vn 0.9949 -0.0155 -0.0995
vn -0.1661 0.8422 -0.5130
vn -0.2177 0.8790 -0.4241
vn -0.7653 0.4996 -0.4059
vn -0.3377 0.8942 -0.2940
vn -0.8987 0.4109 -0.1531
vn -0.9995 -0.0007 0.0322
vn -0.9392 0.2596 0.2246
vn -0.9523 0.0675 0.2975
vn -0.9370 0.3368 0.0930
vn -0.9895 0.0703 0.1262
vn -0.9967 0.0743 0.0338
vn -0.9496 0.2170 -0.2263
vn -0.9517 0.0502 -0.3029
vn -0.9049 0.1560 -0.3959
vn -0.9447 0.1738 -0.2780
vn -0.9669 0.0247 -0.2541
vn -0.9764 0.0701 -0.2044
vn -0.8518 0.2561 -0.4570
vn -0.8879 0.2890 -0.3581
vn -0.9965 -0.0252 0.0792
vn -0.9907 0.0312 0.1327
vn -0.8904 -0.1216 0.4386
vn -0.8507 -0.0074 0.5256
vn -0.8174 0.1700 0.5504
vn -0.3906 -0.0399 0.9197
vn -0.2737 0.2461 0.9298
vn 0.2490 -0.0146 0.9684
vn 0.3386 0.2820 0.8977
vn 0.3482 0.6224 0.7010
vn 0.8770 0.1440 0.4584
vn 0.1666 0.9827 0.0812
vn 0.1372 0.9800 -0.1441
vn -0.0139 0.7657 -0.6431
vn -0.2866 0.8459 -0.4498
vn -0.3866 0.8610 -0.3304
vn 0.5061 0.7332 -0.4541
vn 0.2790 0.6938 -0.6639
vn -0.5006 0.5833 -0.6397
vn -0.3129 0.6513 -0.6913
vn -0.0574 0.6746 -0.7360
vn 0.4887 0.5737 -0.6573
vn 0.1975 0.7594 -0.6199
vn 0.0527 0.8548 -0.5163
vn 0.8461 -0.0359 0.5319
vn 0.8323 -0.0783 0.5487
vn 0.0918 -0.1443 0.9853
vn -0.2357 -0.2212 0.9463
vn 0.7032 -0.3001 0.6445
vn -0.3598 -0.3063 0.8813
vn -0.6821 -0.2285 0.6946
vn -0.7571 -0.1181 0.6426
vn -0.3156 -0.4646 0.8274
vn -0.8984 -0.1651 0.4069
vn -0.8478 0.0970 0.5213
vn -0.4639 0.6595 0.5915
vn -0.5522 0.5622 0.6157
vn -0.9907 -0.0597 0.1222
vn -0.9153 0.3264 0.2360
vn -0.4088 0.8437 0.3479
vn -0.0974 0.9353 0.3401
vn -0.0805 0.8871 0.4545
vn -0.8787 0.4774 0.0031
vn -0.3127 0.9353 0.1655
vn -0.0739 0.9756 0.2066
vn -0.0266 0.9681 0.2492
vn -0.0579 0.9358 0.3477
vn -0.1905 0.9798 0.0614
vn -0.0345 0.9958 0.0850
vn -0.0296 0.9950 0.0951
vn -0.0148 0.9950 0.0986
vn 0.0026 0.9593 0.2825
vn -0.0292 0.9980 -0.0568
vn -0.0315 0.9971 -0.0691
vn -0.0144 0.9958 -0.0900
vn -0.0137 0.9949 -0.1000
vn -0.0273 0.9947 0.0989
vn 0.0036 0.9681 -0.2504
vn -0.0046 0.9607 -0.2777
vn -0.0016 0.9580 -0.2867
vn 0.0014 0.9639 -0.2662
vn -0.0073 0.9977 -0.0668
vn 0.0052 0.8925 -0.4509
vn -0.0093 0.8872 -0.4612
vn -0.0352 0.8503 -0.5252
vn 0.0002 0.8817 -0.4719
vn -0.0035 0.9711 -0.2387
vn -0.0763 0.6617 -0.7459
vn -0.1586 0.5835 -0.7965
vn -0.0024 0.5958 -0.8031
vn -0.0046 0.5885 -0.8085
vn -0.0044 0.8639 -0.5037
vn -0.2938 0.3652 -0.8834
vn -0.0025 0.2484 -0.9687
vn -0.0006 0.2433 -0.9700
vn -0.0022 0.2198 -0.9755
vn 0.0020 0.5560 -0.8312
vn -0.0185 0.1333 -0.9909
vn -0.0038 0.1203 -0.9927
vn -0.2391 0.3556 -0.9035
vn -0.0838 0.4154 -0.9058
vn -0.0160 0.7074 -0.7066
vn -0.0000 0.1958 -0.9806
vn -0.5405 0.6246 -0.5636
vn -0.1908 0.7847 -0.5897
vn -0.0271 0.9107 -0.4122
vn -0.0011 0.9290 -0.3701
vn 0.0014 0.7263 -0.6874
vn -0.2468 0.8001 -0.5468
vn -0.0048 0.6991 -0.7150
vn -0.0023 0.6637 -0.7480
vn -0.0032 0.6570 -0.7539
vn -0.0026 0.9242 -0.3819
vn -0.0094 0.3037 -0.9527
vn -0.0080 0.2240 -0.9745
vn -0.0025 0.2112 -0.9774
vn -0.0012 0.2222 -0.9750
vn -0.0036 0.6619 -0.7495
vn -0.0129 0.0830 -0.9965
vn -0.0069 0.0539 -0.9985
vn 0.0001 0.0596 -0.9982
vn -0.0001 0.0638 -0.9980
vn -0.0026 0.2402 -0.9707
vn 0.0007 0.0307 -0.9995
vn -0.0004 0.0332 -0.9994
vn -0.0063 0.0295 -0.9995
vn -0.0106 0.0727 -0.9973
vn -0.0389 0.0850 -0.9956
vn -0.0004 0.3821 -0.9241
vn -0.0203 0.2794 -0.9600
vn -0.0511 0.0182 -0.9985
vn -0.2973 -0.0305 -0.9543
vn -0.3636 0.0249 -0.9312
vn -0.0291 -0.0022 -0.9996
vn -0.0132 -0.0175 -0.9998
vn -0.0234 -0.0758 -0.9968
vn -0.0820 -0.3461 -0.9346
vn -0.0677 -0.2588 -0.9635
vn -0.1513 -0.5778 -0.8020
vn -0.0990 -0.3992 -0.9115
vn -0.2626 -0.4136 -0.8718
vn -0.0459 -0.0884 -0.9950
vn -0.0001 -0.0190 -0.9998
vn -0.0156 -0.0507 -0.9986
vn -0.0175 -0.0614 -0.9980
vn -0.0002 -0.0164 -0.9999
vn -0.0026 -0.0144 -0.9999
vn -0.0626 -0.0139 -0.9979
vn 0.0225 -0.0437 -0.9988
vn -0.0441 0.0075 -0.9990
vn -0.2224 0.0478 -0.9738
vn -0.2571 0.0289 -0.9660
vn -0.5640 0.1171 -0.8174
vn -0.5594 -0.2082 -0.8023
vn -0.5389 0.1509 -0.8288
vn -0.7821 0.2693 -0.5620
vn -0.8187 0.1467 -0.5551
vn -0.5182 0.0913 -0.8504
vn -0.7610 0.2268 -0.6079
vn -0.8737 0.3404 -0.3474
vn -0.3489 0.0886 -0.9329
vn -0.6535 0.3039 -0.6932
vn -0.2605 0.1339 -0.9562
vn -0.5451 0.2883 -0.7872
vn -0.7619 0.4373 -0.4777
vn -0.4744 0.1728 -0.8632
vn -0.7394 0.2669 -0.6181
vn -0.8645 0.3171 -0.3900
vn -0.8105 0.5078 -0.2918
vn -0.9231 0.3357 -0.1875
vn -0.8468 0.5135 -0.1389
vn -0.9364 0.3493 -0.0329
vn -0.8542 0.5193 -0.0249
vn -0.8467 0.5320 -0.0125
vn -0.8533 0.5170 0.0677
vn -0.8451 0.5325 0.0478
vn -0.8461 0.5317 0.0371
vn -0.8259 0.5625 -0.0393
vn -0.4046 0.9143 -0.0162
vn -0.4708 0.8820 -0.0207
vn -0.3358 0.9419 0.0057
vn -0.3095 0.9503 0.0339
vn -0.8501 0.5233 0.0582
vn -0.9300 -0.3665 0.0299
vn -0.7406 -0.6718 -0.0153
vn -0.9068 -0.4211 0.0190
vn -0.9995 -0.0037 0.0312
vn -0.9968 -0.0119 -0.0786
vn -0.9852 0.0528 -0.1628
vn -0.9775 0.1990 -0.0692
vn -0.9199 0.0367 -0.3904
vn -0.9126 -0.3629 -0.1885
vn -0.8197 -0.3848 -0.4243
vn -0.7455 -0.2607 -0.6134
vn -0.8683 -0.2974 -0.3969
vn -0.7085 -0.3963 -0.5840
vn -0.9510 -0.3054 -0.0482
vn -0.9900 -0.1276 0.0596
vn -0.9986 0.0077 0.0526
vn -0.9895 0.0418 0.1386
vn -0.9239 0.2958 0.2427
vn -0.9589 -0.0864 0.2703
vn -0.7804 0.2426 0.5763
vn -0.8447 0.1286 0.5195
vn -0.8042 -0.2844 0.5219
vn -0.3864 0.1140 0.9152
vn -0.7899 -0.3900 0.4733
vn -0.3426 0.0806 0.9360
vn -0.0439 0.0063 0.9990
vn -0.0575 -0.0147 0.9982
vn -0.0003 -0.0041 1.0000
vn 0.0025 -0.0281 0.9996
vn -0.0410 -0.1479 0.9881
vn -0.0024 -0.0075 1.0000
vn -0.0029 -0.0190 0.9998
vn -0.0162 -0.2332 0.9723
vn -0.0687 -0.2784 0.9580
vn -0.1181 -0.5567 0.8223
vn -0.1592 -0.5879 0.7931
vn -0.1221 -0.5668 0.8147
vn -0.0721 -0.2523 0.9650
vn -0.1526 -0.1044 0.9828
vn -0.0371 -0.1919 0.9807
vn -0.0150 -0.0346 0.9993
vn -0.0334 -0.0188 0.9993
vn -0.0557 -0.0002 0.9984
vn -0.2679 -0.0394 0.9626
vn -0.6137 -0.1192 0.7805
vn -0.0479 0.0383 0.9981
vn -0.2942 0.0060 0.9557
vn -0.6425 -0.0516 0.7645
vn -0.8540 -0.0843 0.5134
vn -0.8232 -0.1282 0.5531
vn -0.9215 -0.0848 0.3789
vn -0.9074 -0.0755 0.4133
vn -0.6726 0.0440 0.7387
vn -0.7400 -0.1740 0.6497
vn -0.2493 -0.1829 0.9510
vn -0.3081 -0.4175 0.8549
vn -0.7900 -0.2656 0.5526
vn -0.2901 0.1521 0.9448
vn -0.2538 0.5405 0.8021
vn -0.3079 0.5898 0.7465
vn -0.2069 0.1868 0.9604
vn -0.1582 -0.1607 0.9742
vn -0.1168 -0.4373 0.8917
vn -0.3465 0.1717 0.9222
vn -0.2396 -0.1597 0.9577
vn -0.1493 -0.4330 0.8889
vn -0.1025 -0.3717 0.9227
vn 0.0246 -0.6170 0.7866
vn -0.1166 -0.6357 0.7631
vn -0.1385 -0.6192 0.7729
vn -0.3063 -0.1389 0.9418
vn 0.0043 0.2026 0.9793
vn 0.2672 -0.0368 0.9629
vn -0.5612 0.0770 0.8241
vn -0.3159 0.4233 0.8491
vn -0.8790 0.2394 0.4125
vn -0.6380 0.6075 0.4731
vn -0.9397 0.3347 0.0706
vn -0.7714 0.6155 0.1616
vn -0.2196 0.9589 0.1797
vn -0.0163 0.9898 0.1415
vn -0.7980 0.5933 -0.1060
vn -0.4202 0.8840 -0.2047
vn -0.8559 0.3709 -0.3605
vn -0.4720 0.6730 -0.5694
vn -0.6140 0.2212 -0.7577
vn -0.1658 0.5298 -0.8317
vn 0.1394 0.5543 -0.8206
vn 0.0683 0.2786 -0.9580
vn 0.2036 0.3810 -0.9019
vn 0.3868 0.3995 -0.8311
vn 0.3504 0.2093 -0.9129
vn 0.6129 0.2693 -0.7428
vn 0.6121 0.1196 -0.7817
vn 0.6239 -0.1291 -0.7708
vn 0.3220 -0.1442 -0.9357
vn 0.0545 -0.1198 -0.9913
vn 0.3470 -0.5414 -0.7658
vn 0.0888 -0.5686 -0.8178
vn 0.0030 -0.5647 -0.8253
vn -0.0022 -0.5531 -0.8331
vn 0.0750 -0.9000 -0.4294
vn 0.0073 -0.9042 -0.4270
vn -0.0002 -0.9037 -0.4282
vn -0.0072 -0.9030 -0.4295
vn -0.0197 -0.5492 -0.8355
vn 0.0063 -0.9952 0.0973
vn -0.0011 -0.9956 0.0942
vn -0.0065 -0.9959 0.0899
vn -0.0198 -0.9960 0.0869
vn -0.0139 -0.9017 -0.4320
vn -0.0025 -0.7930 0.6092
vn -0.0109 -0.7973 0.6035
vn -0.0187 -0.8007 0.5988
vn -0.2966 -0.7707 0.5640
vn -0.2935 -0.9526 0.0803
vn -0.0110 -0.3178 0.9481
vn -0.0234 -0.3336 0.9424
vn -0.3555 -0.3172 0.8792
vn -0.8456 -0.1895 0.4991
vn -0.7946 -0.4941 0.3529
vn -0.0502 0.2723 0.9609
vn -0.4150 0.2444 0.8764
vn -0.8809 0.1118 0.4600
vn -0.9936 0.0298 0.1094
vn -0.9913 -0.0495 0.1221
vn -0.4666 0.7123 0.5243
vn -0.9227 0.3125 0.2255
vn -0.9934 0.0926 0.0682
vn -0.9990 0.0355 0.0284
vn -0.9989 0.0132 0.0453
vn -0.9418 0.3329 -0.0467
vn -0.9963 0.0845 -0.0128
vn -0.9993 0.0379 -0.0034
vn -0.9952 0.0614 -0.0758
vn -0.9993 0.0217 -0.0296
vn -0.9918 -0.0008 -0.1282
vn -0.9989 -0.0029 -0.0457
vn -0.9740 -0.1330 -0.1833
vn -0.9986 -0.0304 -0.0442
vn -0.9867 -0.1438 -0.0762
vn -0.9990 -0.0405 -0.0186
vn -0.9839 -0.1784 0.0123
vn -0.9988 -0.0494 0.0043
vn -0.9846 -0.1464 0.0958
vn -0.9987 -0.0426 0.0292
vn -0.9988 -0.0198 0.0438
vn -0.7859 -0.6162 0.0514
vn -0.8020 -0.5314 -0.2727
vn -0.3032 -0.8559 -0.4189
vn -0.8112 -0.3287 -0.4837
vn -0.4237 -0.5025 -0.7536
vn -0.0934 -0.5469 -0.8320
vn -0.3760 0.0239 -0.9263
vn -0.0354 0.0370 -0.9987
vn -0.4741 0.5834 -0.6595
vn -0.0444 0.6907 -0.7218
vn -0.5300 0.8444 -0.0778
vn -0.0753 0.9950 -0.0658
vn -0.0025 0.9990 -0.0440
vn -0.0448 0.7979 0.6012
vn -0.0184 0.7968 0.6040
vn -0.0325 0.9995 0.0004
vn -0.0208 0.2900 0.9568
vn -0.9221 0.2456 -0.2991
vn -0.8509 0.0034 -0.5253
vn 0.0062 -0.7922 0.6102
vn 0.0722 -0.9932 0.0910
vn 0.0801 -0.7949 0.6014
vn 0.3553 -0.9307 0.0870
vn 0.3640 -0.7445 0.5597
vn 0.3527 -0.3505 0.8676
vn 0.6593 -0.6021 0.4503
vn 0.6502 -0.3044 0.6961
vn 0.6647 0.0150 0.7470
vn 0.4007 0.0631 0.9140
vn 0.6873 0.1531 0.7100
vn 0.5229 0.2610 0.8115
vn 0.5221 -0.2713 0.8086
vn 0.8773 0.0381 0.4784
vn 0.7050 -0.4678 0.5331
vn 0.1061 -0.8367 0.5373
vn 0.8489 -0.4880 0.2030
vn 0.2062 -0.9600 0.1892
vn -0.1949 -0.9519 0.2362
vn -0.1539 -0.8363 0.5263
vn -0.2008 -0.9566 0.2114
vn -0.1963 -0.8284 0.5246
vn -0.3293 -0.9268 0.1805
vn -0.3307 -0.7901 0.5161
vn -0.3146 -0.5816 0.7502
vn -0.7844 -0.4934 0.3759
vn -0.7794 -0.3651 0.5092
vn -0.7584 -0.6324 0.1580
vn -0.7151 -0.6909 0.1063
vn -0.2896 -0.9562 0.0418
vn -0.1966 -0.9789 0.0559
vn -0.2122 -0.9770 0.0216
vn -0.2623 -0.9642 0.0401
vn -0.5945 -0.8033 0.0366
vn -0.4128 -0.9108 0.0051
vn -0.8369 -0.5465 0.0308
vn -0.9350 -0.3542 0.0158
vn -0.2506 -0.9681 0.0074
vn -0.2354 -0.9719 -0.0048
vn -0.3443 -0.9388 -0.0043
vn -0.2231 -0.9747 0.0110
vn -0.2186 -0.9758 0.0022
vn -0.2121 -0.9772 -0.0006
vn -0.2203 -0.9754 -0.0041
vn -0.2330 -0.9724 0.0143
vn -0.2320 -0.9727 0.0072
vn -0.2295 -0.9733 0.0027
vn 0.2076 -0.9782 0.0035
vn 0.1726 -0.9850 -0.0052
vn -0.2221 -0.9750 0.0019
vn -0.2106 -0.9776 -0.0030
vn 0.2574 -0.9663 -0.0036
vn 0.9160 -0.4009 0.0107
vn 0.9090 -0.4160 0.0258
vn 0.3145 -0.9489 0.0249
vn 0.9451 -0.3240 0.0436
vn 0.3155 -0.9488 0.0138
vn 0.9384 -0.3433 0.0396
vn 0.2730 -0.9617 0.0252
vn 0.9042 -0.4249 0.0442
vn 0.9981 -0.0042 0.0607
vn 0.9953 0.0022 0.0973
vn 0.9848 -0.0251 0.1720
vn 0.9629 -0.0170 0.2693
vn 0.8222 -0.0135 0.5691
vn 0.7866 -0.2495 0.5648
vn 0.9258 -0.1504 0.3469
vn 0.9939 -0.0483 0.0987
vn 0.9024 -0.3432 0.2604
vn 0.9887 -0.1155 0.0955
vn 0.9896 -0.1162 0.0849
vn 0.9779 -0.2071 0.0299
vn 0.9936 -0.1119 0.0151
vn 0.8624 -0.5021 0.0646
vn 0.8105 -0.4972 0.3096
vn 0.3397 -0.9385 0.0621
vn 0.2195 -0.8235 0.5231
vn 0.0049 -0.9982 -0.0595
vn 0.3831 -0.7793 -0.4959
vn 0.0305 -0.8127 -0.5819
vn 0.3354 -0.4317 -0.8374
vn 0.0505 -0.3872 -0.9206
vn 0.3011 0.0350 -0.9529
vn 0.8296 -0.0321 -0.5575
vn 0.7895 0.2380 -0.5657
vn 0.2466 0.3831 -0.8902
vn 0.8703 -0.2479 -0.4255
vn 0.9947 -0.0543 -0.0878
vn 0.9886 -0.0155 -0.1501
vn 0.8911 -0.3890 -0.2339
vn 0.9937 -0.0970 -0.0568
vn 0.9805 -0.1730 -0.0935
vn 0.9867 -0.0921 -0.1339
vn 0.8862 -0.2664 -0.3790
vn 0.9032 -0.0701 -0.4235
vn 0.9896 -0.0203 -0.1421
vn 0.8778 -0.4296 -0.2117
vn 0.7703 -0.5732 -0.2794
vn 0.7547 -0.3779 -0.5363
vn 0.8758 -0.4799 0.0514
vn 0.7743 -0.6300 0.0596
vn 0.6631 -0.7451 0.0716
vn 0.6545 -0.6816 -0.3272
vn 0.7763 -0.5040 0.3785
vn 0.3500 -0.8445 -0.4053
vn 0.6308 -0.4449 -0.6357
vn 0.7563 -0.1197 -0.6432
vn 0.7736 0.0693 -0.6299
vn 0.9339 0.0393 -0.3554
vn 0.7814 0.1483 -0.6061
vn 0.9541 0.0208 -0.2987
vn 0.9941 0.0212 -0.1065
vn 0.9896 0.0505 -0.1348
vn 0.6113 -0.0646 -0.7887
vn 0.8778 -0.2702 -0.3955
vn 0.1518 -0.3649 -0.9186
vn 0.4066 -0.6945 -0.5936
vn 0.5560 -0.8006 -0.2236
vn -0.0255 -0.7224 -0.6910
vn -0.0954 -0.9410 -0.3247
vn -0.0251 -0.9961 -0.0846
vn -0.1827 -0.8729 -0.4523
vn -0.2297 -0.9663 -0.1164
vn -0.2211 -0.9748 -0.0289
vn 0.1109 -0.9938 0.0097
vn -0.2162 -0.9763 -0.0090
vn 0.1503 -0.9886 0.0099
vn 0.8445 -0.5353 -0.0196
vn 0.9376 0.3416 -0.0656
vn 0.8808 -0.4733 -0.0140
vn 0.9063 0.4199 0.0478
vn 0.3281 0.9273 0.1803
vn 0.4132 0.9084 -0.0640
vn 0.9059 0.3999 0.1393
vn 0.3735 0.8237 0.4267
vn -0.0099 0.7781 0.6281
vn 0.0067 0.9427 0.3336
vn -0.1432 0.8865 0.4400
vn -0.0820 0.9834 0.1621
vn -0.0193 0.9984 0.0540
vn -0.1423 0.9878 -0.0626
vn 0.0103 0.9780 -0.2085
vn -0.1250 0.9334 -0.3363
vn 0.0687 0.8862 -0.4582
vn -0.1433 0.8164 -0.5595
vn 0.1322 0.7077 -0.6940
vn -0.9346 0.3199 -0.1556
vn -0.9160 0.3673 -0.1616
vn -0.6940 -0.7200 -0.0073
vn -0.8084 -0.5884 -0.0134
vn -0.9527 0.2959 0.0692
vn -0.7242 -0.6894 -0.0152
vn -0.8460 0.4843 0.2230
vn -0.3429 -0.9393 -0.0045
vn -0.3825 -0.9239 -0.0130
vn -0.2245 -0.9745 -0.0020
vn -0.2440 -0.9695 -0.0225
vn -0.5096 -0.8595 -0.0382
vn -0.2057 -0.9785 -0.0111
vn -0.2043 -0.9783 -0.0347
vn -0.2402 -0.9698 -0.0418
vn -0.3158 -0.9245 -0.2135
vn -0.6889 -0.6951 -0.2056
vn -0.6570 -0.7509 -0.0677
vn -0.1971 -0.9671 -0.1606
vn -0.1969 -0.8224 -0.5338
vn -0.3159 -0.7665 -0.5591
vn -0.3622 -0.4527 -0.8148
vn -0.6943 -0.3352 -0.6369
vn -0.6715 -0.5519 -0.4945
vn -0.1675 -0.5441 -0.8222
vn -0.1539 -0.2432 -0.9577
vn -0.2676 -0.1859 -0.9454
vn -0.1006 -0.6416 -0.7604
vn -0.1584 -0.3320 -0.9299
vn -0.2664 -0.0299 -0.9634
vn -0.1622 0.0960 -0.9821
vn -0.1526 -0.4403 -0.8848
vn -0.3461 -0.1766 -0.9214
vn -0.1543 -0.1227 -0.9804
vn -0.3447 0.0658 -0.9364
vn -0.5110 0.0056 -0.8596
vn -0.3887 0.2349 -0.8909
vn -0.6791 0.4486 -0.5809
vn -0.4153 0.7060 -0.5737
vn -0.2185 0.3791 -0.8992
vn -0.7895 0.1705 -0.5896
vn -0.9404 0.2935 -0.1719
vn -0.7958 0.5863 -0.1512
vn -0.7911 0.6117 -0.0001
vn -0.5449 0.8385 0.0025
vn -0.5224 0.8453 -0.1119
vn -0.9260 0.3773 -0.0165
vn -0.7927 0.5803 0.1868
vn -0.6046 0.5058 0.6154
vn -0.5471 0.7729 0.3214
vn -0.3464 0.8761 0.3353
vn -0.3214 0.9469 0.0004
vn -0.1686 0.9857 -0.0003
vn -0.1496 0.9766 -0.1543
vn -0.2618 0.9554 -0.1369
vn -0.1355 0.8253 -0.5482
vn -0.2312 0.4242 -0.8756
vn -0.5576 0.1328 -0.8194
vn -0.2659 0.1585 -0.9509
vn -0.5917 -0.1349 -0.7948
vn -0.8546 0.0893 -0.5116
vn -0.8673 -0.0970 -0.4882
vn -0.9442 -0.0060 -0.3294
vn -0.9251 -0.0947 -0.3678
vn -0.9158 -0.0212 -0.4010
vn -0.8949 -0.0907 -0.4370
vn -0.7277 0.1375 -0.6719
vn -0.7402 -0.0575 -0.6700
vn -0.6506 -0.1032 -0.7524
vn -0.2893 0.3535 -0.8896
vn -0.5105 0.6547 -0.5574
vn -0.1332 0.8099 -0.5712
vn -0.0076 0.7680 -0.6405
vn -0.0854 0.8724 -0.4814
vn -0.0221 0.8582 -0.5128
vn -0.0047 0.8780 -0.4787
vn -0.0186 0.6999 -0.7140
vn -0.0020 0.8865 -0.4628
vn -0.0045 0.6738 -0.7389
vn 0.0036 0.9091 -0.4166
vn 0.0013 0.5861 -0.8102
vn 0.0002 0.6312 -0.7756
vn 0.0001 0.7126 -0.7016
vn -0.0034 0.1446 -0.9895
vn 0.0016 0.2149 -0.9766
vn 0.0002 0.2236 -0.9747
vn -0.0000 0.1165 -0.9932
vn 0.0001 0.1173 -0.9931
vn 0.0001 0.1156 -0.9933
vn 0.0002 0.1120 -0.9937
vn -0.0001 0.1110 -0.9938
vn -0.0002 0.1132 -0.9936
vn 0.0002 0.1123 -0.9937
vn -0.0004 0.1531 -0.9882
vn 0.0062 0.1586 -0.9873
vn -0.0004 0.5206 -0.8538
vn 0.0057 0.5304 -0.8477
vn 0.0006 0.8396 -0.5431
vn 0.0004 0.8508 -0.5255
vn 0.0076 0.8467 -0.5320
vn -0.0014 0.9425 -0.3342
vn 0.0028 0.9550 -0.2967
vn -0.0011 0.9664 -0.2569
vn -0.0013 0.9939 -0.1103
vn 0.0005 0.9961 -0.0882
vn -0.0040 0.9975 -0.0704
vn -0.0030 1.0000 -0.0035
vn -0.0003 1.0000 0.0095
vn -0.0085 0.9991 0.0418
vn -0.0193 0.9850 0.1714
vn 0.0104 0.9642 0.2650
vn -0.0108 0.9503 0.3110
vn -0.0267 0.8570 0.5146
vn 0.0017 0.8978 0.4404
vn -0.0007 0.8424 0.5389
vn -0.0396 0.8887 0.4568
vn 0.0014 0.6986 0.7155
vn -0.0425 0.8391 0.5424
vn -0.1347 0.8366 0.5310
vn -0.2023 0.7123 0.6721
vn -0.5062 0.1534 0.8486
vn -0.2125 0.4780 0.8522
vn -0.0190 -0.2982 0.9543
vn 0.3230 -0.3062 0.8955
vn 0.7338 -0.1657 0.6589
vn 0.8963 -0.1163 0.4279
vn 0.9942 -0.0874 0.0622
vn 0.9999 0.0057 0.0106
vn 0.9992 0.0010 0.0389
vn 0.9993 -0.0220 0.0297
vn 0.2166 0.1784 0.9598
vn -0.0035 0.3072 0.9516
vn -0.0436 0.2366 0.9706
vn -0.0347 0.1885 0.9815
vn -0.0208 0.2413 0.9702
vn -0.0303 0.0725 0.9969
vn -0.0266 0.1151 0.9930
vn -0.0249 -0.0364 0.9990
vn -0.0110 -0.0214 0.9997
vn -0.0009 -0.4029 0.9153
vn 0.0020 -0.3109 0.9504
vn -0.0657 -0.2598 0.9634
vn -0.0054 -0.4866 0.8736
vn -0.0429 -0.4478 0.8931
vn -0.2036 -0.4264 0.8813
vn -0.2613 -0.2235 0.9390
vn -0.0844 -0.4732 0.8769
vn -0.2085 -0.1726 0.9627
vn 0.2237 -0.4087 0.8848
vn 0.1655 -0.1098 0.9801
vn 0.4683 -0.3525 0.8102
vn 0.4210 -0.0746 0.9040
vn 0.3887 0.2920 0.8739
vn 0.7286 -0.0481 0.6833
vn 0.7606 -0.2736 0.5888
vn 0.8599 -0.2295 0.4559
vn 0.7580 -0.4837 0.4376
vn 0.7939 -0.4530 0.4056
vn 0.6939 -0.4620 0.5523
vn 0.7097 -0.6017 0.3665
vn 0.6032 -0.6546 0.4557
vn 0.8410 -0.4564 0.2906
vn 0.5006 -0.8415 0.2033
vn 0.7947 -0.5935 0.1275
vn 0.9752 -0.2202 0.0237
vn 0.8101 -0.5790 -0.0918
vn 0.9727 -0.2305 -0.0262
vn 0.7927 0.5976 0.1202
vn 0.9843 -0.1678 -0.0555
vn 0.7893 0.4892 0.3709
vn 0.0401 0.8340 0.5504
vn 0.8006 0.2759 0.5319
vn 0.0306 0.5574 0.8297
vn 0.0080 0.5741 0.8187
vn 0.0154 0.1987 0.9799
vn 0.0090 0.2091 0.9778
vn -0.0140 0.2259 0.9740
vn 0.0049 -0.2113 0.9774
vn -0.0120 -0.2096 0.9777
vn -0.4690 -0.1540 0.8697
vn -0.0137 -0.6199 0.7846
vn -0.0016 -0.6038 0.7971
vn -0.0079 -0.8860 0.4636
vn -0.0064 -0.9005 0.4347
vn -0.0062 -0.9992 0.0391
vn 0.0008 -1.0000 -0.0074
vn -0.0100 -0.9195 -0.3930
vn 0.0005 -0.8993 -0.4373
vn -0.4484 -0.7667 -0.4594
vn -0.0393 -0.6328 -0.7734
vn -0.4345 -0.5295 -0.7286
vn -0.8262 -0.2628 -0.4983
vn -0.8584 -0.4012 -0.3196
vn -0.8837 -0.1752 -0.4340
vn -0.8838 -0.3442 -0.3170
vn -0.8882 -0.4438 -0.1187
vn -0.7420 -0.4632 -0.4847
vn -0.7218 -0.6274 -0.2923
vn -0.5735 -0.8191 0.0127
vn -0.8373 -0.5414 0.0763
vn -0.2942 -0.9253 0.2391
vn -0.5993 -0.7447 0.2936
vn -0.0838 -0.9012 0.4253
vn -0.2342 -0.7801 0.5801
vn -0.0618 -0.9976 0.0321
vn -0.0115 -0.9789 0.2042
vn -0.0043 -0.9910 -0.1339
vn -0.0035 -1.0000 0.0080
vn 0.1288 -0.9386 -0.3202
vn -0.0298 -0.9260 -0.3765
vn 0.1061 -0.8696 -0.4822
vn 0.3668 -0.7420 -0.5612
vn 0.3974 -0.7702 -0.4989
vn 0.5579 -0.5948 -0.5787
vn 0.5591 -0.5993 -0.5730
vn 0.5762 -0.5784 -0.5774
vn 0.5766 -0.5795 -0.5760
vn 0.5797 -0.5826 -0.5696
vn 0.5820 -0.5773 -0.5727
vn 0.5785 -0.5768 -0.5768
vn 0.5848 -0.5741 -0.5731
vn 0.5777 -0.5766 -0.5778
vn 0.5825 -0.5741 -0.5754
vn 0.6183 -0.5535 -0.5579
vn 0.6264 -0.5528 -0.5496
vn 0.7802 -0.4371 -0.4474
vn 0.7953 -0.4300 -0.4273
vn 0.9516 -0.2162 -0.2184
vn 0.9639 -0.1909 -0.1855
vn 0.9564 -0.2313 -0.1784
vn 0.9988 -0.0388 -0.0312
vn 0.9972 -0.0695 -0.0269
vn 0.9430 -0.2946 0.1550
vn 0.9991 -0.0304 0.0292
vn 0.9345 -0.2505 0.2531
vn 0.7137 -0.4947 0.4959
vn 0.9466 -0.2353 0.2206
vn 0.7212 -0.4899 0.4898
vn 0.9528 -0.2125 0.2170
vn 0.7202 -0.4897 0.4915
vn 0.9274 -0.1439 0.3452
vn 0.7180 -0.4450 0.5352
vn 0.8771 0.0919 0.4714
vn 0.7346 -0.3374 0.5886
vn 0.7366 0.3520 0.5775
vn 0.6727 -0.0376 0.7390
vn 0.6083 0.5184 0.6010
vn 0.5040 0.2928 0.8126
vn 0.1992 0.0703 0.9774
vn 0.0777 0.3004 0.9506
vn -0.0033 0.1720 0.9851
vn 0.0475 0.4631 0.8850
vn 0.0080 0.4068 0.9135
vn -0.0720 0.3958 0.9155
vn 0.0020 0.6593 0.7519
vn -0.0597 0.6613 0.7477
vn -0.2972 0.6335 0.7144
vn -0.0579 0.8590 0.5086
vn -0.2684 0.8322 0.4852
vn -0.6129 0.6878 0.3889
vn -0.2636 0.9386 0.2225
vn -0.6044 0.7795 0.1644
vn -0.8110 0.5734 0.1162
vn -0.6125 0.7866 -0.0783
vn -0.8081 0.5866 -0.0531
vn -0.5814 0.8095 -0.0819
vn -0.8134 0.5369 -0.2240
vn -0.5899 0.7456 -0.3101
vn -0.1173 0.8962 -0.4279
vn -0.6259 0.5905 -0.5095
vn -0.1836 0.7074 -0.6825
vn -0.0034 0.6815 -0.7319
vn -0.2396 0.3962 -0.8863
vn -0.0070 0.3953 -0.9185
vn 0.0067 0.3424 -0.9395
vn 0.0026 0.0345 -0.9994
vn -0.0034 -0.0104 -0.9999
vn 0.0254 -0.0625 -0.9977
vn 0.0083 -0.3762 -0.9265
vn 0.0314 -0.4131 -0.9101
vn 0.7907 -0.3293 -0.5160
vn 0.0336 -0.7394 -0.6724
vn 0.7247 -0.5509 -0.4139
vn 0.9981 -0.0384 0.0489
vn 0.7186 -0.6707 -0.1838
vn 0.9995 -0.0309 0.0052
vn 0.8978 0.4215 0.1273
vn 0.9997 -0.0249 -0.0052
vn 0.8917 0.4482 -0.0637
vn 0.8534 0.5141 -0.0867
vn 0.8710 0.3973 -0.2890
vn 0.8636 0.4159 -0.2850
vn 0.8903 0.3762 -0.2566
vn 0.8549 0.2805 -0.4363
vn 0.8952 0.1863 -0.4048
vn 0.6940 0.2897 -0.6591
vn 0.3847 0.3374 -0.8592
vn 0.8835 -0.0460 -0.4662
vn 0.7308 -0.0431 -0.6813
vn 0.4397 -0.0835 -0.8943
vn 0.1786 -0.1515 -0.9722
vn 0.7531 -0.3031 -0.5840
vn 0.4929 -0.3902 -0.7777
vn 0.2392 -0.4668 -0.8514
vn -0.0407 -0.5564 -0.8299
vn -0.1466 -0.2352 -0.9608
vn 0.5332 -0.6095 -0.5867
vn 0.2905 -0.7061 -0.6458
vn 0.0759 -0.7705 -0.6329
vn -0.0097 -0.7612 -0.6485
vn -0.1295 -0.5348 -0.8350
vn 0.3206 -0.8619 -0.3929
vn 0.1198 -0.9192 -0.3750
vn 0.0313 -0.9462 -0.3220
vn 0.0302 -0.9628 -0.2687
vn 0.0991 -0.9914 -0.0860
vn 0.0190 -0.9983 -0.0549
vn 0.0585 -0.9980 -0.0219
vn 0.1597 -0.9872 0.0004
vn 0.3195 -0.9339 -0.1607
vn 0.0307 -0.9840 0.1753
vn 0.1028 -0.9767 0.1883
vn 0.1134 -0.8849 0.4518
vn 0.0048 -0.8837 0.4681
vn 0.0632 -0.7235 0.6874
vn -0.1054 -0.6689 0.7359
vn 0.3033 -0.8310 0.4663
vn 0.2709 -0.6692 0.6920
vn 0.5630 -0.7159 0.4131
vn 0.5163 -0.5933 0.6176
vn 0.7636 -0.5732 0.2972
vn 0.5846 -0.7966 0.1537
vn 0.7470 -0.6552 0.1130
vn 0.6259 -0.7618 0.1670
vn 0.7432 -0.6656 -0.0675
vn 0.6040 -0.7911 -0.0963
vn 0.5176 -0.8462 -0.1269
vn 0.6700 -0.6686 -0.3226
vn 0.5933 -0.7042 -0.3899
vn 0.8418 -0.4759 -0.2547
vn 0.7183 -0.4602 -0.5217
vn 0.8698 -0.3272 -0.3694
vn 0.9851 -0.1453 -0.0915
vn 0.8805 -0.1639 -0.4449
vn 0.9918 -0.0984 -0.0816
vn 0.7494 0.0706 0.6583
vn 0.9913 -0.0717 -0.1108
vn 0.7592 -0.1749 0.6269
vn 0.0213 -0.2046 0.9786
vn 0.7673 -0.4051 0.4971
vn 0.0290 -0.5957 0.8027
vn 0.7337 -0.5876 0.3410
vn 0.0253 -0.8688 0.4946
vn 0.7207 -0.6872 0.0916
vn 0.0249 -0.9955 0.0915
vn 0.0282 -0.9430 -0.3316
vn 0.0003 -0.6863 -0.7273
vn -0.0266 -0.3131 -0.9493
vn -0.3192 0.0886 -0.9435
vn -0.3977 -0.1970 -0.8961
vn -0.7728 0.1170 -0.6238
vn -0.7915 -0.0608 -0.6081
vn -0.8647 0.1100 -0.4900
vn -0.8730 -0.0316 -0.4867
vn -0.7578 0.1423 -0.6368
vn -0.7690 -0.0511 -0.6373
vn -0.7623 -0.2536 -0.5955
vn -0.4342 -0.0822 -0.8971
vn -0.4144 -0.3630 -0.8346
vn -0.3988 -0.5933 -0.6992
vn -0.0636 -0.7859 -0.6151
vn -0.3264 -0.8071 -0.4920
vn -0.1836 -0.9565 -0.2269
vn 0.0780 -0.7428 -0.6649
vn -0.4141 0.2118 -0.8852
vn -0.0977 0.2198 -0.9706
vn -0.3665 0.5002 -0.7845
vn -0.0864 0.5070 -0.8576
vn 0.0020 0.4929 -0.8701
vn -0.0052 0.2311 -0.9729
vn 0.0701 0.5189 -0.8519
vn 0.0476 0.3332 -0.9417
vn 0.1192 0.0706 -0.9904
vn 0.3330 0.4464 -0.8306
vn 0.4427 0.0814 -0.8930
vn 0.5271 -0.3441 -0.7770
vn 0.2882 -0.2327 -0.9289
vn 0.5675 -0.5403 -0.6213
vn 0.5274 -0.4812 -0.7001
vn 0.5804 -0.5710 -0.5806
vn 0.5742 -0.5702 -0.5875
vn 0.6180 -0.5510 -0.5608
vn 0.7602 -0.4574 -0.4614
vn 0.9324 -0.2500 -0.2609
vn 0.9714 0.0321 -0.2353
vn 0.9941 -0.0533 -0.0948
vn 0.9975 -0.0571 -0.0428
vn 0.9988 0.0351 -0.0328
vn 0.9999 -0.0061 0.0125
vn 1.0000 -0.0045 -0.0003
vn 1.0000 0.0014 0.0071
vn 1.0000 -0.0017 -0.0003
vn 0.9996 -0.0255 0.0119
vn 1.0000 -0.0007 -0.0085
vn 0.9999 -0.0134 0.0084
vn 0.9995 0.0296 0.0127
vn 0.9964 0.0345 0.0778
vn 0.9771 0.1650 0.1342
vn 0.9505 0.1925 0.2440
vn 0.8337 0.4015 0.3792
vn 0.7950 0.4139 0.4434
vn 0.6339 0.5450 0.5487
vn 0.9750 0.2019 0.0932
vn 0.8501 0.4326 0.3003
vn 0.9136 0.4066 -0.0042
vn 0.7095 0.6817 0.1783
vn 0.9973 0.0729 0.0029
vn 0.9704 0.2288 -0.0774
vn 0.9999 0.0144 -0.0071
vn 0.9910 0.1122 -0.0728
vn 0.9969 0.0604 -0.0507
vn 0.8887 0.3295 -0.3188
vn 0.9455 0.2227 -0.2377
vn 0.6974 0.4752 -0.5365
vn 0.6406 0.5506 -0.5353
vn 0.5546 0.5866 -0.5902
vn 0.5758 0.5628 -0.5930
vn 0.3218 0.5823 -0.7466
vn 0.3211 0.6876 -0.6512
vn 0.8183 0.2597 -0.5128
vn 0.6477 0.4678 -0.6014
vn 0.0799 0.7365 -0.6716
vn 0.0010 0.7426 -0.6697
vn -0.0732 0.7428 -0.6655
vn -0.0577 0.9094 -0.4120
vn -0.2846 0.8741 -0.3936
vn -0.2699 0.9576 -0.1005
vn -0.0486 0.9933 -0.1049
vn -0.3207 0.7149 -0.6213
vn -0.6593 0.5668 -0.4940
vn -0.6239 0.7179 -0.3089
vn -0.7053 0.3773 -0.6001
vn -0.8452 0.2802 -0.4552
vn -0.8284 0.4285 -0.3608
vn -0.7052 0.3444 -0.6197
vn -0.0536 0.9728 0.2255
vn -0.0011 0.8588 0.5123
vn 0.0456 0.6697 0.7412
vn 0.0162 0.8467 0.5318
vn 0.2206 0.7843 0.5798
vn 0.9993 -0.0021 -0.0372
vn 0.9955 -0.0184 -0.0930
vn 0.8582 0.2344 -0.4567
vn 0.8460 0.0043 -0.5332
vn 0.8184 0.0255 -0.5741
vn 0.8030 -0.1673 -0.5720
vn 0.8606 -0.2291 -0.4549
vn 0.7759 -0.4692 -0.4217
vn 0.7679 -0.4794 -0.4249
vn 0.7590 -0.6053 -0.2397
vn 0.5710 -0.7484 -0.3375
vn 0.5916 -0.8012 -0.0900
vn 0.3164 -0.9434 -0.0999
vn 0.3130 -0.9313 0.1863
vn 0.7098 -0.6768 -0.1952
vn 0.3708 -0.7097 -0.5990
vn 0.5768 -0.8168 0.0103
vn 0.8879 -0.4577 0.0462
vn 0.8737 -0.4504 -0.1837
vn 0.7153 -0.5169 0.4704
vn 0.8275 -0.2838 0.4845
vn 0.9635 -0.2580 0.0711
vn 0.2134 -0.5202 0.8269
vn 0.2971 -0.2617 0.9183
vn 0.2540 -0.0770 0.9641
vn 0.7888 -0.2096 0.5778
vn -0.2397 -0.4984 0.8331
vn -0.2039 -0.2418 0.9487
vn -0.2996 0.0155 0.9540
vn -0.4785 0.2353 0.8460
vn 0.1187 -0.0635 0.9909
vn -0.6989 -0.1777 0.6928
vn -0.7939 0.0638 0.6047
vn -0.8727 0.3312 0.3587
vn -0.8302 0.5158 0.2115
vn -0.5214 0.3333 0.7855
vn -0.9788 0.1283 0.1599
vn -0.9550 0.2879 0.0709
vn -0.8626 0.5034 0.0491
vn -0.6569 0.7535 0.0263
vn -0.6230 0.7534 0.2103
vn -0.9585 0.2849 -0.0051
vn -0.8770 0.4804 0.0003
vn -0.6798 0.7332 -0.0174
vn -0.4346 0.9003 -0.0227
vn -0.4229 0.9057 0.0306
vn -0.8783 0.4631 -0.1189
vn -0.6880 0.7106 -0.1476
vn -0.4568 0.8764 -0.1527
vn -0.3546 0.6388 -0.6827
vn -0.1762 0.7089 -0.6829
vn -0.2217 0.9585 -0.1794
vn -0.2092 0.9774 -0.0294
vn -0.5374 0.5228 -0.6618
vn -0.7411 0.3729 -0.5584
vn -0.2417 0.1231 -0.9625
vn -0.1451 0.1186 -0.9823
vn -0.0695 0.0861 -0.9939
vn -0.0261 0.0853 -0.9960
vn 0.1572 -0.2044 -0.9662
vn 0.1670 -0.3761 -0.9114
vn 0.1042 -0.4661 -0.8786
vn 0.2126 -0.8589 -0.4660
vn 0.0696 -0.9024 -0.4253
vn 0.0292 -0.5265 -0.8497
vn -0.0085 0.0491 -0.9988
vn 0.3402 -0.7492 -0.5683
vn 0.4815 -0.5317 -0.6967
vn 0.6664 -0.7008 -0.2548
vn 0.4130 -0.8932 -0.1780
vn 0.2523 -0.9597 -0.1236
vn 0.2589 -0.9658 -0.0113
vn 0.0969 -0.9953 -0.0013
vn 0.0883 -0.9914 -0.0969
vn 0.4387 -0.8984 -0.0185
vn 0.6940 -0.7188 -0.0411
vn 0.7064 -0.7068 0.0376
vn 0.4490 -0.8918 0.0555
vn 0.2611 -0.9624 0.0754
vn 0.2531 -0.8947 0.3680
vn 0.1164 -0.9090 0.4002
vn 0.1100 -0.9874 0.1135
vn 0.4321 -0.8386 0.3318
vn 0.6919 -0.6567 0.3002
vn 0.4649 -0.4063 0.7866
vn 0.2818 -0.5316 0.7987
vn 0.1604 -0.5342 0.8300
vn -0.0123 0.0321 0.9994
vn -0.0102 0.0988 0.9951
vn 0.0837 -0.5296 0.8441
vn 0.0010 -0.0421 0.9991
vn 0.0430 -0.0368 0.9984
vn -0.3789 0.4656 0.7997
vn -0.2656 0.6471 0.7146
vn -0.4089 0.8991 0.1562
vn -0.1650 0.9756 0.1451
vn -0.1268 0.7539 0.6447
vn -0.0320 0.9894 0.1415
vn -0.0197 0.7717 0.6357
vn 0.0119 0.1734 0.9848
vn -0.0005 0.7732 0.6341
vn -0.0009 0.1926 0.9813
vn -0.0055 -0.4350 0.9004
vn 0.0389 -0.4758 0.8787
vn -0.0014 -0.9031 0.4294
vn 0.0335 -0.9179 0.3954
vn 0.0004 -0.9949 0.1010
vn 0.0165 -0.9951 0.0976
vn -0.0003 -0.9999 0.0121
vn 0.0122 -0.9999 0.0071
vn -0.0020 -0.9973 -0.0731
vn 0.0104 -0.9962 -0.0868
vn -0.0043 -0.9325 -0.3612
vn 0.0081 -0.9197 -0.3926
vn -0.0024 -0.6060 -0.7955
vn 0.0105 -0.5777 -0.8162
vn -0.0039 -0.0058 -1.0000
vn 0.0067 0.0253 -0.9997
vn -0.0016 0.6880 -0.7257
vn -0.0051 0.7122 -0.7020
vn -0.0433 0.7177 -0.6950
vn -0.0077 0.9801 -0.1985
vn -0.0481 0.9822 -0.1817
vn -0.0051 0.9994 -0.0336
vn -0.0423 0.9987 -0.0294
vn -0.0034 0.9999 0.0166
vn -0.0379 0.9991 0.0166
vn -0.1864 0.9822 0.0244
vn -0.0027 0.9902 0.1394
vn 0.0016 0.9998 0.0173
vn -0.0005 0.9905 0.1375
vn 0.0001 0.7765 0.6302
vn -0.0023 0.9903 0.1391
vn -0.0029 0.7777 0.6287
vn -0.0011 0.2120 0.9773
vn 0.0026 0.2029 0.9792
vn -0.0032 -0.3868 0.9222
vn 0.0056 -0.4109 0.9117
vn -0.0041 -0.8775 0.4796
vn 0.0054 -0.8900 0.4560
vn -0.0043 -0.9922 0.1245
vn 0.0015 -0.9938 0.1109
vn -0.0019 -0.9997 0.0227
vn 0.0011 -0.9999 0.0144
vn -0.0016 -0.9991 -0.0418
vn 0.0034 -0.9982 -0.0595
vn -0.0083 -0.9616 -0.2743
vn 0.0106 -0.9476 -0.3194
vn -0.0188 -0.7120 -0.7019
vn 0.0142 -0.6431 -0.7656
vn -0.0186 -0.1912 -0.9814
vn 0.0191 -0.0610 -0.9980
vn -0.0318 0.5239 -0.8512
vn 0.0195 0.6449 -0.7641
vn -0.0209 0.9453 -0.3255
vn 0.0062 0.9715 -0.2370
vn 0.0028 0.9764 -0.2160
vn -0.0009 0.9993 -0.0387
vn 0.0039 0.9994 -0.0358
vn -0.0015 0.9998 0.0192
vn -0.0042 0.9985 -0.0552
vn -0.0005 1.0000 0.0096
vn 0.0016 0.9921 0.1256
vn 0.0592 0.9982 0.0107
vn 0.0589 0.9916 0.1153
vn 0.0410 0.8049 0.5921
vn 0.0052 0.7861 0.6181
vn 0.0105 0.2719 0.9623
vn 0.0070 0.2212 0.9752
vn -0.0529 -0.2884 0.9560
vn 0.0053 -0.3561 0.9344
vn -0.1050 -0.7960 0.5962
vn -0.0005 -0.8575 0.5145
vn -0.1175 -0.9722 0.2024
vn -0.0078 -0.9898 0.1420
vn -0.1254 -0.9907 0.0528
vn -0.0099 -0.9994 0.0340
vn -0.1394 -0.9900 -0.0214
vn -0.0133 -0.9993 -0.0340
vn -0.1498 -0.9731 -0.1748
vn -0.0116 -0.9732 -0.2295
vn -0.1346 -0.8168 -0.5609
vn -0.0020 -0.7744 -0.6327
vn -0.0659 -0.3748 -0.9248
vn 0.0064 -0.2994 -0.9541
vn 0.0374 0.2097 -0.9770
vn 0.0342 0.3846 -0.9225
vn 0.1851 0.7842 -0.5922
vn 0.0672 0.8993 -0.4322
vn 0.2692 0.9542 -0.1305
vn 0.0592 0.9951 -0.0789
vn 0.3158 0.9488 -0.0110
vn 0.5931 0.7762 -0.2140
vn 0.6238 0.7797 -0.0542
vn 0.6413 0.7671 0.0189
vn 0.3605 0.9302 0.0685
vn 0.5971 0.7649 0.2419
vn 0.3447 0.8054 0.4822
vn 0.3516 0.5561 0.7531
vn 0.1524 0.3299 0.9316
vn 0.0899 0.1394 0.9861
vn -0.0028 -0.1099 0.9939
vn -0.2685 -0.2511 0.9300
vn -0.1813 -0.6077 0.7732
vn -0.5854 -0.6376 0.5007
vn -0.3438 -0.8980 0.2746
vn -0.6630 -0.7414 0.1039
vn -0.3966 -0.9164 0.0533
vn -0.6901 -0.7235 -0.0175
vn -0.4239 -0.9057 -0.0088
vn -0.6952 -0.6924 -0.1934
vn -0.4387 -0.8856 -0.1524
vn -0.5674 -0.5662 -0.5979
vn -0.3926 -0.7508 -0.5312
vn -0.2282 -0.2389 -0.9438
vn -0.1924 -0.3583 -0.9136
vn 0.0978 0.0702 -0.9927
vn 0.0656 0.0757 -0.9950
vn 0.3854 0.5129 -0.7670
vn 0.3928 -0.1578 -0.9060
vn 0.8785 -0.2501 -0.4071
vn 0.9624 -0.1961 -0.1878
vn 0.9636 -0.1715 -0.2050
vn 0.8753 -0.1557 -0.4578
vn 0.7780 -0.2449 -0.5786
vn 0.9217 -0.2472 -0.2991
vn 0.8803 -0.1893 -0.4350
vn 0.6460 -0.2000 -0.7366
vn 0.6649 -0.1255 -0.7363
vn 0.7237 -0.5098 -0.4653
vn 0.4272 -0.4639 -0.7760
vn 0.1520 -0.3599 -0.9205
vn 0.3260 -0.1602 -0.9317
vn 0.1632 -0.9454 -0.2822
vn 0.0528 -0.8166 -0.5748
vn -0.0597 -0.6393 -0.7666
vn -0.0956 -0.5195 -0.8491
vn 0.0578 -0.2344 -0.9704
vn -0.1268 -0.9082 -0.3989
vn -0.1008 -0.7406 -0.6644
vn -0.2066 -0.7116 -0.6716
vn -0.1098 -0.6229 -0.7746
vn 0.0206 -0.1406 -0.9898
vn 0.0105 -0.0513 -0.9986
vn -0.1007 -0.2093 -0.9727
vn 0.1178 -0.1352 -0.9838
vn -0.1540 -0.3808 -0.9117
vn 0.0890 -0.2758 -0.9571
vn 0.3661 -0.1917 -0.9106
vn 0.2903 -0.2784 -0.9156
vn 0.6520 -0.2226 -0.7248
vn 0.6391 -0.2183 -0.7375
vn 0.6022 -0.2557 -0.7563
vn 0.4954 -0.2544 -0.8306
vn 0.6332 -0.3707 -0.6794
vn 0.2241 -0.2553 -0.9405
vn 0.4063 -0.4833 -0.7755
vn 0.5809 -0.6590 -0.4778
vn 0.7939 -0.4776 -0.3763
vn 0.6345 -0.7293 -0.2560
vn 0.2667 -0.8637 -0.4277
vn 0.6371 -0.6456 -0.4212
vn 0.1860 -0.6363 -0.7487
vn 0.0169 -0.7298 -0.6834
vn -0.0008 -0.9515 -0.3076
vn 0.0261 -0.8135 -0.5810
vn -0.0054 -0.9721 -0.2346
vn -0.0048 -0.9980 -0.0625
vn 0.0141 -0.9933 -0.1145
vn -0.0028 -0.9996 -0.0278
vn -0.0032 -0.9996 0.0269
vn -0.0026 -0.9993 0.0363
vn 0.0219 -0.9854 0.1691
vn -0.0089 -0.9777 0.2096
vn 0.0736 -0.8787 0.4717
vn -0.0050 -0.8441 0.5362
vn -0.0016 -0.8102 0.5861
vn 0.0737 -0.7384 0.6703
vn 0.0102 -0.5055 0.8628
vn -0.0061 -0.4592 0.8883
vn 0.0268 -0.4055 0.9137
vn 0.1549 -0.3081 0.9387
vn 0.2965 -0.6007 0.7425
vn -0.0024 -0.5179 0.8555
vn 0.0302 -0.5477 0.8361
vn 0.1750 -0.4405 0.8805
vn 0.3725 -0.2561 0.8920
vn 0.2743 -0.2030 0.9400
vn 0.0311 -0.7100 0.7035
vn 0.1960 -0.5718 0.7966
vn 0.4662 -0.3421 0.8158
vn 0.1708 -0.0530 0.9839
vn 0.5321 -0.1795 0.8274
vn 0.5967 -0.2525 0.7617
vn 0.3714 -0.2938 0.8808
vn 0.6291 -0.2831 0.7240
vn 0.6682 -0.2184 0.7112
vn 0.4651 -0.2980 0.8336
vn 0.8077 -0.2620 0.5282
vn 0.6315 -0.4420 0.6371
vn 0.4927 -0.4601 0.7386
vn 0.7734 -0.5503 0.3148
vn 0.6347 -0.6469 0.4226
vn 0.3978 -0.8279 0.3955
vn 0.6984 -0.6989 0.1540
vn 0.8098 -0.5539 0.1934
vn 0.9251 -0.2963 0.2374
vn 0.9631 -0.2350 0.1312
vn 0.9646 -0.1750 0.1973
vn 0.8808 -0.1685 0.4424
vn 0.8904 -0.1773 0.4192
vn 0.9599 -0.1880 0.2081
vn 0.8837 -0.1904 0.4275
vn 0.9545 -0.2023 0.2190
vn 0.8729 -0.1507 0.4640
vn 0.9371 -0.2583 0.2350
vn 0.7900 -0.3177 0.5243
vn 0.2698 -0.1951 0.9429
vn -0.4649 -0.4336 0.7719
vn -0.0456 -0.0923 0.9947
vn -0.8079 -0.5612 0.1800
vn -0.8586 -0.5126 -0.0135
vn 0.8045 -0.3935 0.4449
vn 0.3007 -0.8855 0.3541
vn -0.0159 -0.8350 0.5500
vn -0.1705 -0.8988 0.4038
vn -0.1895 -0.9684 0.1621
vn 0.4475 -0.4495 0.7731
vn 0.1459 -0.3805 0.9132
vn -0.1521 -0.7743 0.6142
vn 0.6407 -0.1549 0.7520
vn 0.3199 -0.1045 0.9417
vn 0.1002 -0.0448 0.9940
vn -0.0170 -0.2307 0.9729
vn 0.6565 -0.1519 0.7388
vn 0.3466 -0.1035 0.9323
vn 0.1184 -0.1059 0.9873
vn -0.1506 -0.1951 0.9692
vn -0.0001 -0.0329 0.9995
vn 0.3543 -0.1549 0.9222
vn 0.2048 -0.2594 0.9438
vn -0.1667 -0.3792 0.9102
vn -0.3054 -0.4735 0.8262
vn -0.3161 -0.4076 0.8567
vn 0.0061 -0.2093 0.9778
vn -0.0595 -0.1393 0.9885
vn -0.0406 -0.0697 0.9967
vn -0.1508 -0.3809 0.9123
vn 0.0159 -0.0050 0.9999
vn 0.0008 -0.0027 1.0000
vn -0.0006 -0.0017 1.0000
vn -0.0004 -0.0390 0.9992
vn -0.0009 0.0072 1.0000
vn -0.0012 0.0241 0.9997
vn 0.0001 0.0321 0.9995
vn -0.0007 0.0374 0.9993
vn -0.0003 0.0448 0.9990
vn -0.0008 0.0583 0.9983
vn -0.0017 0.0667 0.9978
vn -0.0042 0.0806 0.9967
vn -0.0071 0.0377 0.9993
vn -0.0045 0.2063 0.9785
vn -0.0000 0.2400 0.9708
vn -0.0316 0.3456 0.9379
vn -0.0366 0.5921 0.8051
vn -0.0538 0.2084 0.9766
vn -0.0049 0.6839 0.7295
vn -0.0458 0.7434 0.6672
vn -0.0056 0.9215 0.3884
vn -0.0010 0.8994 0.4371
vn -0.0218 0.7442 0.6676
vn 0.0187 0.6137 0.7893
vn -0.0159 0.2737 0.9617
vn 0.0027 0.1600 0.9871
vn -0.0100 0.1505 0.9886
vn -0.5716 0.2179 0.7910
vn -0.0011 0.1168 0.9931
vn -0.0171 0.1191 0.9927
vn -0.5787 0.1898 0.7932
vn -0.9459 0.1381 0.2937
vn -0.9535 0.1369 0.2686
vn -0.0257 0.1142 0.9931
vn -0.5437 0.1904 0.8174
vn -0.9205 0.2630 0.2889
vn -0.5721 0.2003 0.7953
vn -0.9735 0.1651 0.1579
vn -0.9843 0.1074 0.1398
vn -0.9907 0.1335 0.0269
vn -0.9854 0.1093 0.1308
vn -0.9642 0.2604 0.0493
vn -0.9694 0.2049 0.1351
vn -0.7057 0.7065 0.0542
vn -0.9652 0.2529 -0.0665
vn -0.8131 0.5711 -0.1128
vn -0.3726 0.9140 -0.1607
vn -0.2407 0.9704 0.0199
vn -0.9609 0.2077 -0.1831
vn -0.9856 0.1592 -0.0568
vn -0.9718 0.1652 -0.1685
vn -0.9352 0.1792 -0.3054
vn -0.9258 0.2546 -0.2794
vn -0.8939 0.2045 -0.3989
vn -0.8525 0.3583 -0.3806
vn -0.8002 0.2241 -0.5563
vn -0.7354 0.3956 -0.5501
vn -0.5929 0.6800 -0.4313
vn -0.3719 0.4061 -0.8347
vn -0.2853 0.8134 -0.5069
vn -0.8054 0.4158 -0.4225
vn -0.0567 0.4958 -0.8666
vn -0.3881 0.2001 -0.8996
vn 0.0002 0.1581 -0.9874
vn -0.0051 0.1598 -0.9871
vn -0.0072 0.5507 -0.8347
vn 0.0022 0.1406 -0.9901
vn 0.0071 0.5673 -0.8235
vn -0.0000 0.1348 -0.9909
vn -0.0030 0.1156 -0.9933
vn -0.0005 0.1154 -0.9933
vn -0.0001 0.1146 -0.9934
vn -0.0007 0.1121 -0.9937
vn -0.0003 0.1116 -0.9938
vn -0.0001 0.1118 -0.9937
vn -0.0001 0.1168 -0.9932
vn -0.0003 0.1148 -0.9934
vn 0.0026 0.1978 -0.9802
vn -0.0030 0.1676 -0.9859
vn 0.0023 0.5890 -0.8081
vn -0.0049 0.5513 -0.8343
vn 0.0036 0.8884 -0.4590
vn -0.0049 0.8614 -0.5079
vn 0.0075 0.9660 -0.2584
vn -0.0063 0.9458 -0.3248
vn -0.0001 0.9368 -0.3499
vn -0.0017 0.9905 -0.1378
vn -0.0011 0.9885 -0.1511
vn -0.0006 0.9901 -0.1401
vn -0.0006 0.9993 -0.0375
vn 0.0005 0.9994 -0.0342
vn -0.0006 0.9998 -0.0202
vn -0.0011 0.9996 0.0296
vn 0.0011 0.9991 0.0433
vn 0.0058 0.9961 0.0882
vn -0.0058 0.9786 0.2059
vn 0.0372 0.9490 0.3131
vn -0.0031 0.8765 0.4813
vn 0.0987 0.7085 0.6988
vn 0.0012 0.4765 0.8791
vn 0.0628 0.2779 0.9585
vn -0.2169 0.2709 0.9378
vn -0.0190 0.1445 0.9893
vn -0.2529 0.3208 0.9127
vn -0.5371 0.5006 0.6790
vn -0.3031 0.7508 0.5869
vn -0.0409 0.3421 0.9388
vn -0.2430 0.4065 0.8808
vn -0.4143 0.6791 0.6060
vn -0.0148 0.8613 0.5079
vn 0.0186 0.5188 0.8547
vn -0.0784 0.2609 0.9622
vn -0.0008 0.1163 0.9932
vn -0.0022 0.1139 0.9935
vn 0.0004 0.1194 0.9928
vn -0.0000 0.1125 0.9936
vn -0.0020 0.5289 0.8487
vn -0.0045 0.5523 0.8337
vn -0.0004 0.1316 0.9913
vn 0.0014 0.9120 0.4102
vn -0.0017 0.9170 0.3989
vn 0.0049 0.9173 0.3982
vn -0.0251 0.6251 0.7801
vn 0.0016 0.9866 0.1631
vn -0.0001 0.9883 0.1524
vn 0.0028 0.9887 0.1497
vn 0.0411 0.9924 0.1164
vn 0.0085 0.9483 0.3173
vn -0.0000 0.9996 0.0281
vn 0.0009 0.9995 0.0318
vn 0.0441 0.9984 0.0343
vn 0.0938 0.9951 0.0326
vn 0.1086 0.9931 0.0441
vn 0.0013 0.9995 -0.0319
vn 0.0464 0.9986 -0.0248
vn 0.0874 0.9961 0.0132
vn -0.0924 0.9957 -0.0027
vn 0.0150 0.9967 -0.0801
vn 0.0266 0.9931 -0.1146
vn -0.0471 0.9795 -0.1959
vn -0.0868 0.9746 0.2065
vn -0.0270 0.9907 0.1335
vn -0.1802 0.9829 -0.0380
vn -0.0269 0.9503 0.3100
vn -0.0965 0.9935 -0.0604
vn -0.2475 0.8444 -0.4751
vn -0.2164 0.9081 -0.3584
vn -0.4048 0.8705 -0.2800
vn -0.0627 0.9836 -0.1691
vn -0.3052 0.9457 -0.1120
vn -0.6571 0.7497 -0.0784
vn -0.7703 0.6344 -0.0642
vn -0.8530 0.5103 -0.1094
vn -0.6379 0.6865 -0.3489
vn -0.8516 0.4058 -0.3320
vn -0.9003 0.2582 -0.3503
vn -0.9418 0.2762 -0.1914
vn -0.9172 0.2075 -0.3400
vn -0.9642 0.1864 -0.1884
vn -0.8646 0.2374 -0.4429
vn -0.8715 0.2206 -0.4381
vn -0.7659 0.2277 -0.6013
vn -0.3695 0.1894 -0.9097
vn -0.0203 0.1273 -0.9917
vn -0.0290 0.1224 -0.9921
vn -0.0098 0.1197 -0.9928
vn -0.0096 0.1170 -0.9931
vn -0.0036 0.1123 -0.9937
vn 0.0071 0.2714 -0.9625
vn -0.0126 0.1836 -0.9829
vn -0.0056 0.1246 -0.9922
vn -0.0083 0.5125 -0.8587
vn -0.0337 0.3100 -0.9501
vn 0.0238 0.8690 -0.4942
vn -0.0612 0.6926 -0.7187
vn -0.0319 0.9193 -0.3922
vn -0.0535 0.6667 -0.7434
vn -0.2287 0.7173 -0.6582
vn -0.2666 0.8908 -0.3680
vn -0.0174 0.3626 -0.9318
vn -0.2229 0.9320 0.2858
vn -0.1584 0.9579 0.2395
vn 0.0187 0.9682 0.2493
vn -0.0562 0.9466 0.3173
vn -0.0039 0.9067 0.4217
vn 0.0199 0.7910 0.6114
vn 0.0035 0.7004 0.7137
vn 0.0404 0.4357 0.8992
vn -0.0146 0.2414 0.9703
vn -0.0009 0.1296 0.9916
vn 0.0007 0.1137 0.9935
vn -0.0003 0.1113 0.9938
vn 0.0005 0.1129 0.9936
vn 0.0001 0.1166 0.9932
vn -0.0011 0.1226 0.9925
vn 0.0020 0.1411 0.9900
vn -0.0114 0.3334 0.9427
vn 0.0245 0.5645 0.8251
vn -0.0090 0.7865 0.6175
vn 0.0114 0.8865 0.4625
vn 0.0037 0.9107 0.4130
vn -0.0068 0.8626 0.5058
vn -0.0075 0.7127 0.7014
vn -0.0035 0.6082 0.7938
vn -0.0171 0.3629 0.9317
vn -0.0071 0.3109 0.9504
vn -0.0112 0.2155 0.9764
vn -0.0146 0.1360 0.9906
vn -0.0141 0.1027 0.9946
vn -0.0177 0.1220 0.9924
vn -0.0147 0.0683 0.9976
vn -0.0165 0.0602 0.9980
vn -0.0227 0.0795 0.9966
vn -0.0660 0.1841 0.9807
vn -0.0568 0.1317 0.9897
vn -0.1083 0.2286 0.9675
vn -0.0277 0.0231 0.9993
vn -0.0509 0.0382 0.9980
vn -0.0285 -0.0459 0.9985
vn -0.0393 -0.0619 0.9973
vn -0.0117 -0.4916 0.8707
vn -0.0240 -0.4797 0.8771
vn -0.0010 -0.7187 0.6953
vn -0.0216 -0.6916 0.7220
vn -0.0323 -0.6181 0.7854
vn 0.0032 -0.5580 0.8298
vn -0.0133 -0.5129 0.8583
vn 0.0210 -0.6035 0.7971
vn 0.0108 -0.4949 0.8689
vn 0.0112 -0.7237 0.6901
vn -0.0015 -0.7334 0.6798
vn 0.0020 -0.4692 0.8831
vn -0.0040 -0.4261 0.9047
vn -0.0066 -0.3524 0.9358
vn -0.0015 -0.0150 0.9999
vn -0.0216 0.0058 0.9998
vn -0.0086 0.0308 0.9995
vn -0.0182 0.0480 0.9987
vn -0.0238 0.0419 0.9988
vn -0.0099 0.0328 0.9994
vn -0.0162 0.0793 0.9967
vn -0.0158 0.0711 0.9973
vn -0.0069 0.0720 0.9974
vn 0.0033 0.1030 0.9947
vn -0.0158 0.1290 0.9915
vn 0.0087 0.2326 0.9725
vn 0.0054 0.4873 0.8732
vn -0.0012 0.6414 0.7672
vn 0.0245 0.5759 0.8171
vn 0.0018 0.8498 0.5272
vn 0.0042 0.9089 0.4169
vn 0.0044 0.9377 0.3474
vn 0.0159 0.8555 0.5176
vn -0.0214 0.7238 0.6896
vn 0.0199 0.4535 0.8911
vn -0.0162 0.2632 0.9646
vn -0.0002 0.1232 0.9924
vn -0.0006 0.1175 0.9931
vn -0.0006 0.1137 0.9935
vn -0.0006 0.1122 0.9937
vn -0.0027 0.1121 0.9937
vn -0.0021 0.1181 0.9930
vn 0.0075 0.1486 0.9889
vn -0.0100 0.1579 0.9874
vn -0.0073 0.4664 0.8846
vn -0.0091 0.2660 0.9639
vn -0.0232 0.8592 0.5112
vn -0.1157 0.9626 0.2448
vn -0.3216 0.8949 0.3095
vn -0.1913 0.9661 0.1736
vn -0.0009 0.1118 0.9937
vn -0.0005 0.1217 0.9926
vn 0.0066 0.8443 0.5358
vn -0.0082 -0.0351 0.9993
vn -0.0128 0.0170 0.9998
vn -0.0417 -0.0590 0.9974
vn -0.0008 -0.0060 1.0000
vn 0.0139 -0.0383 0.9992
vn 0.0225 -0.0607 0.9979
vn -0.1387 -0.3789 0.9150
vn -0.2057 -0.6935 0.6905
vn -0.2526 -0.8465 0.4687
vn -0.3011 -0.9234 0.2379
vn -0.3073 -0.8572 0.4134
vn -0.0496 -0.4619 0.8855
vn -0.1207 -0.8941 0.4314
vn 0.6413 -0.1457 0.7534
vn 0.1868 -0.9396 0.2869
vn 0.7014 -0.5790 0.4157
vn 0.8392 -0.5252 0.1408
vn 0.8532 -0.3073 0.4214
vn 0.9344 -0.3106 0.1745
vn 0.9514 -0.3017 0.0619
vn 0.9358 -0.3475 0.0602
vn 0.9539 -0.2987 -0.0305
vn 0.9514 -0.3000 0.0698
vn 0.9534 -0.2991 -0.0401
vn 0.9429 -0.2926 -0.1592
vn 0.9444 -0.2975 -0.1398
vn 0.8744 -0.2780 -0.3976
vn 0.8849 -0.2957 -0.3598
vn 0.6575 -0.2271 -0.7185
vn 0.8454 -0.3050 -0.4384
vn 0.6331 -0.2305 -0.7389
vn 0.3687 -0.1349 -0.9197
vn 0.3386 -0.1202 -0.9332
vn 0.1238 -0.0454 -0.9913
vn 0.0998 -0.0247 -0.9947
vn 0.0127 -0.0063 -0.9999
vn 0.1181 -0.0404 -0.9922
vn 0.0138 -0.0070 -0.9999
vn -0.0014 -0.0004 -1.0000
vn -0.0012 -0.0033 -1.0000
vn -0.0192 0.0055 -0.9998
vn -0.0143 0.0011 -0.9999
vn -0.1017 0.0326 -0.9943
vn -0.0957 0.0430 -0.9945
vn -0.2245 0.0775 -0.9714
vn -0.1222 0.0152 -0.9924
vn -0.2329 0.0684 -0.9701
vn -0.5133 0.1254 -0.8490
vn -0.1421 0.0814 -0.9865
vn -0.5267 0.1900 -0.8286
vn -0.8053 0.2506 -0.5374
vn -0.8006 0.1640 -0.5763
vn -0.8951 0.2640 -0.3592
vn -0.9149 0.1764 -0.3631
vn -0.9411 0.2720 -0.2010
vn -0.9653 0.1839 -0.1852
vn -0.9605 0.2750 -0.0425
vn -0.9811 0.1897 -0.0370
vn -0.9594 0.2688 0.0855
vn -0.9790 0.1866 0.0817
vn -0.9349 0.3458 0.0799
vn -0.9519 0.1840 0.2451
vn -0.9064 0.3329 0.2602
vn -0.8439 0.4985 0.1981
vn -0.8402 0.3080 0.4464
vn -0.8171 0.4661 0.3391
vn -0.8222 0.5051 0.2624
vn -0.8406 0.5227 0.1422
vn -0.7586 0.6404 0.1199
vn -0.7343 0.4194 0.5337
vn -0.7875 0.4645 0.4052
vn -0.5006 0.2905 0.8155
vn -0.6305 0.3538 0.6909
vn -0.2489 0.1374 0.9587
vn -0.3497 0.1764 0.9201
vn -0.1027 0.0485 0.9935
vn -0.1245 0.0493 0.9910
vn -0.2705 -0.0926 0.9583
vn -0.0213 -0.0080 0.9997
vn -0.0955 -0.2860 0.9535
vn -0.0983 -0.2676 0.9585
vn -0.3695 -0.0960 0.9243
vn 0.0242 -0.1163 0.9929
vn 0.0014 -0.0113 0.9999
vn -0.0179 0.0038 0.9998
vn -0.0013 -0.0025 1.0000
vn 0.0141 -0.0060 0.9999
vn 0.0120 -0.0047 0.9999
vn 0.1208 -0.0410 0.9918
vn 0.1000 -0.0358 0.9943
vn 0.3574 -0.1296 0.9249
vn 0.3454 -0.1276 0.9298
vn 0.6053 -0.2243 0.7638
vn 0.6314 -0.2192 0.7438
vn 0.8207 -0.2996 0.4865
vn 0.8533 -0.2752 0.4429
vn 0.9198 -0.3277 0.2158
vn 0.9377 -0.2963 0.1813
vn 0.9410 -0.3290 0.0789
vn 0.9118 -0.3358 0.2363
vn 0.9359 -0.3417 0.0852
vn 0.9378 -0.3430 -0.0547
vn 0.9430 -0.3289 -0.0516
vn 0.9171 -0.3389 -0.2098
vn 0.9254 -0.3289 -0.1885
vn 0.8247 -0.3000 -0.4794
vn 0.9388 -0.2613 -0.2243
vn 0.8734 -0.0986 -0.4770
vn 0.6597 0.0818 -0.7470
vn 0.6152 -0.2083 -0.7603
vn 0.3457 0.0842 -0.9346
vn 0.3616 -0.1150 -0.9252
vn 0.0904 -0.0114 -0.9958
vn 0.2026 0.0731 -0.9765
vn -0.0032 0.0073 -1.0000
vn -0.0033 -0.0158 -0.9999
vn 0.0112 -0.0797 -0.9968
vn 0.0079 0.0067 -0.9999
vn -0.0100 -0.0686 -0.9976
vn 0.0073 0.0143 -0.9999
vn -0.0200 -0.0246 -0.9995
vn -0.0019 0.0284 -0.9996
vn 0.0054 -0.0041 -1.0000
vn 0.0004 -0.0019 -1.0000
vn -0.1362 0.0333 -0.9901
vn -0.0367 -0.1846 -0.9821
vn -0.1866 -0.1236 -0.9746
vn -0.6178 -0.0392 -0.7854
vn -0.5101 0.1304 -0.8502
vn -0.8673 -0.0151 -0.4976
vn -0.8050 0.1941 -0.5607
vn -0.9284 -0.0545 -0.3676
vn -0.9018 0.2143 -0.3754
vn -0.9761 -0.1011 -0.1922
vn -0.9561 0.2112 -0.2031
vn -0.9894 -0.1396 -0.0395
vn -0.9795 0.1966 -0.0441
vn -0.9807 -0.1763 0.0840
vn -0.9816 0.1671 0.0926
vn -0.9467 -0.2058 0.2477
vn -0.9500 0.1408 0.2785
vn -0.9323 0.2521 0.2592
vn -0.8833 0.1244 0.4520
vn -0.8843 0.2286 0.4072
vn -0.8912 0.1825 0.4153
vn -0.7681 0.2102 0.6049
vn -0.7451 0.1718 0.6444
vn -0.7061 0.2469 0.6637
vn -0.4357 0.1271 0.8911
vn -0.4252 0.1418 0.8939
vn -0.2084 0.0762 0.9751
vn -0.2097 0.0680 0.9754
vn -0.0929 0.0221 0.9954
vn -0.1038 0.0324 0.9941
vn -0.0247 -0.0391 0.9989
vn -0.0204 0.0056 0.9998
vn -0.0138 -0.0784 0.9968
vn -0.0015 -0.0003 1.0000
vn 0.0092 -0.0836 0.9965
vn 0.0142 -0.0069 0.9999
vn 0.1291 -0.0440 0.9907
vn 0.1177 -0.0422 0.9922
vn 0.3684 0.0308 0.9292
vn 0.3562 -0.1202 0.9267
vn 0.5970 0.0997 0.7961
vn 0.5909 -0.2069 0.7798
vn 0.8372 -0.0271 0.5463
vn 0.8015 -0.2935 0.5209
vn 0.9509 -0.1957 0.2397
vn 0.8283 0.2623 0.4950
vn 0.9232 0.2668 0.2765
vn 0.9917 0.0929 0.0886
vn 0.9435 -0.3205 0.0845
vn 0.9966 0.0638 -0.0526
vn 0.9489 -0.3122 -0.0452
vn 0.9445 0.2113 -0.2515
vn 0.8900 0.4528 -0.0532
vn 0.8368 0.4699 -0.2809
vn 0.7956 0.2072 -0.5693
vn 0.8375 0.2802 -0.4691
vn 0.5154 0.0097 -0.8569
vn 0.5939 0.2316 -0.7705
vn 0.1404 -0.0626 -0.9881
vn 0.5026 -0.3689 -0.7818
vn 0.1407 -0.2767 -0.9506
vn -0.0261 -0.2694 -0.9627
vn -0.0040 -0.0661 -0.9978
vn -0.0349 -0.2715 -0.9618
vn -0.0020 -0.0112 -0.9999
vn -0.0291 -0.2475 -0.9684
vn 0.0129 0.0333 -0.9994
vn -0.0245 -0.2213 -0.9749
vn -0.0677 -0.5373 -0.8407
vn -0.0634 -0.4995 -0.8640
vn -0.0805 -0.4310 -0.8987
vn -0.1065 -0.7760 -0.6217
vn -0.1296 -0.6920 -0.7102
vn -0.1289 -0.9443 -0.3028
vn -0.1651 -0.8994 -0.4048
vn -0.1290 -0.9831 -0.1295
vn -0.1747 -0.9702 -0.1682
vn -0.4244 -0.8730 -0.2401
vn -0.1787 -0.9805 -0.0814
vn -0.3921 -0.9155 -0.0901
vn -0.7009 -0.7041 -0.1138
vn -0.7284 -0.6204 -0.2909
vn -0.8939 -0.4212 -0.1536
vn -0.8849 -0.3221 -0.3364
vn -0.6779 -0.7346 -0.0297
vn -0.8784 -0.4766 -0.0350
vn -0.6479 -0.7602 0.0483
vn -0.8612 -0.5041 0.0648
vn -0.6218 -0.7731 0.1250
vn -0.8387 -0.5121 0.1855
vn -0.6095 -0.7705 0.1864
vn -0.8239 -0.4883 0.2877
vn -0.8974 -0.1927 0.3969
vn -0.7730 -0.1957 0.6035
vn -0.7489 0.0898 0.6566
vn -0.4308 -0.2201 0.8752
vn -0.3871 0.0215 0.9218
vn -0.3986 0.1411 0.9062
vn -0.0689 -0.0319 0.9971
vn -0.0470 0.0444 0.9979
vn 0.0133 -0.0148 0.9998
vn 0.0408 0.0259 0.9988
vn 0.0165 0.0282 0.9995
vn 0.0095 0.0150 0.9998
vn 0.0083 0.0521 0.9986
vn 0.0003 0.0027 1.0000
vn -0.0030 0.0332 0.9994
vn -0.0070 -0.0027 1.0000
vn -0.0115 -0.0228 0.9997
vn 0.0217 0.0481 0.9986
vn 0.1339 -0.0191 0.9908
vn 0.1737 0.1882 0.9667
vn 0.5089 0.0152 0.8607
vn 0.4973 0.3098 0.8104
vn 0.7768 0.1608 0.6089
vn 0.4747 -0.2547 0.8425
vn 0.7291 -0.2248 0.6464
vn 0.9201 -0.0857 0.3822
vn 0.8401 0.4111 0.3538
vn 0.9794 0.1626 0.1196
vn 0.8827 0.4632 0.0792
vn 0.9839 0.1661 -0.0655
vn 0.9217 -0.3606 0.1432
vn 0.9284 -0.3637 -0.0763
vn 0.8165 -0.4824 -0.3173
vn 0.9487 -0.0345 -0.3144
vn 0.6654 -0.5384 -0.5171
vn 0.7802 -0.2604 -0.5687
vn 0.4396 -0.5964 -0.6716
vn 0.1216 -0.5452 -0.8294
vn -0.0981 -0.8407 -0.5325
vn -0.0639 -0.5484 -0.8338
vn -0.1083 -0.8370 -0.5363
vn -0.0733 -0.5569 -0.8274
vn -0.1020 -0.8177 -0.5666
vn -0.1230 -0.9666 -0.2248
vn -0.1187 -0.9612 -0.2491
vn -0.1232 -0.9864 -0.1086
vn -0.1230 -0.9855 -0.1171
vn -0.1226 -0.9901 -0.0687
vn -0.1240 -0.9898 -0.0695
vn -0.1278 -0.9890 -0.0751
vn -0.1247 -0.9920 -0.0201
vn -0.1285 -0.9915 -0.0212
vn -0.1809 -0.9832 -0.0229
vn -0.1278 -0.9913 0.0328
vn -0.1717 -0.9844 0.0383
vn -0.3611 -0.9316 0.0410
vn -0.3940 -0.9188 -0.0247
vn -0.1634 -0.9828 0.0862
vn -0.3318 -0.9383 0.0975
vn -0.1557 -0.9784 0.1360
vn -0.3140 -0.9374 0.1503
vn -0.1363 -0.9369 0.3219
vn -0.1160 -0.9431 0.3115
vn -0.0931 -0.7691 0.6324
vn -0.0999 -0.7527 0.6507
vn -0.1244 -0.9837 0.1295
vn -0.1230 -0.9850 0.1208
vn -0.1186 -0.9470 0.2986
vn -0.1264 -0.9885 0.0832
vn -0.1235 -0.9892 0.0784
vn -0.1227 -0.9893 0.0790
vn -0.1229 -0.9852 0.1193
vn -0.1241 -0.9918 0.0302
vn -0.1222 -0.9920 0.0315
vn -0.0826 -0.9961 0.0300
vn -0.1036 -0.9912 0.0828
vn -0.1220 -0.9923 -0.0203
vn -0.0802 -0.9967 -0.0162
vn 0.1460 -0.9886 -0.0363
vn 0.1314 -0.9900 0.0512
vn -0.1057 -0.9921 -0.0683
vn 0.0354 -0.9971 -0.0672
vn 0.3230 -0.9371 -0.1322
vn 0.4125 -0.9101 -0.0396
vn -0.1101 -0.9886 -0.1025
vn -0.1103 -0.9703 -0.2154
vn 0.4098 -0.9085 0.0813
vn 0.5834 -0.7775 -0.2349
vn 0.6734 -0.7377 -0.0478
vn 0.6673 -0.7374 0.1050
vn 0.5954 -0.7461 0.2981
vn 0.3761 -0.9090 0.1797
vn 0.7848 -0.4948 0.3731
vn 0.6562 -0.5206 0.5462
vn 0.4358 -0.5074 0.7434
vn 0.0867 -0.4528 0.8874
vn 0.1122 -0.2269 0.9674
vn -0.0263 -0.2372 0.9711
vn -0.0638 -0.4850 0.8722
vn -0.0661 -0.5026 0.8620
vn -0.0986 -0.7803 0.6176
vn -0.0996 -0.7510 0.6527
vn -0.0335 -0.2212 0.9747
vn -0.0291 -0.2082 0.9777
vn -0.0672 -0.5088 0.8582
vn -0.0591 -0.4877 0.8710
vn -0.1000 -0.7851 0.6113
vn -0.0200 -0.2062 0.9783
vn -0.0316 -0.2254 0.9738
vn -0.0636 -0.4782 0.8759
vn -0.1046 -0.2314 0.9672
vn -0.1188 -0.9501 0.2885
vn -0.1134 -0.9364 0.3322
vn -0.1108 -0.9855 0.1286
vn 0.0618 -0.9936 0.0950
vn -0.0925 -0.9893 0.1125
vn -0.0609 -0.9976 0.0321
vn -0.3384 -0.9395 0.0532
vn -0.4215 -0.8951 0.1456
vn -0.7518 -0.6558 0.0684
vn -0.7860 -0.5888 0.1883
vn -0.9046 -0.3260 0.2746
vn -0.6848 -0.4286 0.5893
vn -0.9422 -0.3282 0.0678
vn -0.9887 -0.1409 0.0503
vn -0.9560 -0.1273 0.2644
vn -0.7490 -0.6611 -0.0443
vn -0.9420 -0.3308 -0.0568
vn -0.9894 -0.1372 -0.0468
vn -0.9955 0.0792 -0.0528
vn -0.9943 0.1043 0.0240
vn -0.9240 -0.3261 -0.1998
vn -0.9595 -0.1477 -0.2399
vn -0.9594 0.0679 -0.2739
vn -0.8793 0.2676 -0.3939
vn -0.9598 0.2697 -0.0771
vn -0.7882 -0.2177 -0.5757
vn -0.6961 0.0047 -0.7179
vn -0.4652 0.1363 -0.8746
vn -0.1758 -0.0528 -0.9830
vn -0.0298 -0.0026 -0.9996
vn 0.1047 -0.0667 -0.9923
vn 0.3701 -0.0721 -0.9262
vn 0.5078 -0.2868 -0.8123
vn 0.7919 -0.1783 -0.5840
vn 0.8216 -0.4257 -0.3791
vn 0.9491 -0.2536 -0.1869
vn 0.8985 -0.4339 -0.0663
vn 0.9634 -0.2681 -0.0077
vn 0.9070 -0.4201 0.0302
vn 0.9580 -0.2596 0.1221
vn 0.8850 -0.4023 0.2344
vn 0.6316 -0.2835 0.7216
vn 0.9664 -0.2457 -0.0758
vn 0.9003 -0.2582 -0.3505
vn 0.6717 -0.4299 -0.6033
vn 0.5331 -0.2696 -0.8019
vn 0.2401 -0.3464 -0.9069
vn 0.0457 -0.5954 -0.8021
vn -0.0595 -0.3472 -0.9359
vn -0.1693 -0.5403 -0.8242
vn -0.3710 -0.3095 -0.8755
vn -0.5213 -0.4617 -0.7177
vn -0.8248 -0.3588 -0.4371
vn -0.7798 -0.5328 -0.3287
vn -0.7813 -0.6014 -0.1670
vn -0.4348 -0.8930 -0.1163
vn -0.5337 -0.7927 -0.2946
vn -0.1573 -0.9617 -0.2242
vn -0.0903 -0.9914 -0.0944
vn -0.0063 -0.9409 -0.3387
vn -0.3438 -0.9380 -0.0433
vn -0.0552 -0.9979 -0.0325
vn 0.0281 -0.5070 -0.8615
vn -0.0285 -0.7060 -0.7076
vn -0.0005 -0.5680 -0.8231
vn -0.0241 -0.5505 -0.8345
vn -0.0024 -0.6733 -0.7394
vn -0.0073 -0.6090 -0.7931
vn -0.0372 -0.5109 -0.8588
vn -0.0202 -0.3067 -0.9516
vn 0.0157 -0.3064 -0.9518
vn 0.0348 -0.1784 -0.9833
vn -0.0342 -0.3351 -0.9416
vn -0.2663 0.0802 -0.9605
vn -0.1174 -0.2786 -0.9532
vn -0.2511 -0.2826 -0.9258
vn -0.0368 0.1299 -0.9908
vn -0.2095 0.2120 -0.9545
vn -0.0169 0.2821 -0.9592
vn -0.0116 0.2248 -0.9743
vn -0.0309 0.3118 -0.9496
vn 0.0470 0.4157 -0.9083
vn -0.0140 0.0759 -0.9970
vn -0.0391 0.0330 -0.9987
vn -0.0424 0.1547 -0.9870
vn -0.0138 0.0543 -0.9984
vn -0.0415 0.1379 -0.9896
vn -0.0474 0.2142 -0.9756
vn -0.0145 0.0034 -0.9999
vn -0.0105 -0.0184 -0.9998
vn -0.0151 0.0317 -0.9994
vn -0.0029 -0.3091 -0.9510
vn -0.0004 -0.4140 -0.9103
vn 0.0715 -0.4563 -0.8870
vn 0.0030 -0.7577 -0.6526
vn 0.1388 -0.7370 -0.6615
vn 0.4215 -0.4420 -0.7918
vn 0.3155 -0.3407 -0.8856
vn 0.0032 -0.5524 -0.8336
vn 0.1260 -0.4966 -0.8588
vn 0.2904 -0.2832 -0.9141
vn 0.0943 -0.3443 -0.9341
vn 0.4352 -0.1695 -0.8843
vn 0.1092 -0.0412 -0.9932
vn -0.0386 -0.2162 -0.9756
vn -0.0728 -0.0936 -0.9929
vn -0.2293 -0.3817 -0.8954
vn -0.0098 -0.0656 -0.9978
vn 0.0087 -0.4119 -0.9112
vn -0.0085 0.0725 -0.9973
vn -0.0080 0.1155 -0.9933
vn -0.0749 0.2533 -0.9645
vn -0.1459 0.5424 -0.8274
vn -0.1636 0.3414 -0.9256
vn -0.4300 0.5772 -0.6942
vn 0.0444 0.6736 -0.7377
vn -0.0012 0.8468 -0.5320
vn -0.0381 0.8729 -0.4864
vn -0.0263 0.8972 -0.4408
vn -0.0522 0.9090 -0.4135
vn -0.0426 0.9448 -0.3249
vn -0.0839 0.9504 -0.2994
vn -0.0461 0.9794 -0.1967
vn -0.1406 0.9797 -0.1432
vn -0.5243 0.8496 -0.0577
vn -0.1298 0.9914 -0.0148
vn -0.5898 0.8066 0.0394
vn -0.7564 0.6486 -0.0851
vn -0.9853 0.0450 -0.1647
vn 0.0027 0.9198 -0.3923
vn 0.0009 0.8640 -0.5035
vn -0.0153 0.7797 -0.6260
vn -0.3021 0.5153 -0.8020
vn 0.1240 -0.1387 -0.9825
vn 0.7969 0.6042 -0.0007
vn 0.9032 0.4288 -0.0191
vn 0.9783 0.2062 -0.0201
vn 0.3676 0.1908 -0.9102
vn -0.8159 0.4650 0.3436
vn -0.2358 -0.9715 0.0239
vn -0.2307 -0.9702 0.0741
vn 0.8877 0.2840 -0.3623
vn 0.9916 0.0774 -0.1032
vn 0.9886 0.1057 -0.1074
vn 0.9822 -0.1570 -0.1029
vn 0.9674 0.0763 -0.2414
vn 0.9884 -0.1488 -0.0293
vn 0.8503 0.3621 -0.3820
vn 0.2454 0.7680 -0.5915
vn 0.6361 0.4380 -0.6352
vn 0.7711 0.3487 -0.5328
vn 0.6554 0.4808 -0.5825
vn 0.9857 -0.0075 -0.1686
vn 0.9660 0.0667 -0.2496
vn 0.8349 0.3621 -0.4144
vn 0.4145 -0.8909 -0.1857
vn 0.1946 -0.3023 -0.9331
vn 0.5790 -0.2908 -0.7617
vn 0.6881 -0.3955 0.6083
vn -0.7048 -0.2857 -0.6494
vn -0.0810 -0.9713 0.2239
vn -0.1111 -0.9071 0.4059
vn 0.0154 -0.1939 0.9809
vn 0.0161 -0.0326 0.9993
vn 0.0312 -0.0311 0.9990
vn 0.2280 -0.3271 0.9171
vn 0.7595 -0.2537 0.5989
vn 0.2607 0.5768 0.7742
vn 0.1481 -0.6960 0.7026
vn 0.2607 -0.6922 0.6730
vn -0.4126 -0.5970 -0.6880
vn 0.1324 -0.3213 0.9377
vn 0.6940 0.5393 -0.4770
vn 0.7086 0.5245 -0.4720
vn 0.7112 0.5218 -0.4711
vn 0.5519 0.5886 -0.5908
vn 0.8461 0.4284 -0.3172
vn 0.6967 0.5502 -0.4604
vn 0.8394 0.4398 -0.3192
vn 0.8406 0.4386 -0.3179
vn 0.7034 0.5439 -0.4576
vn 0.5359 0.6034 -0.5905
vn 0.5346 0.6107 -0.5842
vn 0.5262 0.5921 -0.6103
vn 0.5324 0.5906 -0.6064
vn 0.5327 0.5621 -0.6326
vn 0.5262 0.5509 -0.6478
vn 0.8301 0.4523 -0.3262
vn 0.8384 0.4427 -0.3180
vn 0.8472 0.4270 -0.3162
vn 0.8472 0.4270 -0.3161
vn 0.5327 0.5941 -0.6027
vn 0.5326 0.5942 -0.6027
vn 0.6923 0.5322 -0.4873
vn 0.7930 0.4067 -0.4537
vn 0.9367 0.1569 -0.3130
vn 0.7281 0.5116 -0.4563
vn 0.5693 0.5816 -0.5811
vn 0.8390 0.4337 -0.3287
vn 0.4578 0.4679 0.7560
vn 0.7255 0.4656 0.5068
vn 0.7377 0.5744 0.3548
vn 0.5871 0.5836 -0.5611
vn 0.6112 0.5509 -0.5683
vn 0.9026 0.4017 -0.1551
vn 0.8592 0.4580 -0.2281
vn 0.5106 0.8410 0.1789
vn 0.8775 0.4786 -0.0295
vn 0.6353 0.5318 -0.5600
vn 0.6805 0.6071 -0.4104
vn 0.5315 0.5094 -0.6767
vn 0.5258 0.5486 -0.6500
vn -0.0000 0.9798 0.1998
vn -0.0351 0.9954 -0.0895
vn 0.8576 0.2959 0.4206
vn 0.8230 0.4756 -0.3105
vn 0.8109 0.4781 -0.3374
vn 0.5325 0.5942 -0.6027
vn 0.5373 0.5794 -0.6128
vn 0.5380 0.5815 -0.6103
vn 0.0343 0.9991 -0.0235
vn -0.1245 0.9852 -0.1180
vn -0.1143 0.9881 -0.1027
vn 0.0368 0.9988 -0.0337
vn 0.5344 0.5048 -0.6779
vn 0.5303 0.5086 -0.6783
vn 0.5392 0.5016 -0.6765
vn 0.5366 0.5032 -0.6774
vn 0.8430 0.4354 -0.3158
vn 0.9139 0.3853 -0.1283
vn 0.5296 0.6038 -0.5958
vn -0.3083 0.6614 -0.6837
vn 0.7038 0.5403 -0.4613
vn 0.6392 0.6677 -0.3817
vn 0.6738 0.4415 -0.5925
vn 0.6230 0.4642 -0.6296
vn 0.5412 0.5344 -0.6492
vn 0.5421 0.5383 -0.6452
vn 0.4465 0.8561 -0.2604
vn 0.4123 0.8448 -0.3412
vn 0.1435 0.9892 -0.0305
vn 0.1069 0.9942 -0.0139
vn -0.5158 0.8501 0.1064
vn -0.4579 0.8869 0.0608
vn -0.0883 0.9832 -0.1595
vn 0.4841 0.8577 -0.1731
vn -0.0677 0.9839 -0.1657
vn -0.8328 0.5179 0.1955
vn -0.8329 0.5185 0.1936
vn -0.4858 0.8692 0.0922
vn -0.0115 0.9745 -0.2242
vn 0.3726 0.9000 -0.2260
vn -0.0860 0.9853 -0.1474
vn 0.1930 0.9812 0.0067
vn 0.1718 0.9850 -0.0172
vn -0.4572 0.8833 0.1039
vn 0.5026 0.5511 -0.6661
vn 0.6957 0.4344 -0.5721
vn 0.4968 0.5362 -0.6824
vn 0.5047 0.5240 -0.6861
vn 0.5323 0.5057 -0.6789
vn 0.2454 0.9227 -0.2973
vn -0.0905 0.9431 -0.3200
vn -0.1061 0.9824 -0.1540
vn 0.0728 0.9869 -0.1437
vn 0.8470 0.4271 -0.3164
vn 0.7922 0.5317 -0.2995
vn 0.7728 0.5497 -0.3174
vn 0.8473 0.4270 -0.3160
vn 0.5330 0.5941 -0.6025
vn 0.5587 0.5776 -0.5951
vn 0.8416 0.4311 -0.3254
vn 0.8364 0.4363 -0.3316
vn 0.6113 0.5625 -0.5566
vn 0.5204 0.6009 -0.6067
vn 0.7088 0.5238 -0.4725
vn 0.7540 0.4896 -0.4378
vn 0.8634 0.2828 -0.4179
vn 0.6785 0.4697 -0.5648
vn 0.8745 0.2793 -0.3964
vn 0.5907 0.5317 -0.6069
vn 0.5346 0.5503 -0.6414
vn 0.3522 0.8993 -0.2595
vn -0.8408 0.3249 0.4329
vn -0.8422 0.3193 0.4345
vn -0.8616 0.4132 0.2946
vn -0.8481 0.4258 0.3153
vn -0.8375 0.5109 0.1938
vn -0.8367 0.5083 0.2038
vn -0.3933 0.9194 0.0084
vn 0.5106 0.5212 -0.6839
vn 0.5396 0.5018 -0.6761
vn -0.0605 0.9539 -0.2938
vn -0.1172 0.9828 -0.1425
vn -0.1171 0.9828 -0.1428
vn -0.1171 0.9828 -0.1427
vn 0.5139 0.5404 -0.6662
vn 0.5230 0.5145 -0.6795
vn 0.5374 0.5038 -0.6763
vn 0.5325 0.5942 -0.6028
vn 0.5272 0.5889 -0.6126
vn 0.8472 0.4271 -0.3161
vn 0.8231 0.4655 -0.3254
vn 0.5406 0.5419 -0.6435
vn 0.5337 0.5113 -0.6735
vn 0.5354 0.5988 -0.5956
vn 0.8389 0.4401 -0.3204
vn 0.4467 0.8427 -0.3006
vn 0.7125 0.5352 -0.4538
vn -0.0752 0.7237 -0.6860
vn 0.3136 0.6055 -0.7314
vn -0.0576 0.9833 -0.1729
vn -0.0623 0.8013 -0.5950
vn -0.8462 0.4918 0.2050
vn -0.8411 0.4948 0.2183
vn 0.3137 0.9475 -0.0609
vn 0.1937 0.9807 -0.0274
vn -0.8501 0.4590 0.2584
vn -0.8466 0.4729 0.2443
vn -0.8416 0.4967 0.2123
vn -0.8419 0.4961 0.2122
vn 0.2038 0.9790 0.0037
vn 0.2066 0.9782 0.0206
vn 0.0858 0.9912 0.1003
vn -0.3447 0.9164 -0.2034
vn -0.8721 0.4722 0.1285
vn -0.8009 0.3661 0.4738
vn 0.2500 0.9682 -0.0047
vn 0.2522 0.9676 -0.0088
vn 0.1136 0.9935 -0.0079
vn 0.1832 0.9813 -0.0595
vn -0.8402 0.4973 0.2162
vn -0.8416 0.4952 0.2158
vn -0.8356 0.5129 0.1967
vn -0.8355 0.5147 0.1925
vn 0.0678 0.9949 -0.0751
vn 0.0678 0.9949 -0.0752
vn -0.8458 0.4465 0.2921
vn -0.8466 0.4368 0.3041
vn 0.5349 0.5043 -0.6779
vn 0.5348 0.5044 -0.6779
vn 0.5317 0.5068 -0.6785
vn -0.1172 0.9828 -0.1426
vn -0.1171 0.9828 -0.1426
vn -0.1172 0.9828 -0.1427
vn 0.5348 0.5500 -0.6414
vn 0.4986 0.5712 -0.6520
vn -0.0875 0.9860 -0.1421
vn -0.1127 0.9881 -0.1045
vn -0.4467 0.8914 0.0769
vn -0.8494 0.3675 0.3787
vn -0.8418 0.3394 0.4197
vn 0.8303 0.4602 -0.3144
vn 0.3932 0.9032 -0.1718
vn 0.8500 0.4701 -0.2377
vn 0.5131 0.5919 -0.6216
vn 0.5084 0.6004 -0.6174
vn 0.8280 0.3155 -0.4636
vn 0.6790 0.4635 -0.5693
vn 0.8621 0.2895 -0.4159
vn 0.6993 0.6166 -0.3616
vn 0.7241 0.5890 -0.3590
vn -0.0430 0.6782 -0.7336
vn 0.5614 0.5841 -0.5863
vn 0.8555 0.4249 -0.2960
vn 0.9229 0.3632 -0.1281
vn 0.5329 0.5940 -0.6026
vn 0.8472 0.4270 -0.3160
vn 0.3979 0.8918 -0.2152
vn -0.5169 0.8493 0.1074
vn 0.5179 0.5211 -0.6784
vn 0.6908 0.4248 -0.5851
vn 0.5298 0.5102 -0.6775
vn 0.9750 -0.2161 -0.0519
vn 0.9602 -0.2774 -0.0310
vn -0.8772 0.1645 0.4510
vn -0.9580 0.2619 0.1169
vn -0.9519 0.2433 0.1863
vn -0.8711 0.1611 0.4639
vn 0.9782 0.0115 -0.2074
vn 0.8820 0.2400 -0.4056
vn 0.9168 0.1988 -0.3464
vn 0.9795 -0.0511 -0.1947
vn -0.8840 0.2539 0.3924
vn -0.8568 0.2213 0.4657
vn -0.8407 0.2847 0.4605
vn -0.8608 0.3370 0.3813
vn 0.2310 0.9728 -0.0184
vn 0.0920 0.9958 0.0012
vn -0.8412 0.4751 0.2583
vn -0.8128 0.4823 0.3266
vn 0.0831 0.9928 -0.0859
vn -0.8691 0.4292 0.2459
vn 0.5379 0.5054 -0.6747
vn 0.5349 0.5044 -0.6778
vn -0.0782 0.9869 -0.1414
vn -0.0472 0.9869 -0.1544
vn -0.8546 0.2524 0.4539
vn -0.8492 0.2269 0.4769
vn -0.8360 0.2865 0.4680
vn -0.8419 0.2953 0.4517
vn 0.9734 -0.0110 -0.2287
vn 0.9099 0.2142 -0.3553
vn 0.9126 0.2145 -0.3479
vn 0.9529 0.1036 -0.2849
vn 0.8349 0.4555 -0.3088
vn 0.5391 0.5847 -0.6062
vn 0.7023 0.5430 -0.4603
vn 0.5350 0.6023 -0.5924
vn 0.8417 0.4369 -0.3173
vn 0.5327 0.5942 -0.6027
vn 0.5434 0.4997 -0.6746
vn 0.6862 0.4205 -0.5935
vn 0.9198 0.2132 -0.3296
vn -0.8602 0.3558 0.3654
vn 0.9895 -0.1408 0.0335
vn -0.9536 0.2357 -0.1872
vn -0.9192 0.3063 -0.2473
vn 0.8631 0.2876 -0.4152
vn 0.9127 0.2080 -0.3517
vn -0.8398 0.2881 0.4601
vn -0.8411 0.3299 0.4287
vn 0.9765 -0.0303 -0.2135
vn -0.8575 0.2306 0.4600
vn 0.2073 0.9587 -0.1947
vn -0.0869 0.9734 -0.2122
vn 0.5608 0.4895 -0.6677
vn 0.1590 0.9869 -0.0255
vn -0.0716 0.9866 -0.1468
vn -0.1172 0.9828 -0.1424
vn 0.5350 0.5043 -0.6779
vn 0.3115 0.9487 -0.0532
vn -0.8425 0.4939 0.2153
vn -0.8388 0.5107 0.1889
vn -0.8473 0.4306 0.3108
vn 0.8014 0.5192 -0.2969
vn 0.7093 0.6099 -0.3534
vn 0.4267 0.6299 -0.6489
vn 0.8766 0.4078 -0.2557
vn 0.8471 0.4271 -0.3162
vn 0.9639 -0.2626 -0.0438
vn -0.9688 0.2400 0.0625
vn -0.8813 0.1664 0.4424
vt 0.204292 0.139774
vt 0.203070 0.151330
vt 0.199883 0.140663
vt 0.204852 0.139360
vt 0.880186 0.617575
vt 0.882509 0.607933
vt 0.893280 0.612309
vt 0.890216 0.628862
vt 0.882313 0.632854
vt 0.882289 0.633665
vt 0.873235 0.629017
vt 0.876225 0.623878
vt 0.208388 0.151731
vt 0.144931 0.682846
vt 0.158716 0.682920
vt 0.153218 0.690692
vt 0.196610 0.155242
vt 0.196610 0.137280
vt 0.880852 0.638492
vt 0.878591 0.634421
vt 0.177259 0.645350
vt 0.150601 0.647445
vt 0.156496 0.634976
vt 0.981124 0.215334
vt 0.981901 0.237758
vt 0.972341 0.218044
vt 0.187218 0.652215
vt 0.181992 0.663872
vt 0.167567 0.662171
vt 0.969146 0.209880
vt 0.976413 0.205887
vt 0.983199 0.204000
vt 0.953829 0.208388
vt 0.940650 0.199158
vt 0.952564 0.199052
vt 0.728785 0.145980
vt 0.730488 0.146981
vt 0.734733 0.154032
vt 0.735244 0.158153
vt 0.734072 0.130686
vt 0.734820 0.142177
vt 0.734485 0.165144
vt 0.726525 0.156192
vt 0.714861 0.151491
vt 0.776946 0.814860
vt 0.792993 0.808491
vt 0.791500 0.829960
vt 0.716604 0.858907
vt 0.718459 0.855024
vt 0.728040 0.860938
vt 0.727169 0.872257
vt 0.707245 0.852140
vt 0.715248 0.846270
vt 0.709762 0.872289
vt 0.561649 0.849770
vt 0.577536 0.840144
vt 0.576671 0.849648
vt 0.124210 0.802099
vt 0.123600 0.785888
vt 0.138641 0.805329
vt 0.569142 0.811937
vt 0.582749 0.812728
vt 0.554559 0.855929
vt 0.562883 0.815660
vt 0.877338 0.072100
vt 0.876999 0.053627
vt 0.886713 0.058305
vt 0.883176 0.068930
vt 0.959475 0.218935
vt 0.959027 0.237758
vt 0.752388 0.648213
vt 0.750473 0.654534
vt 0.746188 0.649844
vt 0.748062 0.645461
vt 0.749059 0.639043
vt 0.754916 0.640178
vt 0.960178 0.211271
vt 0.760420 0.628843
vt 0.761939 0.635039
vt 0.754431 0.633780
vt 0.752225 0.627955
vt 0.114683 0.162965
vt 0.114683 0.174316
vt 0.109676 0.174822
vt 0.109052 0.165973
vt 0.765155 0.625606
vt 0.772014 0.634968
vt 0.939843 0.868653
vt 0.931758 0.874768
vt 0.933423 0.869879
vt 0.754330 0.620943
vt 0.758740 0.618589
vt 0.748871 0.622251
vt 0.899275 0.042567
vt 0.904158 0.048400
vt 0.894997 0.050998
vt 0.880409 0.039627
vt 0.908301 0.037923
vt 0.914669 0.046746
vt 0.878894 0.025291
vt 0.955070 0.409795
vt 0.952902 0.402251
vt 0.959252 0.402588
vt 0.963506 0.411190
vt 0.152445 0.973836
vt 0.150771 0.986135
vt 0.138601 0.979770
vt 0.200567 0.015544
vt 0.208388 0.007620
vt 0.208388 0.023776
vt 0.964333 0.415156
vt 0.959141 0.417559
vt 0.992066 0.811789
vt 0.989239 0.820575
vt 0.979732 0.817730
vt 0.980265 0.811320
vt 0.836266 0.829155
vt 0.821199 0.823294
vt 0.839480 0.793513
vt 0.848285 0.806683
vt 0.152445 0.273202
vt 0.128691 0.283911
vt 0.128691 0.246801
vt 0.855929 0.855353
vt 0.834073 0.855929
vt 0.816471 0.855744
vt 0.687723 0.162746
vt 0.669512 0.168718
vt 0.683917 0.150069
vt 0.106913 0.124111
vt 0.103523 0.101660
vt 0.120977 0.111495
vt 0.682953 0.630645
vt 0.690773 0.614969
vt 0.693676 0.633292
vt 0.473699 0.976206
vt 0.483858 0.953730
vt 0.487409 0.953879
vt 0.670936 0.183189
vt 0.653702 0.188511
vt 0.669196 0.180985
vt 0.676140 0.188092
vt 0.662304 0.199297
vt 0.476722 0.954258
vt 0.301266 0.285310
vt 0.294886 0.284617
vt 0.296754 0.279871
vt 0.303066 0.279607
vt 0.974003 0.385009
vt 0.977605 0.387757
vt 0.974338 0.392744
vt 0.970258 0.391818
vt 0.118568 0.151090
vt 0.124473 0.148761
vt 0.123245 0.155447
vt 0.118568 0.158039
vt 0.310859 0.279278
vt 0.963048 0.119879
vt 0.963735 0.108902
vt 0.968096 0.111878
vt 0.693275 0.667980
vt 0.696698 0.674999
vt 0.660755 0.676039
vt 0.660675 0.668803
vt 0.689405 0.661749
vt 0.700318 0.660936
vt 0.499059 0.856620
vt 0.493380 0.865181
vt 0.486239 0.861057
vt 0.660669 0.661748
vt 0.466976 0.853251
vt 0.479459 0.868587
vt 0.452678 0.863674
vt 0.492972 0.850271
vt 0.458393 0.842032
vt 0.487261 0.845120
vt 0.961970 0.321613
vt 0.955221 0.312961
vt 0.960409 0.301768
vt 0.965550 0.302530
vt 0.972011 0.301614
vt 0.978762 0.850459
vt 0.979003 0.869794
vt 0.970998 0.850269
vt 0.651391 0.000542
vt 0.642918 0.006538
vt 0.640965 0.002354
vt 0.962916 0.328386
vt 0.962834 0.341080
vt 0.954478 0.321489
vt 0.115246 0.964630
vt 0.125991 0.973504
vt 0.123010 0.978386
vt 0.806033 0.945546
vt 0.809776 0.955570
vt 0.801022 0.950763
vt 0.130116 0.948648
vt 0.134907 0.962608
vt 0.937235 0.858117
vt 0.948098 0.850896
vt 0.956846 0.881103
vt 0.433091 0.881073
vt 0.447225 0.873254
vt 0.355855 0.952658
vt 0.335797 0.958393
vt 0.322958 0.949437
vt 0.330316 0.940419
vt 0.361680 0.964965
vt 0.341164 0.965621
vt 0.907357 0.388804
vt 0.902625 0.360910
vt 0.914669 0.358561
vt 0.452746 0.735981
vt 0.462498 0.703201
vt 0.465358 0.736063
vt 0.449799 0.763623
vt 0.793347 0.394399
vt 0.759499 0.373020
vt 0.769201 0.367786
vt 0.777134 0.363953
vt 0.799986 0.383748
vt 0.970321 0.294647
vt 0.174998 0.962760
vt 0.176221 0.971945
vt 0.170290 0.968587
vt 0.974594 0.870552
vt 0.966684 0.851468
vt 0.159419 0.961391
vt 0.159891 0.957207
vt 0.175272 0.959284
vt 0.158517 0.966966
vt 0.942033 0.660927
vt 0.946872 0.660982
vt 0.946003 0.667190
vt 0.940162 0.665295
vt 0.940422 0.656453
vt 0.946214 0.654546
vt 0.935774 0.661817
vt 0.172240 0.974808
vt 0.972011 0.337492
vt 0.643325 0.013271
vt 0.642240 0.981011
vt 0.638287 0.981267
vt 0.633124 0.977662
vt 0.640660 0.975828
vt 0.478686 0.943096
vt 0.473699 0.939759
vt 0.480053 0.936136
vt 0.489365 0.947350
vt 0.624080 0.986196
vt 0.621909 0.982927
vt 0.638301 0.989335
vt 0.626309 0.991837
vt 0.648939 0.992989
vt 0.585219 0.256725
vt 0.592515 0.257921
vt 0.600466 0.278934
vt 0.585582 0.268228
vt 0.567849 0.243677
vt 0.571760 0.236486
vt 0.595964 0.288979
vt 0.585327 0.299787
vt 0.570050 0.270970
vt 0.252196 0.506842
vt 0.233931 0.504465
vt 0.220880 0.481264
vt 0.228408 0.475170
vt 0.237825 0.470510
vt 0.263516 0.499270
vt 0.944039 0.050239
vt 0.926284 0.068696
vt 0.928246 0.049728
vt 0.242631 0.520998
vt 0.488408 0.811137
vt 0.487313 0.830051
vt 0.457436 0.820383
vt 0.013469 0.413111
vt 0.027846 0.450069
vt 0.006908 0.441906
vt 0.396154 0.685302
vt 0.379550 0.658041
vt 0.400598 0.659919
vt 0.702829 0.713274
vt 0.660145 0.698479
vt 0.703484 0.693668
vt 0.247548 0.610834
vt 0.219938 0.620462
vt 0.224651 0.570958
vt 0.686726 0.979003
vt 0.686726 0.932694
vt 0.714673 0.958217
vt 0.753833 0.822004
vt 0.747752 0.817192
vt 0.750536 0.807463
vt 0.098004 0.045017
vt 0.086078 0.039938
vt 0.086294 0.036801
vt 0.096793 0.039206
vt 0.097229 0.049683
vt 0.085022 0.044905
vt 0.104243 0.039986
vt 0.106338 0.045821
vt 0.599318 0.256809
vt 0.609582 0.278998
vt 0.726222 0.820274
vt 0.726242 0.815336
vt 0.745720 0.832017
vt 0.725519 0.826519
vt 0.844445 0.118607
vt 0.846295 0.121592
vt 0.838519 0.122523
vt 0.836468 0.113714
vt 0.841874 0.100090
vt 0.847537 0.101647
vt 0.351097 0.751810
vt 0.354866 0.745919
vt 0.366791 0.756423
vt 0.357676 0.760737
vt 0.341250 0.758838
vt 0.339082 0.750065
vt 0.337143 0.742300
vt 0.327930 0.753725
vt 0.324103 0.751238
vt 0.324646 0.761377
vt 0.393729 0.820945
vt 0.384835 0.822419
vt 0.380754 0.813089
vt 0.395093 0.813976
vt 0.880619 0.504977
vt 0.888921 0.502275
vt 0.885263 0.527718
vt 0.874892 0.519579
vt 0.511778 0.708503
vt 0.514228 0.721990
vt 0.505729 0.729486
vt 0.503524 0.707596
vt 0.864919 0.512549
vt 0.872474 0.498830
vt 0.115290 0.528170
vt 0.100746 0.529825
vt 0.100525 0.524571
vt 0.115965 0.521105
vt 0.112210 0.533150
vt 0.101161 0.533618
vt 0.690897 0.036363
vt 0.672318 0.035775
vt 0.674521 0.031106
vt 0.688203 0.031087
vt 0.260412 0.108967
vt 0.266822 0.110929
vt 0.266735 0.131087
vt 0.262781 0.129993
vt 0.434957 0.632756
vt 0.429702 0.635714
vt 0.429707 0.628461
vt 0.117078 0.532313
vt 0.842933 0.732027
vt 0.841892 0.713743
vt 0.847230 0.716400
vt 0.818693 0.970975
vt 0.808202 0.973409
vt 0.817644 0.963619
vt 0.826729 0.963180
vt 0.832083 0.962863
vt 0.847537 0.743257
vt 0.842840 0.741423
vt 0.829605 0.739932
vt 0.828905 0.726623
vt 0.825127 0.960017
vt 0.815200 0.756299
vt 0.814952 0.738031
vt 0.831592 0.751235
vt 0.923838 0.320160
vt 0.931725 0.334241
vt 0.913382 0.336417
vt 0.802486 0.735910
vt 0.779944 0.182880
vt 0.770880 0.195801
vt 0.761603 0.188480
vt 0.764770 0.179946
vt 0.378539 0.942784
vt 0.375972 0.944773
vt 0.374015 0.939335
vt 0.378051 0.938338
vt 0.382630 0.944485
vt 0.379994 0.948438
vt 0.383271 0.938022
vt 0.712410 0.818180
vt 0.707604 0.813813
vt 0.710074 0.822369
vt 0.702572 0.817778
vt 0.706969 0.805802
vt 0.726422 0.807559
vt 0.694243 0.814651
vt 0.695219 0.811544
vt 0.696057 0.805791
vt 0.859193 0.529851
vt 0.847879 0.524949
vt 0.859480 0.540055
vt 0.363555 0.841943
vt 0.352823 0.839131
vt 0.362239 0.822112
vt 0.369578 0.831774
vt 0.935057 0.429761
vt 0.941129 0.434625
vt 0.941242 0.439707
vt 0.934686 0.437360
vt 0.120278 0.549729
vt 0.120093 0.558637
vt 0.110519 0.556262
vt 0.110318 0.547750
vt 0.926942 0.436246
vt 0.925154 0.428619
vt 0.925722 0.420905
vt 0.935530 0.420821
vt 0.831418 0.957711
vt 0.839543 0.957432
vt 0.838117 0.964619
vt 0.843785 0.748606
vt 0.837976 0.949756
vt 0.847537 0.951955
vt 0.909075 0.423967
vt 0.900814 0.433248
vt 0.901484 0.426684
vt 0.830253 0.951397
vt 0.758030 0.145503
vt 0.758825 0.150952
vt 0.752836 0.152004
vt 0.753859 0.144670
vt 0.766368 0.137305
vt 0.768580 0.141420
vt 0.596379 0.823485
vt 0.599172 0.818303
vt 0.612155 0.827967
vt 0.610641 0.832131
vt 0.260412 0.143724
vt 0.272936 0.133970
vt 0.195801 0.043731
vt 0.193366 0.061537
vt 0.189880 0.043731
vt 0.972762 0.581708
vt 0.978784 0.579041
vt 0.987395 0.584605
vt 0.609592 0.836343
vt 0.597823 0.830972
vt 0.966841 0.582851
vt 0.972339 0.579971
vt 0.969475 0.573556
vt 0.977764 0.573760
vt 0.971628 0.567167
vt 0.978464 0.567177
vt 0.963002 0.583239
vt 0.959224 0.583030
vt 0.965018 0.574102
vt 0.966618 0.567081
vt 0.933386 0.404084
vt 0.908533 0.405957
vt 0.907823 0.399110
vt 0.933916 0.401955
vt 0.927276 0.413356
vt 0.912723 0.411341
vt 0.066732 0.806142
vt 0.073033 0.814626
vt 0.061571 0.812410
vt 0.936141 0.411194
vt 0.089562 0.803318
vt 0.094093 0.808088
vt 0.066726 0.803563
vt 0.081936 0.799078
vt 0.506572 0.262520
vt 0.524950 0.264981
vt 0.525557 0.272726
vt 0.499948 0.279683
vt 0.498960 0.243045
vt 0.519988 0.250114
vt 0.381543 0.707943
vt 0.396249 0.699589
vt 0.404013 0.713981
vt 0.378679 0.728474
vt 0.893290 0.425044
vt 0.888296 0.419621
vt 0.899141 0.418932
vt 0.891880 0.431352
vt 0.885133 0.427752
vt 0.741095 0.969818
vt 0.741246 0.977596
vt 0.733982 0.972321
vt 0.732172 0.961232
vt 0.302688 0.448947
vt 0.310409 0.447183
vt 0.314680 0.457727
vt 0.310002 0.461353
vt 0.306183 0.464327
vt 0.298611 0.455138
vt 0.741246 0.944625
vt 0.025686 0.024752
vt 0.007488 0.027972
vt 0.013422 0.021348
vt 0.020978 0.018920
vt 0.303379 0.440620
vt 0.921662 0.585005
vt 0.914990 0.587402
vt 0.914990 0.529534
vt 0.173760 0.870786
vt 0.185620 0.881873
vt 0.173760 0.928655
vt 0.827957 0.337665
vt 0.827957 0.415377
vt 0.824883 0.343685
vt 0.296927 0.960995
vt 0.293182 0.959718
vt 0.298884 0.953465
vt 0.302196 0.956237
vt 0.298133 0.964664
vt 0.292157 0.964253
vt 0.304890 0.960058
vt 0.076683 0.767063
vt 0.077081 0.777168
vt 0.072401 0.779988
vt 0.061571 0.765655
vt 0.090236 0.775323
vt 0.091490 0.762697
vt 0.465802 0.959144
vt 0.452983 0.950137
vt 0.456668 0.946468
vt 0.453840 0.956220
vt 0.460655 0.939053
vt 0.469922 0.950674
vt 0.467355 0.973742
vt 0.452126 0.965497
vt 0.549884 0.132455
vt 0.563639 0.144625
vt 0.563106 0.155878
vt 0.545208 0.135851
vt 0.096446 0.783180
vt 0.076073 0.788692
vt 0.711734 0.674043
vt 0.730359 0.672796
vt 0.724587 0.712786
vt 0.706414 0.712554
vt 0.684228 0.515930
vt 0.716071 0.542677
vt 0.707629 0.549538
vt 0.679446 0.536405
vt 0.648443 0.516168
vt 0.332203 0.601739
vt 0.377189 0.597856
vt 0.374814 0.613305
vt 0.131074 0.925473
vt 0.133676 0.922069
vt 0.137547 0.928158
vt 0.133132 0.930688
vt 0.126318 0.923387
vt 0.128062 0.917299
vt 0.127097 0.930839
vt 0.557371 0.171716
vt 0.559330 0.171510
vt 0.553755 0.212467
vt 0.532936 0.151061
vt 0.535521 0.149445
vt 0.261400 0.459817
vt 0.256426 0.451125
vt 0.281397 0.451438
vt 0.110485 0.357821
vt 0.093027 0.360833
vt 0.088914 0.344805
vt 0.309085 0.895756
vt 0.275493 0.915331
vt 0.273006 0.892271
vt 0.225130 0.458430
vt 0.157141 0.867481
vt 0.159405 0.873220
vt 0.153371 0.875086
vt 0.151902 0.866759
vt 0.153266 0.858446
vt 0.159932 0.862127
vt 0.162318 0.866488
vt 0.087424 0.685833
vt 0.082572 0.693471
vt 0.053232 0.705531
vt 0.076961 0.686174
vt 0.086859 0.350880
vt 0.074548 0.367137
vt 0.069253 0.349613
vt 0.075201 0.342869
vt 0.739384 0.522164
vt 0.724352 0.524323
vt 0.721807 0.515971
vt 0.728623 0.509305
vt 0.734613 0.494189
vt 0.754515 0.493203
vt 0.732078 0.476617
vt 0.742273 0.471290
vt 0.763623 0.449506
vt 0.152445 0.343956
vt 0.152445 0.386354
vt 0.134460 0.382895
vt 0.484173 0.347882
vt 0.508329 0.367284
vt 0.476503 0.373518
vt 0.763623 0.539850
vt 0.112454 0.370203
vt 0.123398 0.328807
vt 0.511674 0.089248
vt 0.514457 0.096318
vt 0.506881 0.091956
vt 0.497571 0.077516
vt 0.394825 0.955229
vt 0.406218 0.943228
vt 0.402196 0.955594
vt 0.392730 0.945898
vt 0.514927 0.061753
vt 0.392730 0.910388
vt 0.430665 0.048592
vt 0.395638 0.038963
vt 0.397479 0.029300
vt 0.436209 0.036040
vt 0.464562 0.026315
vt 0.104822 0.019912
vt 0.131364 0.029019
vt 0.128758 0.034268
vt 0.429760 0.073482
vt 0.406427 0.079128
vt 0.405622 0.061736
vt 0.413133 0.917090
vt 0.417969 0.938538
vt 0.330261 0.288897
vt 0.373415 0.323477
vt 0.331617 0.303472
vt 0.358498 0.291868
vt 0.366891 0.271587
vt 0.394575 0.304030
vt 0.433855 0.409110
vt 0.421316 0.401102
vt 0.426781 0.366775
vt 0.445184 0.394953
vt 0.150916 0.166105
vt 0.187143 0.145620
vt 0.190598 0.155026
vt 0.151148 0.183213
vt 0.047694 0.829036
vt 0.069929 0.852778
vt 0.046352 0.872712
vt 0.021859 0.842083
vt 0.012252 0.822461
vt 0.061835 0.807197
vt 0.630876 0.398494
vt 0.648939 0.417693
vt 0.609985 0.428418
vt 0.599606 0.402568
vt 0.637097 0.436535
vt 0.647876 0.441888
vt 0.639956 0.446864
vt 0.608789 0.442422
vt 0.380820 0.254137
vt 0.402714 0.244256
vt 0.396086 0.259589
vt 0.029100 0.800912
vt 0.438015 0.598591
vt 0.397245 0.576778
vt 0.444640 0.568001
vt 0.881930 0.309907
vt 0.886829 0.303817
vt 0.897159 0.306112
vt 0.881755 0.325223
vt 0.862377 0.310789
vt 0.875544 0.305983
vt 0.589305 0.738448
vt 0.578468 0.736172
vt 0.587580 0.706965
vt 0.854590 0.341253
vt 0.541396 0.079114
vt 0.533149 0.051132
vt 0.544558 0.044177
vt 0.556230 0.075733
vt 0.535622 0.107690
vt 0.518705 0.068377
vt 0.586045 0.690614
vt 0.572172 0.690349
vt 0.574102 0.683151
vt 0.582756 0.682651
vt 0.590002 0.682248
vt 0.966805 0.458456
vt 0.976409 0.461009
vt 0.970180 0.468804
vt 0.569068 0.702795
vt 0.788643 0.090120
vt 0.778079 0.082532
vt 0.784127 0.072427
vt 0.798455 0.083595
vt 0.793698 0.103495
vt 0.776564 0.101456
vt 0.877860 0.100039
vt 0.889261 0.093054
vt 0.898236 0.113444
vt 0.880932 0.116158
vt 0.540802 0.945586
vt 0.565734 0.932058
vt 0.564719 0.942818
vt 0.552760 0.944202
vt 0.544587 0.952658
vt 0.546845 0.954900
vt 0.544291 0.956626
vt 0.543419 0.953866
vt 0.541212 0.922597
vt 0.568914 0.913343
vt 0.516694 0.500849
vt 0.516706 0.499625
vt 0.517521 0.501072
vt 0.517917 0.501776
vt 0.512994 0.519065
vt 0.516605 0.509694
vt 0.520779 0.506859
vt 0.521905 0.519931
vt 0.909949 0.102893
vt 0.908791 0.101510
vt 0.909203 0.098358
vt 0.910037 0.100076
vt 0.908379 0.104661
vt 0.907555 0.110965
vt 0.903253 0.102323
vt 0.504083 0.518198
vt 0.524398 0.537038
vt 0.502082 0.540212
vt 0.549891 0.351714
vt 0.561360 0.348614
vt 0.563996 0.362528
vt 0.545595 0.360641
vt 0.851243 0.079804
vt 0.853708 0.080203
vt 0.851128 0.080114
vt 0.848411 0.080019
vt 0.838969 0.076464
vt 0.836139 0.076721
vt 0.834490 0.075706
vt 0.837093 0.075709
vt 0.674489 0.278719
vt 0.685963 0.288053
vt 0.672095 0.303661
vt 0.024186 0.020897
vt 0.039160 0.000113
vt 0.039160 0.020979
vt 0.564989 0.412580
vt 0.557112 0.408962
vt 0.565107 0.393819
vt 0.576653 0.403681
vt 0.829262 0.677565
vt 0.833958 0.670063
vt 0.855970 0.677813
vt 0.430762 0.445784
vt 0.430762 0.469922
vt 0.418627 0.449632
vt 0.270423 0.794813
vt 0.263217 0.815414
vt 0.254200 0.813212
vt 0.258234 0.793183
vt 0.264328 0.793998
vt 0.513987 0.486322
vt 0.516127 0.481735
vt 0.539998 0.480787
vt 0.532961 0.483318
vt 0.526573 0.490483
vt 0.541297 0.490057
vt 0.543402 0.500423
vt 0.535300 0.497980
vt 0.519201 0.498974
vt 0.518257 0.497939
vt 0.858729 0.080756
vt 0.859949 0.080421
vt 0.861170 0.080463
vt 0.859872 0.080774
vt 0.859759 0.081086
vt 0.861132 0.080800
vt 0.793970 0.034794
vt 0.800260 0.036309
vt 0.801208 0.040529
vt 0.801682 0.042640
vt 0.787679 0.033279
vt 0.802156 0.044750
vt 0.782056 0.039163
vt 0.540313 0.388191
vt 0.540623 0.379874
vt 0.554377 0.382706
vt 0.553667 0.392058
vt 0.790341 0.032265
vt 0.792026 0.027677
vt 0.798326 0.029223
vt 0.793003 0.031251
vt 0.796389 0.032894
vt 0.798810 0.030995
vt 0.799293 0.032766
vt 0.799777 0.034538
vt 0.537446 0.536485
vt 0.541775 0.523108
vt 0.559311 0.531469
vt 0.623245 0.363257
vt 0.613295 0.349356
vt 0.625653 0.350575
vt 0.640705 0.356686
vt 0.528828 0.554829
vt 0.828835 0.603075
vt 0.844563 0.599934
vt 0.847214 0.616053
vt 0.835474 0.617166
vt 0.821745 0.610384
vt 0.809327 0.608865
vt 0.809112 0.605203
vt 0.828239 0.618653
vt 0.619255 0.336110
vt 0.629394 0.336324
vt 0.602585 0.347134
vt 0.612460 0.331026
vt 0.628936 0.325127
vt 0.619431 0.286194
vt 0.634486 0.278814
vt 0.644248 0.291523
vt 0.626975 0.296463
vt 0.538793 0.459095
vt 0.540134 0.472059
vt 0.519997 0.470746
vt 0.528306 0.451981
vt 0.604737 0.307917
vt 0.590457 0.305616
vt 0.552129 0.475239
vt 0.582813 0.328019
vt 0.566135 0.494597
vt 0.596260 0.323494
vt 0.588167 0.334345
vt 0.192961 0.850864
vt 0.184076 0.850160
vt 0.185359 0.836717
vt 0.191177 0.833888
vt 0.203554 0.826247
vt 0.209781 0.839950
vt 0.215381 0.853256
vt 0.198390 0.862207
vt 0.179463 0.838802
vt 0.176819 0.848513
vt 0.174558 0.831202
vt 0.179680 0.824573
vt 0.945808 0.084905
vt 0.945209 0.076914
vt 0.958165 0.079202
vt 0.851031 0.864316
vt 0.859115 0.855020
vt 0.858729 0.869853
vt 0.761836 0.876907
vt 0.746240 0.871354
vt 0.747462 0.863338
vt 0.758521 0.863536
vt 0.220329 0.971901
vt 0.202597 0.972773
vt 0.202880 0.956627
vt 0.218669 0.955115
vt 0.892556 0.707069
vt 0.894852 0.687295
vt 0.909784 0.687505
vt 0.910192 0.705199
vt 0.766014 0.861970
vt 0.877142 0.710477
vt 0.883468 0.700679
vt 0.888136 0.686143
vt 0.963554 0.960179
vt 0.970983 0.960344
vt 0.969653 0.968160
vt 0.958694 0.963358
vt 0.952661 0.955072
vt 0.960007 0.953076
vt 0.970034 0.951524
vt 0.746109 0.852215
vt 0.747885 0.857673
vt 0.733996 0.852933
vt 0.736526 0.846699
vt 0.739662 0.841053
vt 0.750704 0.849759
vt 0.755786 0.856537
vt 0.287722 0.387942
vt 0.286934 0.393854
vt 0.283126 0.394073
vt 0.285508 0.386541
vt 0.899940 0.831144
vt 0.902575 0.831321
vt 0.901652 0.835567
vt 0.898678 0.834443
vt 0.290294 0.385465
vt 0.290836 0.391821
vt 0.898425 0.877548
vt 0.894522 0.880536
vt 0.894821 0.873474
vt 0.900268 0.872315
vt 0.401980 0.274488
vt 0.406386 0.275081
vt 0.403877 0.281131
vt 0.399327 0.278240
vt 0.401197 0.269688
vt 0.406731 0.267920
vt 0.841160 0.290318
vt 0.845152 0.283810
vt 0.851524 0.288196
vt 0.844436 0.294561
vt 0.831970 0.289544
vt 0.832759 0.282754
vt 0.833052 0.295853
vt 0.764703 0.285274
vt 0.759471 0.287163
vt 0.757857 0.282593
vt 0.765201 0.281989
vt 0.767688 0.287881
vt 0.761540 0.291011
vt 0.770724 0.281918
vt 0.076866 0.051289
vt 0.082704 0.053428
vt 0.080178 0.058425
vt 0.075735 0.056208
vt 0.765081 0.278275
vt 0.770605 0.278543
vt 0.776705 0.277921
vt 0.776948 0.281374
vt 0.145885 0.149416
vt 0.146850 0.160432
vt 0.142044 0.161026
vt 0.787399 0.273852
vt 0.457958 0.936467
vt 0.457458 0.931561
vt 0.464566 0.936458
vt 0.464625 0.930533
vt 0.475259 0.930465
vt 0.475516 0.937046
vt 0.805517 0.918493
vt 0.798351 0.911316
vt 0.810402 0.913203
vt 0.795500 0.916549
vt 0.462855 0.921919
vt 0.473673 0.919892
vt 0.798642 0.901620
vt 0.814297 0.902385
vt 0.825150 0.905944
vt 0.818677 0.916655
vt 0.796769 0.883608
vt 0.816238 0.885158
vt 0.831701 0.886386
vt 0.468086 0.903302
vt 0.455916 0.908055
vt 0.450169 0.893304
vt 0.465869 0.888358
vt 0.795500 0.867610
vt 0.816689 0.873052
vt 0.448541 0.883643
vt 0.466453 0.880270
vt 0.796463 0.859394
vt 0.818534 0.866167
vt 0.448262 0.876961
vt 0.863263 0.182597
vt 0.861028 0.200800
vt 0.856980 0.182077
vt 0.859690 0.160914
vt 0.865719 0.161657
vt 0.855758 0.201669
vt 0.851115 0.182560
vt 0.850339 0.160825
vt 0.847864 0.143371
vt 0.862862 0.144554
vt 0.844823 0.184416
vt 0.839431 0.163079
vt 0.257867 0.603731
vt 0.269014 0.605470
vt 0.265867 0.623399
vt 0.250325 0.619933
vt 0.265457 0.643888
vt 0.248988 0.640979
vt 0.281762 0.606952
vt 0.283190 0.623991
vt 0.282371 0.643478
vt 0.267707 0.660936
vt 0.282660 0.658169
vt 0.299295 0.630753
vt 0.756288 0.735642
vt 0.778236 0.743801
vt 0.762999 0.750619
vt 0.753835 0.754722
vt 0.955228 0.598929
vt 0.950891 0.618805
vt 0.944747 0.605765
vt 0.943112 0.622889
vt 0.937973 0.612663
vt 0.767537 0.765266
vt 0.757403 0.767341
vt 0.955156 0.631954
vt 0.945880 0.633353
vt 0.939850 0.635122
vt 0.936921 0.626441
vt 0.954615 0.641902
vt 0.947214 0.642248
vt 0.941619 0.643065
vt 0.934448 0.645881
vt 0.933352 0.637702
vt 0.947710 0.649595
vt 0.301147 0.915623
vt 0.308314 0.910054
vt 0.308546 0.916061
vt 0.308847 0.923031
vt 0.301173 0.922549
vt 0.309150 0.931358
vt 0.301126 0.931002
vt 0.315840 0.916722
vt 0.316356 0.923433
vt 0.316622 0.931761
vt 0.317477 0.941589
vt 0.309029 0.941353
vt 0.785087 0.559431
vt 0.777113 0.558459
vt 0.787355 0.551251
vt 0.779513 0.549973
vt 0.783106 0.540092
vt 0.787646 0.541519
vt 0.784986 0.527654
vt 0.792737 0.528872
vt 0.831636 0.359578
vt 0.839195 0.358932
vt 0.832998 0.369794
vt 0.840915 0.369513
vt 0.842590 0.382698
vt 0.834117 0.382591
vt 0.843275 0.387026
vt 0.833620 0.387104
vt 0.848611 0.369217
vt 0.850203 0.383091
vt 0.850824 0.387666
vt 0.852844 0.391607
vt 0.842707 0.391812
vt 0.857487 0.380598
vt 0.732930 0.019060
vt 0.739143 0.021670
vt 0.735099 0.026379
vt 0.730406 0.029492
vt 0.861523 0.385496
vt 0.727335 0.032713
vt 0.726149 0.023562
vt 0.855642 0.396080
vt 0.742385 0.031417
vt 0.741454 0.035951
vt 0.739911 0.041746
vt 0.731705 0.051668
vt 0.716158 0.047655
vt 0.646069 0.923124
vt 0.636129 0.914758
vt 0.650338 0.918660
vt 0.639700 0.908226
vt 0.752434 0.046836
vt 0.750051 0.070963
vt 0.749161 0.085737
vt 0.729365 0.058349
vt 0.625667 0.900915
vt 0.650338 0.882928
vt 0.625937 0.871790
vt 0.841202 0.210026
vt 0.836000 0.233435
vt 0.802992 0.234247
vt 0.812920 0.201302
vt 0.399531 0.162816
vt 0.411407 0.187261
vt 0.379364 0.199286
vt 0.427061 0.514816
vt 0.460132 0.506161
vt 0.438255 0.542256
vt 0.841943 0.263530
vt 0.811472 0.276918
vt 0.426732 0.133973
vt 0.439690 0.158777
vt 0.450469 0.174467
vt 0.420657 0.202014
vt 0.496495 0.899517
vt 0.477046 0.935648
vt 0.477046 0.881492
vt 0.953829 0.000662
vt 0.953829 0.053146
vt 0.925939 0.037070
vt 0.911872 0.327495
vt 0.907235 0.022194
vt 0.919756 0.009250
vt 0.315569 0.947434
vt 0.323071 0.981801
vt 0.307464 0.981801
vt 0.898958 0.298450
vt 0.905440 0.299455
vt 0.907815 0.294652
vt 0.905654 0.730277
vt 0.908354 0.726139
vt 0.924459 0.732542
vt 0.916275 0.740355
vt 0.236096 0.855173
vt 0.256774 0.853179
vt 0.234965 0.866814
vt 0.258032 0.859614
vt 0.256131 0.867117
vt 0.907700 0.737607
vt 0.924459 0.765021
vt 0.904879 0.916990
vt 0.885798 0.926262
vt 0.904689 0.910465
vt 0.453139 0.182301
vt 0.437176 0.207659
vt 0.428340 0.205572
vt 0.446564 0.211916
vt 0.430198 0.230919
vt 0.422010 0.228829
vt 0.413587 0.229812
vt 0.903818 0.924995
vt 0.887186 0.934509
vt 0.256262 0.845072
vt 0.258913 0.834311
vt 0.272722 0.838888
vt 0.895440 0.942540
vt 0.240181 0.845517
vt 0.244599 0.831948
vt 0.220946 0.846897
vt 0.225365 0.832751
vt 0.238676 0.811810
vt 0.502082 0.456387
vt 0.208322 0.827602
vt 0.215216 0.809767
vt 0.220077 0.793183
vt 0.476814 0.778632
vt 0.486197 0.775006
vt 0.476724 0.797643
vt 0.491531 0.792168
vt 0.656040 0.269274
vt 0.662925 0.281737
vt 0.496065 0.770540
vt 0.502816 0.790735
vt 0.509193 0.813971
vt 0.646950 0.301363
vt 0.514817 0.786965
vt 0.521518 0.813231
vt 0.647980 0.312452
vt 0.627987 0.315495
vt 0.622479 0.307469
vt 0.605043 0.326550
vt 0.594002 0.341508
vt 0.564564 0.520811
vt 0.542483 0.511370
vt 0.567822 0.504492
vt 0.520385 0.504888
vt 0.519990 0.502917
vt 0.530842 0.505172
vt 0.647081 0.324122
vt 0.539240 0.805624
vt 0.525879 0.781537
vt 0.538110 0.775521
vt 0.552438 0.799763
vt 0.647173 0.342552
vt 0.552438 0.766646
vt 0.662925 0.365490
vt 0.550059 0.736679
vt 0.534145 0.744602
vt 0.540802 0.901158
vt 0.502138 0.560829
vt 0.633659 0.372021
vt 0.522341 0.751116
vt 0.994388 0.473792
vt 0.986343 0.463632
vt 0.994388 0.459468
vt 0.526484 0.735072
vt 0.513417 0.757903
vt 0.988296 0.482399
vt 0.980517 0.470086
vt 0.982295 0.457962
vt 0.979739 0.490187
vt 0.972565 0.477322
vt 0.971306 0.497893
vt 0.965607 0.482591
vt 0.963541 0.475036
vt 0.864040 0.298176
vt 0.884382 0.296761
vt 0.878577 0.301122
vt 0.887762 0.287974
vt 0.896318 0.289480
vt 0.891797 0.298080
vt 0.905429 0.289864
vt 0.921624 0.708296
vt 0.907316 0.719050
vt 0.910503 0.707292
vt 0.916530 0.721178
vt 0.904669 0.277470
vt 0.911872 0.280214
vt 0.895688 0.274869
vt 0.505113 0.764910
vt 0.588483 0.674411
vt 0.582066 0.677144
vt 0.583718 0.670342
vt 0.589922 0.669667
vt 0.595794 0.668125
vt 0.595280 0.673387
vt 0.791537 0.884903
vt 0.784183 0.889891
vt 0.787858 0.883248
vt 0.779864 0.884471
vt 0.781173 0.876675
vt 0.789488 0.877657
vt 0.765288 0.883799
vt 0.763271 0.876826
vt 0.580377 0.906427
vt 0.580547 0.924052
vt 0.772121 0.866965
vt 0.787044 0.861246
vt 0.587773 0.918382
vt 0.590199 0.931509
vt 0.581219 0.935642
vt 0.572969 0.939230
vt 0.359251 0.924429
vt 0.347926 0.923488
vt 0.358687 0.914504
vt 0.348339 0.913381
vt 0.583699 0.943935
vt 0.564819 0.952091
vt 0.564794 0.949773
vt 0.916068 0.154689
vt 0.905621 0.158039
vt 0.905808 0.138130
vt 0.889750 0.140864
vt 0.906681 0.124547
vt 0.555819 0.952336
vt 0.554555 0.954358
vt 0.334522 0.911060
vt 0.318836 0.913974
vt 0.325493 0.888304
vt 0.735651 0.377616
vt 0.704200 0.375767
vt 0.725292 0.357974
vt 0.860683 0.122507
vt 0.867956 0.148094
vt 0.694818 0.361946
vt 0.714914 0.340421
vt 0.734822 0.317714
vt 0.568691 0.323673
vt 0.587402 0.305003
vt 0.578004 0.339897
vt 0.706731 0.324235
vt 0.724206 0.304371
vt 0.583327 0.355951
vt 0.553815 0.334792
vt 0.698363 0.308268
vt 0.711322 0.288061
vt 0.580133 0.372601
vt 0.560579 0.374104
vt 0.576154 0.383588
vt 0.541627 0.370576
vt 0.791059 0.051546
vt 0.804393 0.054706
vt 0.798910 0.059212
vt 0.771281 0.056855
vt 0.777725 0.048385
vt 0.793428 0.063718
vt 0.802715 0.047239
vt 0.803275 0.049728
vt 0.807674 0.083746
vt 0.769110 0.066401
vt 0.813675 0.076815
vt 0.810581 0.069445
vt 0.816769 0.084184
vt 0.810839 0.039514
vt 0.808862 0.040706
vt 0.866532 0.059734
vt 0.878306 0.043739
vt 0.859435 0.079182
vt 0.587402 0.402554
vt 0.702192 0.280615
vt 0.691661 0.297340
vt 0.676706 0.314158
vt 0.682434 0.328541
vt 0.669978 0.348497
vt 0.663931 0.330971
vt 0.688228 0.347142
vt 0.674317 0.363015
vt 0.954683 0.911841
vt 0.963789 0.911666
vt 0.957846 0.920325
vt 0.945839 0.923871
vt 0.946611 0.898434
vt 0.960436 0.902242
vt 0.966987 0.904074
vt 0.972093 0.905187
vt 0.969569 0.912155
vt 0.965109 0.891404
vt 0.970097 0.893480
vt 0.974312 0.895589
vt 0.644209 0.470422
vt 0.638296 0.469236
vt 0.640838 0.459624
vt 0.646216 0.461125
vt 0.977605 0.882620
vt 0.323149 0.944795
vt 0.330377 0.931838
vt 0.330140 0.938486
vt 0.644886 0.483169
vt 0.637718 0.482309
vt 0.630132 0.481166
vt 0.631002 0.467786
vt 0.648939 0.498099
vt 0.641098 0.498282
vt 0.630638 0.499292
vt 0.202789 0.072229
vt 0.173751 0.071069
vt 0.180414 0.053730
vt 0.600379 0.482564
vt 0.744201 0.909519
vt 0.760962 0.907353
vt 0.744612 0.921662
vt 0.767315 0.920205
vt 0.202794 0.093160
vt 0.167875 0.100930
vt 0.124707 0.108138
vt 0.130221 0.078044
vt 0.199469 0.110261
vt 0.164582 0.121406
vt 0.123637 0.126844
vt 0.700356 0.122949
vt 0.679640 0.111109
vt 0.689060 0.097637
vt 0.108461 0.127424
vt 0.160838 0.134051
vt 0.119984 0.139576
vt 0.689708 0.131300
vt 0.675336 0.120785
vt 0.658641 0.113259
vt 0.660383 0.104397
vt 0.197609 0.000206
vt 0.205591 0.005794
vt 0.197639 0.018181
vt 0.677223 0.134203
vt 0.671582 0.127297
vt 0.657414 0.120682
vt 0.635181 0.117572
vt 0.634518 0.109692
vt 0.666032 0.133189
vt 0.655921 0.127635
vt 0.637126 0.124858
vt 0.415571 0.364909
vt 0.412750 0.403856
vt 0.405335 0.407077
vt 0.408359 0.368391
vt 0.640904 0.138459
vt 0.631659 0.133990
vt 0.497041 0.589727
vt 0.517473 0.610817
vt 0.489787 0.592743
vt 0.981801 0.147983
vt 0.974983 0.155242
vt 0.974983 0.119522
vt 0.560661 0.537980
vt 0.547774 0.557499
vt 0.550695 0.539625
vt 0.554897 0.560270
vt 0.514531 0.569360
vt 0.484808 0.594931
vt 0.491416 0.542648
vt 0.498819 0.540528
vt 0.561404 0.563099
vt 0.491993 0.618171
vt 0.476017 0.594499
vt 0.485540 0.546159
vt 0.159123 0.756606
vt 0.201603 0.750299
vt 0.205897 0.757186
vt 0.158831 0.760631
vt 0.467453 0.595965
vt 0.478950 0.549723
vt 0.750919 0.760826
vt 0.744123 0.760462
vt 0.755231 0.719841
vt 0.195712 0.746885
vt 0.226040 0.722224
vt 0.228264 0.726039
vt 0.737239 0.759289
vt 0.747254 0.718610
vt 0.785629 0.559908
vt 0.792100 0.556323
vt 0.791530 0.595272
vt 0.786335 0.596262
vt 0.226055 0.665397
vt 0.242024 0.705391
vt 0.236861 0.708978
vt 0.221616 0.671337
vt 0.800727 0.553684
vt 0.799958 0.593009
vt 0.794514 0.630758
vt 0.247548 0.702183
vt 0.195531 0.572031
vt 0.195992 0.611621
vt 0.188894 0.613437
vt 0.188702 0.572390
vt 0.813971 0.593170
vt 0.945271 0.378121
vt 0.952431 0.427061
vt 0.945271 0.429363
vt 0.203638 0.569568
vt 0.204354 0.610718
vt 0.000730 0.457633
vt 0.021698 0.470859
vt 0.013058 0.480346
vt 0.204035 0.634954
vt 0.033703 0.482567
vt 0.031482 0.488918
vt 0.013909 0.486421
vt 0.000730 0.509082
vt 0.034964 0.470737
vt 0.016783 0.198598
vt 0.008555 0.197429
vt 0.016783 0.182529
vt 0.930174 0.599100
vt 0.925900 0.611178
vt 0.920676 0.599630
vt 0.972011 0.285968
vt 0.962689 0.288919
vt 0.971961 0.264311
vt 0.954472 0.295100
vt 0.963651 0.264200
vt 0.457763 0.831015
vt 0.487708 0.838479
vt 0.699411 0.687096
vt 0.658734 0.690579
vt 0.659364 0.683478
vt 0.698940 0.680913
vt 0.642225 0.707362
vt 0.864320 0.734314
vt 0.842877 0.773042
vt 0.842944 0.766736
vt 0.844378 0.758038
vt 0.633936 0.676783
vt 0.744043 0.395290
vt 0.728607 0.409644
vt 0.738619 0.387657
vt 0.723961 0.403924
vt 0.718697 0.398603
vt 0.151046 0.280256
vt 0.143425 0.303491
vt 0.143425 0.278636
vt 0.635510 0.667451
vt 0.712386 0.396015
vt 0.711264 0.378076
vt 0.612273 0.252271
vt 0.615374 0.277582
vt 0.605674 0.254535
vt 0.636044 0.659325
vt 0.585366 0.231100
vt 0.660286 0.654588
vt 0.686406 0.654764
vt 0.578763 0.233901
vt 0.660855 0.647865
vt 0.684105 0.645245
vt 0.696455 0.646129
vt 0.699081 0.654436
vt 0.661970 0.640673
vt 0.497752 0.870282
vt 0.492934 0.874476
vt 0.488249 0.870539
vt 0.703484 0.643906
vt 0.499292 0.879280
vt 0.678667 0.903480
vt 0.680975 0.895483
vt 0.688066 0.898020
vt 0.489150 0.881103
vt 0.701880 0.630819
vt 0.895591 0.965235
vt 0.907682 0.963215
vt 0.908637 0.972392
vt 0.896978 0.973368
vt 0.907161 0.982545
vt 0.898088 0.982080
vt 0.932606 0.965328
vt 0.933441 0.973976
vt 0.929697 0.983317
vt 0.100865 0.090910
vt 0.062336 0.078061
vt 0.099853 0.082379
vt 0.060294 0.069938
vt 0.064962 0.061721
vt 0.102875 0.077358
vt 0.007807 0.080200
vt 0.006707 0.072868
vt 0.006632 0.064896
vt 0.059142 0.053147
vt 0.068733 0.025618
vt 0.792993 0.876907
vt 0.003699 0.054893
vt 0.055634 0.044321
vt 0.068338 0.014561
vt 0.696762 0.103918
vt 0.000152 0.036983
vt 0.047746 0.026165
vt 0.065003 0.000632
vt 0.774811 0.103918
vt 0.751296 0.139117
vt 0.227170 0.152140
vt 0.231687 0.182696
vt 0.184126 0.160743
vt 0.189245 0.185752
vt 0.180395 0.724039
vt 0.157382 0.725458
vt 0.156016 0.717675
vt 0.178961 0.716341
vt 0.750203 0.147978
vt 0.157583 0.710878
vt 0.177634 0.710707
vt 0.738989 0.149617
vt 0.750188 0.154290
vt 0.153773 0.704080
vt 0.177062 0.704660
vt 0.750260 0.161293
vt 0.153386 0.696295
vt 0.176858 0.697578
vt 0.748386 0.168258
vt 0.176731 0.691644
vt 0.747303 0.174586
vt 0.177754 0.683509
vt 0.744545 0.182581
vt 0.730219 0.172721
vt 0.741742 0.188808
vt 0.682521 0.855082
vt 0.689191 0.837109
vt 0.690088 0.853557
vt 0.690401 0.871885
vt 0.683531 0.871721
vt 0.722569 0.160117
vt 0.689908 0.887565
vt 0.683115 0.886929
vt 0.895591 0.994388
vt 0.697069 0.871215
vt 0.695702 0.887913
vt 0.693428 0.899307
vt 0.707870 0.889798
vt 0.704520 0.901959
vt 0.484378 0.878407
vt 0.474675 0.878339
vt 0.734223 0.890164
vt 0.735651 0.903480
vt 0.697221 0.851969
vt 0.179261 0.677106
vt 0.178756 0.671311
vt 0.190994 0.668686
vt 0.702477 0.835934
vt 0.160735 0.675455
vt 0.163077 0.668791
vt 0.142385 0.673992
vt 0.145124 0.663096
vt 0.148552 0.657103
vt 0.901554 0.632432
vt 0.904790 0.616325
vt 0.908598 0.634296
vt 0.912180 0.620303
vt 0.917466 0.623477
vt 0.917048 0.640548
vt 0.916179 0.608172
vt 0.589240 0.844632
vt 0.579385 0.854063
vt 0.591676 0.836126
vt 0.332861 0.079863
vt 0.332861 0.104893
vt 0.325465 0.096810
vt 0.142385 0.633549
vt 0.597192 0.809624
vt 0.981801 0.626886
vt 0.981801 0.661527
vt 0.969413 0.634107
vt 0.044754 0.968782
vt 0.035175 0.984598
vt 0.035175 0.949956
vt 0.909374 0.602130
vt 0.129642 0.784650
vt 0.138595 0.782207
vt 0.153870 0.800892
vt 0.146326 0.803988
vt 0.173423 0.829166
vt 0.168238 0.829327
vt 0.162071 0.832566
vt 0.679503 0.144965
vt 0.665725 0.163646
vt 0.673822 0.140518
vt 0.659313 0.159605
vt 0.653705 0.155434
vt 0.172602 0.858726
vt 0.154249 0.835703
vt 0.008392 0.287194
vt 0.001313 0.290904
vt 0.001313 0.258846
vt 0.472793 0.245015
vt 0.492058 0.265940
vt 0.470414 0.250507
vt 0.126618 0.812843
vt 0.152223 0.842202
vt 0.489296 0.271466
vt 0.467583 0.256398
vt 0.149398 0.848875
vt 0.126391 0.819503
vt 0.801131 0.821028
vt 0.824695 0.785192
vt 0.807885 0.820553
vt 0.819213 0.782861
vt 0.145854 0.856774
vt 0.123600 0.826502
vt 0.833315 0.788373
vt 0.815097 0.821497
vt 0.808072 0.855655
vt 0.800365 0.855929
vt 0.960726 0.418188
vt 0.973409 0.452586
vt 0.967637 0.455739
vt 0.975174 0.678320
vt 0.955812 0.676147
vt 0.976023 0.672231
vt 0.956245 0.668666
vt 0.956731 0.661811
vt 0.976206 0.665842
vt 0.365327 0.972129
vt 0.372337 0.971116
vt 0.369006 0.991503
vt 0.975562 0.657912
vt 0.956313 0.654546
vt 0.910590 0.028884
vt 0.876999 0.014755
vt 0.554559 0.783549
vt 0.960726 0.460132
vt 0.381168 0.972295
vt 0.379908 0.993303
vt 0.389143 0.986275
vt 0.388258 0.969173
vt 0.371025 0.965833
vt 0.377468 0.964417
vt 0.386046 0.961400
vt 0.393288 0.968410
vt 0.393143 0.984263
vt 0.946876 0.309969
vt 0.401391 0.957065
vt 0.397831 0.983306
vt 0.401391 0.991768
vt 0.398700 0.992848
vt 0.395775 0.994388
vt 0.397475 0.968713
vt 0.951122 0.324831
vt 0.939932 0.323304
vt 0.980402 0.275519
vt 0.973669 0.262857
vt 0.980402 0.257409
vt 0.978829 0.023712
vt 0.979003 0.039160
vt 0.973749 0.025665
vt 0.973390 0.012223
vt 0.979003 0.010569
vt 0.978730 0.000491
vt 0.974756 0.002228
vt 0.963131 0.024418
vt 0.966255 0.011963
vt 0.968956 0.002760
vt 0.551215 0.957519
vt 0.557117 0.958900
vt 0.558623 0.964246
vt 0.552877 0.964557
vt 0.548172 0.964865
vt 0.909469 0.060359
vt 0.911477 0.065425
vt 0.902673 0.062892
vt 0.732398 0.689700
vt 0.740927 0.697668
vt 0.727778 0.699139
vt 0.325025 0.985996
vt 0.322955 0.972959
vt 0.328569 0.979541
vt 0.330358 0.968242
vt 0.332649 0.974023
vt 0.741195 0.679737
vt 0.749959 0.691938
vt 0.752861 0.700594
vt 0.326705 0.961662
vt 0.761323 0.689245
vt 0.763954 0.697340
vt 0.763992 0.704544
vt 0.775576 0.683330
vt 0.781427 0.689406
vt 0.780582 0.696981
vt 0.767164 0.715474
vt 0.788011 0.705490
vt 0.792293 0.704184
vt 0.910883 0.094775
vt 0.909906 0.075654
vt 0.917251 0.073947
vt 0.921842 0.096461
vt 0.914765 0.061034
vt 0.920404 0.056981
vt 0.404223 0.873913
vt 0.412981 0.877846
vt 0.406096 0.880557
vt 0.414281 0.884400
vt 0.417341 0.893690
vt 0.926774 0.039486
vt 0.231693 0.520238
vt 0.225859 0.505793
vt 0.420403 0.886850
vt 0.983518 0.087062
vt 0.984598 0.095483
vt 0.978449 0.090748
vt 0.224992 0.520402
vt 0.219168 0.508738
vt 0.219506 0.521669
vt 0.213704 0.511764
vt 0.203087 0.496656
vt 0.206439 0.491012
vt 0.212254 0.486199
vt 0.190830 0.483941
vt 0.077924 0.868206
vt 0.064792 0.887316
vt 0.062973 0.880290
vt 0.196858 0.470104
vt 0.202770 0.465322
vt 0.337645 0.786521
vt 0.360871 0.766039
vt 0.364994 0.774828
vt 0.035770 0.875680
vt 0.065821 0.873298
vt 0.630624 0.812443
vt 0.632085 0.787828
vt 0.640374 0.788384
vt 0.650020 0.791249
vt 0.637923 0.815336
vt 0.658207 0.794464
vt 0.645251 0.816769
vt 0.645538 0.760229
vt 0.655278 0.763376
vt 0.663437 0.766958
vt 0.670609 0.767617
vt 0.664970 0.794274
vt 0.338979 0.698452
vt 0.369961 0.704111
vt 0.339218 0.706727
vt 0.368780 0.712947
vt 0.367173 0.719387
vt 0.337739 0.713362
vt 0.364784 0.724829
vt 0.337107 0.718997
vt 0.744550 0.341091
vt 0.751068 0.372984
vt 0.736997 0.346509
vt 0.744508 0.377405
vt 0.740030 0.375322
vt 0.386842 0.742292
vt 0.382354 0.747962
vt 0.362764 0.730871
vt 0.721247 0.394399
vt 0.975841 0.546843
vt 0.975841 0.512919
vt 0.980792 0.513996
vt 0.985996 0.516589
vt 0.195801 0.000128
vt 0.195801 0.032167
vt 0.190059 0.001904
vt 0.490846 0.735566
vt 0.495646 0.734753
vt 0.502675 0.749061
vt 0.185655 0.003568
vt 0.484439 0.736468
vt 0.481419 0.703582
vt 0.488445 0.704172
vt 0.492927 0.705113
vt 0.497780 0.706235
vt 0.500317 0.731384
vt 0.902995 0.498948
vt 0.897777 0.532990
vt 0.899566 0.501036
vt 0.893829 0.534693
vt 0.889954 0.530808
vt 0.894448 0.500859
vt 0.864144 0.548050
vt 0.861780 0.544715
vt 0.342267 0.840450
vt 0.353919 0.814257
vt 0.346772 0.839873
vt 0.357541 0.816937
vt 0.376989 0.801838
vt 0.378797 0.806923
vt 0.398937 0.803136
vt 0.397094 0.808310
vt 0.681519 0.795301
vt 0.686582 0.770784
vt 0.686701 0.794751
vt 0.325519 0.738404
vt 0.336975 0.730335
vt 0.338533 0.736227
vt 0.051747 0.170626
vt 0.046705 0.155362
vt 0.051747 0.152098
vt 0.360711 0.734858
vt 0.358604 0.740765
vt 0.378678 0.751517
vt 0.374063 0.755017
vt 0.397196 0.766985
vt 0.515714 0.742136
vt 0.372944 0.774811
vt 0.337389 0.725123
vt 0.682102 0.769706
vt 0.676693 0.795823
vt 0.671059 0.795551
vt 0.676453 0.768114
vt 0.400385 0.798497
vt 0.375524 0.797242
vt 0.401391 0.792817
vt 0.373819 0.792108
vt 0.371496 0.787435
vt 0.675517 0.812662
vt 0.344817 0.807108
vt 0.343300 0.801622
vt 0.340465 0.796017
vt 0.368619 0.782000
vt 0.393466 0.770144
vt 0.246496 0.462631
vt 0.273241 0.491295
vt 0.242980 0.466433
vt 0.270719 0.496684
vt 0.305589 0.491938
vt 0.049625 0.924812
vt 0.060139 0.964402
vt 0.055208 0.966039
vt 0.049625 0.967815
vt 0.286606 0.521669
vt 0.969764 0.754052
vt 0.974808 0.788797
vt 0.964234 0.755985
vt 0.954251 0.412055
vt 0.959423 0.446138
vt 0.954251 0.446146
vt 0.449799 0.673597
vt 0.469881 0.703684
vt 0.973899 0.266049
vt 0.983199 0.297010
vt 0.973899 0.300694
vt 0.944039 0.096502
vt 0.934316 0.094848
vt 0.902625 0.328559
vt 0.794391 0.716071
vt 0.478791 0.736892
vt 0.475988 0.703730
vt 0.472787 0.737932
vt 0.848987 0.983199
vt 0.848987 0.948581
vt 0.854530 0.950244
vt 0.750116 0.393419
vt 0.974808 0.752804
vt 0.907951 0.495391
vt 0.911872 0.494223
vt 0.903700 0.533047
vt 0.277202 0.485656
vt 0.911872 0.562228
vt 0.736939 0.924459
vt 0.736939 0.890428
vt 0.741246 0.892118
vt 0.349753 0.810392
vt 0.337645 0.840703
vt 0.752255 0.339459
vt 0.341276 0.688815
vt 0.750691 0.318967
vt 0.763160 0.335297
vt 0.636824 0.755007
vt 0.640326 0.737373
vt 0.767829 0.312873
vt 0.771553 0.332268
vt 0.630736 0.756399
vt 0.626727 0.736219
vt 0.781960 0.310827
vt 0.778183 0.330694
vt 0.784197 0.361066
vt 0.784515 0.331060
vt 0.789401 0.358519
vt 0.899684 0.890242
vt 0.905822 0.885407
vt 0.920540 0.903382
vt 0.917598 0.909340
vt 0.913599 0.916067
vt 0.360372 0.979959
vt 0.344410 0.977452
vt 0.362231 0.973414
vt 0.343561 0.972156
vt 0.334856 0.979417
vt 0.344008 0.982396
vt 0.335243 0.982731
vt 0.564341 0.964332
vt 0.565267 0.967344
vt 0.559717 0.969122
vt 0.332945 0.983720
vt 0.566422 0.971360
vt 0.561418 0.973288
vt 0.556732 0.975205
vt 0.554806 0.970359
vt 0.552367 0.977025
vt 0.550214 0.971390
vt 0.548251 0.978920
vt 0.897284 0.067118
vt 0.892311 0.069114
vt 0.894346 0.063682
vt 0.900250 0.059149
vt 0.891121 0.060581
vt 0.897935 0.055401
vt 0.905641 0.052062
vt 0.907695 0.055958
vt 0.887887 0.068539
vt 0.882875 0.075313
vt 0.887136 0.074702
vt 0.890760 0.074754
vt 0.550062 0.984682
vt 0.553912 0.982313
vt 0.555096 0.987241
vt 0.551471 0.989809
vt 0.548172 0.991591
vt 0.886687 0.079719
vt 0.992989 0.065919
vt 0.988247 0.066848
vt 0.987037 0.064018
vt 0.991785 0.062659
vt 0.740322 0.649772
vt 0.742267 0.646928
vt 0.743787 0.653386
vt 0.093142 0.065923
vt 0.097900 0.066793
vt 0.093183 0.069929
vt 0.989439 0.070391
vt 0.984475 0.070747
vt 0.983377 0.067380
vt 0.093179 0.061631
vt 0.097900 0.062819
vt 0.990688 0.074197
vt 0.985640 0.074351
vt 0.980381 0.074227
vt 0.979321 0.070660
vt 0.992006 0.078320
vt 0.986916 0.078232
vt 0.451470 0.040094
vt 0.454978 0.041700
vt 0.451353 0.045366
vt 0.448291 0.042677
vt 0.454708 0.047586
vt 0.450281 0.051024
vt 0.446749 0.048873
vt 0.444376 0.045903
vt 0.458769 0.044361
vt 0.462642 0.046236
vt 0.457947 0.049342
vt 0.458892 0.039256
vt 0.740322 0.611903
vt 0.744358 0.613898
vt 0.740629 0.617251
vt 0.749113 0.616262
vt 0.744463 0.619144
vt 0.563787 0.986847
vt 0.563428 0.982242
vt 0.569085 0.984483
vt 0.568358 0.979966
vt 0.753106 0.613503
vt 0.562488 0.977727
vt 0.567689 0.975508
vt 0.755968 0.610318
vt 0.762171 0.614899
vt 0.770023 0.622086
vt 0.574815 0.972967
vt 0.573533 0.968777
vt 0.103495 0.062936
vt 0.098699 0.061392
vt 0.103495 0.049652
vt 0.939843 0.893983
vt 0.929803 0.893080
vt 0.934151 0.888497
vt 0.925747 0.898441
vt 0.912758 0.883326
vt 0.918749 0.880032
vt 0.926198 0.877393
vt 0.093541 0.059674
vt 0.934416 0.902724
vt 0.913941 0.860931
vt 0.921345 0.861072
vt 0.927225 0.861686
vt 0.938164 0.884229
vt 0.963494 0.531005
vt 0.953944 0.516699
vt 0.967815 0.526790
vt 0.959626 0.515254
vt 0.922785 0.204609
vt 0.921691 0.194953
vt 0.926163 0.192468
vt 0.927089 0.201649
vt 0.930246 0.859678
vt 0.931764 0.191384
vt 0.932613 0.200329
vt 0.935780 0.866132
vt 0.933332 0.857584
vt 0.940038 0.189710
vt 0.938522 0.206299
vt 0.971807 0.200356
vt 0.977578 0.195659
vt 0.932380 0.181279
vt 0.940747 0.180241
vt 0.953673 0.180907
vt 0.953505 0.190303
vt 0.933734 0.170884
vt 0.941731 0.170347
vt 0.953058 0.168992
vt 0.934199 0.162768
vt 0.942687 0.161121
vt 0.953829 0.157757
vt 0.293850 0.267606
vt 0.297000 0.265403
vt 0.297635 0.273616
vt 0.088326 0.061537
vt 0.088326 0.053691
vt 0.093705 0.056975
vt 0.951529 0.394146
vt 0.956981 0.395598
vt 0.941430 0.153992
vt 0.928812 0.170575
vt 0.929687 0.161695
vt 0.293018 0.257754
vt 0.295088 0.254092
vt 0.301926 0.262903
vt 0.926808 0.181406
vt 0.048783 0.920005
vt 0.035770 0.918014
vt 0.036406 0.914774
vt 0.052809 0.916590
vt 0.036208 0.909320
vt 0.055377 0.912100
vt 0.964815 0.513635
vt 0.960607 0.500605
vt 0.965216 0.501921
vt 0.954167 0.498917
vt 0.058146 0.906643
vt 0.069552 0.919853
vt 0.065341 0.923412
vt 0.060478 0.926542
vt 0.036659 0.903556
vt 0.036296 0.897144
vt 0.060009 0.900211
vt 0.948270 0.497491
vt 0.947945 0.518317
vt 0.942112 0.519965
vt 0.942468 0.496529
vt 0.936164 0.521791
vt 0.936236 0.495703
vt 0.958714 0.535724
vt 0.953607 0.540091
vt 0.948763 0.543912
vt 0.905308 0.861699
vt 0.788951 0.330825
vt 0.037142 0.890379
vt 0.036352 0.883108
vt 0.063197 0.894713
vt 0.929271 0.521841
vt 0.929271 0.494797
vt 0.082516 0.905395
vt 0.078416 0.910890
vt 0.073486 0.914464
vt 0.199611 0.501501
vt 0.208933 0.514406
vt 0.203986 0.517352
vt 0.077237 0.928655
vt 0.959482 0.092355
vt 0.970069 0.097935
vt 0.959065 0.098809
vt 0.967574 0.103474
vt 0.310416 0.271021
vt 0.317477 0.269995
vt 0.309168 0.260372
vt 0.314935 0.257528
vt 0.302989 0.272580
vt 0.976007 0.102234
vt 0.973230 0.106850
vt 0.980318 0.104424
vt 0.977852 0.108338
vt 0.972043 0.113351
vt 0.979142 0.111563
vt 0.975359 0.115772
vt 0.972248 0.119855
vt 0.969650 0.120603
vt 0.972106 0.838225
vt 0.971563 0.833753
vt 0.979288 0.839114
vt 0.978948 0.834630
vt 0.985840 0.837236
vt 0.986626 0.841860
vt 0.968528 0.127270
vt 0.970863 0.126752
vt 0.992089 0.840237
vt 0.992989 0.844740
vt 0.441955 0.057506
vt 0.445855 0.054765
vt 0.449058 0.056081
vt 0.130410 0.022175
vt 0.132865 0.019109
vt 0.132865 0.027972
vt 0.449731 0.061139
vt 0.453343 0.057695
vt 0.446424 0.060362
vt 0.453423 0.052471
vt 0.457305 0.054734
vt 0.461535 0.057100
vt 0.457958 0.060060
vt 0.461832 0.051851
vt 0.465972 0.054906
vt 0.982437 0.044554
vt 0.986992 0.048221
vt 0.982225 0.050246
vt 0.466052 0.060030
vt 0.467124 0.049608
vt 0.746417 0.627430
vt 0.748247 0.632931
vt 0.986340 0.054754
vt 0.982179 0.055976
vt 0.978623 0.050920
vt 0.462396 0.063245
vt 0.991112 0.052883
vt 0.977921 0.056904
vt 0.974080 0.051724
vt 0.455149 0.062898
vt 0.459945 0.065733
vt 0.974354 0.405282
vt 0.970504 0.404318
vt 0.972913 0.398423
vt 0.968534 0.397812
vt 0.965681 0.403773
vt 0.963135 0.396846
vt 0.965262 0.390223
vt 0.955016 0.391726
vt 0.293018 0.282326
vt 0.967847 0.412002
vt 0.972249 0.411596
vt 0.973534 0.414349
vt 0.969155 0.414560
vt 0.976437 0.411906
vt 0.977605 0.414175
vt 0.981509 0.062511
vt 0.985579 0.061314
vt 0.982386 0.064709
vt 0.978421 0.067443
vt 0.975127 0.417066
vt 0.970656 0.417772
vt 0.974080 0.070200
vt 0.972664 0.421047
vt 0.967729 0.421983
vt 0.966159 0.418347
vt 0.441955 0.043444
vt 0.974174 0.424649
vt 0.970207 0.425570
vt 0.991568 0.835808
vt 0.985610 0.832957
vt 0.985837 0.828807
vt 0.991761 0.831815
vt 0.975707 0.428465
vt 0.971788 0.429363
vt 0.978778 0.826058
vt 0.978884 0.822025
vt 0.986726 0.824753
vt 0.991557 0.828145
vt 0.978429 0.830371
vt 0.970455 0.829392
vt 0.970594 0.824884
vt 0.795920 0.964130
vt 0.794343 0.955006
vt 0.798217 0.952715
vt 0.799665 0.962639
vt 0.131043 0.987395
vt 0.122740 0.985459
vt 0.123503 0.982332
vt 0.079719 0.150968
vt 0.075554 0.159438
vt 0.075554 0.150172
vt 0.790953 0.958547
vt 0.785348 0.946328
vt 0.788085 0.941917
vt 0.963071 0.830898
vt 0.789255 0.969213
vt 0.788101 0.962510
vt 0.782848 0.952010
vt 0.772120 0.945451
vt 0.774937 0.938585
vt 0.785508 0.966106
vt 0.781417 0.958362
vt 0.773213 0.954289
vt 0.427846 0.876316
vt 0.424431 0.883931
vt 0.419099 0.880452
vt 0.420653 0.870930
vt 0.424267 0.857608
vt 0.431925 0.866877
vt 0.428112 0.888393
vt 0.432160 0.883400
vt 0.413217 0.853359
vt 0.415638 0.840762
vt 0.427219 0.848126
vt 0.760656 0.940232
vt 0.762176 0.932442
vt 0.412565 0.867715
vt 0.402517 0.864375
vt 0.402013 0.850587
vt 0.383169 0.848919
vt 0.384013 0.834095
vt 0.404244 0.836993
vt 0.385832 0.860652
vt 0.770285 0.671594
vt 0.794391 0.679909
vt 0.791474 0.667204
vt 0.386289 0.869039
vt 0.185237 0.051747
vt 0.185237 0.032167
vt 0.193004 0.033013
vt 0.749898 0.663808
vt 0.754899 0.675587
vt 0.764887 0.656835
vt 0.788278 0.653410
vt 0.974793 0.240136
vt 0.765035 0.638545
vt 0.771729 0.648202
vt 0.790742 0.646555
vt 0.771310 0.641632
vt 0.787388 0.637120
vt 0.916236 0.367318
vt 0.916279 0.361022
vt 0.934976 0.358632
vt 0.935764 0.364756
vt 0.936098 0.375125
vt 0.383356 0.824665
vt 0.948528 0.360534
vt 0.949522 0.366264
vt 0.949633 0.376217
vt 0.083132 0.050943
vt 0.096640 0.054544
vt 0.423454 0.833139
vt 0.432160 0.842666
vt 0.769665 0.921786
vt 0.780501 0.929856
vt 0.767028 0.926100
vt 0.778454 0.933692
vt 0.790951 0.937954
vt 0.782272 0.926248
vt 0.793737 0.934491
vt 0.784695 0.922389
vt 0.798532 0.931944
vt 0.788720 0.916837
vt 0.797791 0.923414
vt 0.809776 0.920768
vt 0.937235 0.835745
vt 0.903157 0.229964
vt 0.911769 0.236282
vt 0.900112 0.240285
vt 0.908208 0.246484
vt 0.944337 0.830524
vt 0.953441 0.828538
vt 0.958025 0.851247
vt 0.916221 0.250380
vt 0.906851 0.269925
vt 0.954472 0.267517
vt 0.969627 0.248263
vt 0.433091 0.846361
vt 0.919824 0.240539
vt 0.915302 0.231415
vt 0.922873 0.234732
vt 0.920199 0.588967
vt 0.924053 0.584792
vt 0.936128 0.587662
vt 0.932045 0.591126
vt 0.925092 0.579222
vt 0.934159 0.580178
vt 0.951016 0.577771
vt 0.952430 0.583667
vt 0.118879 0.129139
vt 0.114982 0.145452
vt 0.112678 0.129139
vt 0.937767 0.599737
vt 0.164579 0.631635
vt 0.175592 0.611395
vt 0.171094 0.632712
vt 0.182606 0.611419
vt 0.174276 0.634726
vt 0.175250 0.574176
vt 0.182176 0.572788
vt 0.168767 0.609931
vt 0.168033 0.574189
vt 0.231426 0.712901
vt 0.225873 0.717167
vt 0.212932 0.681935
vt 0.217198 0.676784
vt 0.220784 0.721465
vt 0.208176 0.687178
vt 0.230101 0.731037
vt 0.234961 0.731763
vt 0.211835 0.763064
vt 0.202381 0.692773
vt 0.193250 0.649134
vt 0.234961 0.782029
vt 0.213066 0.771212
vt 0.168453 0.771027
vt 0.163515 0.765533
vt 0.212873 0.783070
vt 0.169387 0.784704
vt 0.444561 0.439824
vt 0.432468 0.443130
vt 0.451740 0.390412
vt 0.451740 0.436885
vt 0.213024 0.796952
vt 0.167513 0.797544
vt 0.418658 0.443941
vt 0.213995 0.805580
vt 0.166683 0.805092
vt 0.409732 0.445555
vt 0.048056 0.299482
vt 0.057088 0.299831
vt 0.028975 0.324817
vt 0.759391 0.422370
vt 0.759391 0.377019
vt 0.766420 0.418118
vt 0.401849 0.447917
vt 0.062207 0.301437
vt 0.044173 0.317851
vt 0.954717 0.205591
vt 0.954717 0.160787
vt 0.960822 0.202079
vt 0.395083 0.449976
vt 0.397995 0.410309
vt 0.387521 0.451740
vt 0.389948 0.412198
vt 0.391736 0.372903
vt 0.400575 0.371350
vt 0.380435 0.411719
vt 0.380921 0.374949
vt 0.635864 0.100561
vt 0.634533 0.089359
vt 0.662640 0.091826
vt 0.635790 0.066790
vt 0.666089 0.064127
vt 0.695930 0.064783
vt 0.673583 0.039839
vt 0.705197 0.037946
vt 0.416080 0.119578
vt 0.424899 0.093909
vt 0.448674 0.112245
vt 0.104822 0.084253
vt 0.119875 0.055408
vt 0.716071 0.088401
vt 0.111352 0.032617
vt 0.126160 0.047285
vt 0.180602 0.042221
vt 0.545553 0.469076
vt 0.600383 0.458643
vt 0.599540 0.469194
vt 0.633677 0.458192
vt 0.603217 0.450641
vt 0.636571 0.451508
vt 0.644211 0.453260
vt 0.647959 0.448427
vt 0.975014 0.913302
vt 0.971690 0.920451
vt 0.966252 0.919320
vt 0.968681 0.929110
vt 0.408838 0.265030
vt 0.403911 0.253084
vt 0.411354 0.252460
vt 0.418715 0.253330
vt 0.413869 0.263912
vt 0.419818 0.239239
vt 0.428297 0.240995
vt 0.653259 0.343429
vt 0.648216 0.329814
vt 0.657741 0.319602
vt 0.422439 0.260842
vt 0.439302 0.233660
vt 0.442730 0.247436
vt 0.453139 0.243693
vt 0.661724 0.286084
vt 0.648216 0.304099
vt 0.883178 0.960663
vt 0.867041 0.949187
vt 0.904879 0.960822
vt 0.835995 0.645555
vt 0.863657 0.653415
vt 0.411578 0.240568
vt 0.977605 0.924421
vt 0.976951 0.930053
vt 0.549625 0.460743
vt 0.552826 0.451421
vt 0.476915 0.000338
vt 0.437846 0.026714
vt 0.434392 0.013363
vt 0.960949 0.386007
vt 0.960949 0.343347
vt 0.970612 0.382585
vt 0.551545 0.440468
vt 0.956847 0.044754
vt 0.956847 0.000711
vt 0.963619 0.005130
vt 0.311550 0.772311
vt 0.317624 0.776140
vt 0.288142 0.822363
vt 0.309887 0.818167
vt 0.967090 0.752434
vt 0.946970 0.706421
vt 0.976206 0.706421
vt 0.335472 0.782020
vt 0.338455 0.822363
vt 0.723834 0.611183
vt 0.741245 0.662925
vt 0.709537 0.659094
vt 0.849058 0.946836
vt 0.849058 0.890014
vt 0.882502 0.933163
vt 0.107341 0.409461
vt 0.107122 0.399452
vt 0.137060 0.413979
vt 0.081117 0.012123
vt 0.081117 0.050349
vt 0.070450 0.017257
vt 0.522146 0.404521
vt 0.525494 0.392237
vt 0.553836 0.434957
vt 0.703029 0.614373
vt 0.527434 0.382784
vt 0.148206 0.436898
vt 0.161188 0.389490
vt 0.163633 0.432194
vt 0.163633 0.472719
vt 0.737637 0.247164
vt 0.763595 0.231402
vt 0.771019 0.251053
vt 0.761417 0.277487
vt 0.741245 0.574245
vt 0.797964 0.229085
vt 0.800077 0.257540
vt 0.811174 0.283911
vt 0.000456 0.855078
vt 0.356389 0.183502
vt 0.330192 0.177067
vt 0.362231 0.155919
vt 0.338036 0.150327
vt 0.354066 0.598591
vt 0.357117 0.575087
vt 0.000456 0.800152
vt 0.300250 0.173372
vt 0.302476 0.147104
vt 0.360442 0.541854
vt 0.397590 0.544621
vt 0.361454 0.515955
vt 0.396212 0.516144
vt 0.286150 0.147057
vt 0.735316 0.905984
vt 0.718865 0.921910
vt 0.704094 0.904247
vt 0.704094 0.937616
vt 0.700222 0.062347
vt 0.707718 0.033685
vt 0.726547 0.939561
vt 0.710459 0.950624
vt 0.859788 0.409304
vt 0.846614 0.407281
vt 0.844978 0.396593
vt 0.156463 0.199996
vt 0.156463 0.181599
vt 0.165032 0.192199
vt 0.832299 0.403926
vt 0.832803 0.395524
vt 0.833182 0.391544
vt 0.783745 0.514400
vt 0.796997 0.515739
vt 0.784544 0.518660
vt 0.798310 0.520548
vt 0.796729 0.524807
vt 0.784560 0.523133
vt 0.804666 0.525077
vt 0.002903 0.902816
vt 0.005657 0.892228
vt 0.009100 0.894883
vt 0.012342 0.898223
vt 0.798257 0.533667
vt 0.017514 0.888368
vt 0.019264 0.892385
vt 0.023108 0.904064
vt 0.016210 0.908668
vt 0.309188 0.953829
vt 0.027410 0.890569
vt 0.032419 0.902187
vt 0.032905 0.911872
vt 0.301127 0.941246
vt 0.292928 0.930473
vt 0.883091 0.187847
vt 0.890961 0.188080
vt 0.882678 0.199576
vt 0.890812 0.199139
vt 0.925909 0.640479
vt 0.923745 0.633063
vt 0.930253 0.629107
vt 0.899949 0.199394
vt 0.890330 0.207835
vt 0.900265 0.207833
vt 0.926123 0.620015
vt 0.930240 0.618892
vt 0.919977 0.613648
vt 0.923690 0.612393
vt 0.834696 0.630099
vt 0.842470 0.630558
vt 0.658729 0.570027
vt 0.653237 0.576205
vt 0.646614 0.569630
vt 0.651893 0.563623
vt 0.822518 0.622041
vt 0.816180 0.614070
vt 0.909967 0.208388
vt 0.909077 0.199919
vt 0.639906 0.562954
vt 0.802211 0.618762
vt 0.806923 0.613322
vt 0.861975 0.778926
vt 0.864937 0.770536
vt 0.869581 0.779096
vt 0.873406 0.770148
vt 0.880577 0.770854
vt 0.875833 0.780676
vt 0.875883 0.761726
vt 0.882255 0.761824
vt 0.888335 0.760902
vt 0.887650 0.771241
vt 0.882046 0.782955
vt 0.897737 0.758642
vt 0.898177 0.769998
vt 0.898753 0.784225
vt 0.910473 0.771703
vt 0.909912 0.791240
vt 0.910473 0.806979
vt 0.899024 0.800647
vt 0.825247 0.585561
vt 0.836997 0.585416
vt 0.876744 0.791668
vt 0.835055 0.563475
vt 0.853132 0.559423
vt 0.851717 0.580848
vt 0.215722 0.660683
vt 0.216296 0.642862
vt 0.235075 0.657951
vt 0.231445 0.633825
vt 0.253609 0.662925
vt 0.206259 0.635015
vt 0.834843 0.868678
vt 0.847040 0.867312
vt 0.238306 0.616914
vt 0.197443 0.656194
vt 0.845750 0.896122
vt 0.847537 0.919643
vt 0.834689 0.912971
vt 0.890743 0.915399
vt 0.888690 0.900895
vt 0.898965 0.912990
vt 0.900486 0.897347
vt 0.824578 0.923060
vt 0.888171 0.890264
vt 0.410519 0.284845
vt 0.398643 0.289505
vt 0.413652 0.275875
vt 0.874150 0.902518
vt 0.871932 0.892794
vt 0.872725 0.885352
vt 0.886923 0.883382
vt 0.896108 0.884941
vt 0.873523 0.876306
vt 0.887122 0.875058
vt 0.874809 0.862345
vt 0.889977 0.863957
vt 0.897702 0.863783
vt 0.896509 0.856115
vt 0.088110 0.064335
vt 0.076186 0.064335
vt 0.907676 0.855020
vt 0.903241 0.862781
vt 0.761126 0.317477
vt 0.762448 0.296794
vt 0.766736 0.307890
vt 0.754741 0.306830
vt 0.752659 0.298796
vt 0.032947 0.161614
vt 0.026689 0.177619
vt 0.026689 0.158407
vt 0.979003 0.064842
vt 0.965985 0.067391
vt 0.969600 0.059721
vt 0.762282 0.999290
vt 0.742922 0.999982
vt 0.744608 0.995193
vt 0.760560 0.995058
vt 0.750211 0.293050
vt 0.745727 0.990526
vt 0.763115 0.989957
vt 0.768244 0.997899
vt 0.746094 0.986156
vt 0.762286 0.985701
vt 0.772842 0.984410
vt 0.745221 0.273852
vt 0.757081 0.278868
vt 0.762438 0.981215
vt 0.773035 0.979720
vt 0.157547 0.001515
vt 0.158039 0.005486
vt 0.150340 0.005106
vt 0.150402 0.000502
vt 0.451415 0.933885
vt 0.765902 0.274796
vt 0.158039 0.011189
vt 0.441502 0.931393
vt 0.448496 0.927665
vt 0.454791 0.924698
vt 0.441736 0.916544
vt 0.448280 0.912584
vt 0.433630 0.902222
vt 0.440492 0.898127
vt 0.428944 0.891851
vt 0.436392 0.888133
vt 0.853075 0.313496
vt 0.850291 0.306856
vt 0.861458 0.309255
vt 0.859612 0.302229
vt 0.436136 0.880802
vt 0.848637 0.302300
vt 0.857622 0.296910
vt 0.865719 0.212544
vt 0.860878 0.213982
vt 0.846674 0.298392
vt 0.854644 0.292648
vt 0.864320 0.284548
vt 0.850735 0.202765
vt 0.860837 0.281114
vt 0.844904 0.204728
vt 0.836932 0.188577
vt 0.827092 0.168857
vt 0.089571 0.964425
vt 0.079150 0.963800
vt 0.090908 0.949306
vt 0.077720 0.947821
vt 0.824519 0.193572
vt 0.813842 0.176998
vt 0.774299 0.727186
vt 0.795986 0.737453
vt 0.296198 0.603731
vt 0.060444 0.948516
vt 0.073794 0.926756
vt 0.054427 0.928289
vt 0.800758 0.754273
vt 0.783050 0.760361
vt 0.805299 0.771745
vt 0.785633 0.776808
vt 0.770277 0.778663
vt 0.757784 0.777832
vt 0.786278 0.792694
vt 0.771089 0.792029
vt 0.754828 0.787223
vt 0.955228 0.651737
vt 0.769460 0.804932
vt 0.753835 0.796992
vt 0.307224 0.901409
vt 0.317477 0.902083
vt 0.315966 0.910681
vt 0.811838 0.682092
vt 0.807572 0.672846
vt 0.818569 0.675133
vt 0.815186 0.668240
vt 0.820678 0.665938
vt 0.824110 0.672568
vt 0.830754 0.670902
vt 0.828330 0.664604
vt 0.812406 0.661100
vt 0.818399 0.659219
vt 0.825544 0.657745
vt 0.837820 0.350251
vt 0.830562 0.351122
vt 0.816979 0.651729
vt 0.824082 0.649953
vt 0.845297 0.349367
vt 0.846841 0.358223
vt 0.853390 0.348636
vt 0.854766 0.357558
vt 0.856275 0.368956
vt 0.736997 0.014296
vt 0.745386 0.012134
vt 0.173423 0.027896
vt 0.167253 0.032803
vt 0.165738 0.019548
vt 0.159419 0.024262
vt 0.503730 0.431143
vt 0.510559 0.429748
vt 0.509294 0.446606
vt 0.743269 0.027283
vt 0.518636 0.432143
vt 0.519062 0.447568
vt 0.639816 0.927256
vt 0.632898 0.921310
vt 0.634167 0.918223
vt 0.642552 0.925104
vt 0.622687 0.918654
vt 0.622200 0.914434
vt 0.621403 0.909522
vt 0.613938 0.922400
vt 0.611649 0.921145
vt 0.608576 0.577059
vt 0.614901 0.588976
vt 0.607843 0.594789
vt 0.609876 0.898699
vt 0.601904 0.866105
vt 0.623478 0.598077
vt 0.619322 0.606789
vt 0.605384 0.628924
vt 0.583476 0.612245
vt 0.556248 0.631349
vt 0.587929 0.657384
vt 0.633200 0.610045
vt 0.627046 0.624981
vt 0.637914 0.628225
vt 0.151046 0.466691
vt 0.092973 0.487145
vt 0.101745 0.458525
vt 0.133449 0.493697
vt 0.651327 0.628680
vt 0.658729 0.649884
vt 0.063416 0.487819
vt 0.061019 0.463081
vt 0.092992 0.426556
vt 0.055932 0.430845
vt 0.038522 0.493697
vt 0.853132 0.485425
vt 0.837857 0.520539
vt 0.834620 0.498698
vt 0.341210 0.001934
vt 0.338293 0.023615
vt 0.308713 0.025749
vt 0.028969 0.442225
vt 0.284203 0.027271
vt 0.276825 0.001934
vt 0.052309 0.407329
vt 0.339746 0.048000
vt 0.318075 0.052227
vt 0.293257 0.054604
vt 0.282245 0.741246
vt 0.282245 0.704037
vt 0.308272 0.705921
vt 0.310840 0.736702
vt 0.323371 0.081381
vt 0.304236 0.083133
vt 0.271279 0.086738
vt 0.671317 0.289505
vt 0.648118 0.250326
vt 0.670634 0.252343
vt 0.397196 0.370159
vt 0.360031 0.336983
vt 0.671317 0.194579
vt 0.297632 0.113687
vt 0.060139 0.750708
vt 0.060139 0.802783
vt 0.035547 0.766886
vt 0.000739 0.721384
vt 0.343775 0.356638
vt 0.317960 0.332662
vt 0.329694 0.318435
vt 0.005050 0.785979
vt 0.306342 0.363402
vt 0.300578 0.398594
vt 0.297824 0.346066
vt 0.317084 0.289505
vt 0.320249 0.257968
vt 0.349453 0.280791
vt 0.333530 0.233454
vt 0.643716 0.717059
vt 0.667121 0.752434
vt 0.626313 0.725823
vt 0.626859 0.663908
vt 0.147237 0.436356
vt 0.343892 0.207111
vt 0.362231 0.230308
vt 0.580162 0.752434
vt 0.604670 0.722563
vt 0.605453 0.669334
vt 0.770070 0.204056
vt 0.811174 0.202354
vt 0.737510 0.201910
vt 0.934716 0.252048
vt 0.956626 0.212380
vt 0.956626 0.262932
vt 0.308243 0.225008
vt 0.317029 0.199911
vt 0.287995 0.220408
vt 0.292738 0.194856
vt 0.472749 0.766708
vt 0.455728 0.760029
vt 0.485306 0.745629
vt 0.744043 0.929412
vt 0.730757 0.959423
vt 0.281100 0.174107
vt 0.455759 0.786933
vt 0.777113 0.487936
vt 0.798242 0.478534
vt 0.800755 0.495218
vt 0.798947 0.508908
vt 0.780836 0.505740
vt 0.830562 0.420972
vt 0.813971 0.494700
vt 0.783655 0.280025
vt 0.806364 0.294332
vt 0.791173 0.293378
vt 0.784114 0.290505
vt 0.807031 0.516376
vt 0.783655 0.308583
vt 0.002507 0.889150
vt 0.009787 0.874030
vt 0.014145 0.880536
vt 0.015936 0.884438
vt 0.134590 0.032167
vt 0.134590 0.018091
vt 0.138459 0.019814
vt 0.027701 0.876488
vt 0.028405 0.881130
vt 0.028381 0.885359
vt 0.034697 0.883591
vt 0.884532 0.169985
vt 0.890631 0.164614
vt 0.891495 0.169057
vt 0.891060 0.173488
vt 0.034659 0.891556
vt 0.901084 0.168238
vt 0.900820 0.172750
vt 0.900152 0.187707
vt 0.911074 0.173300
vt 0.910764 0.188848
vt 0.920263 0.173856
vt 0.645100 0.584725
vt 0.628157 0.590099
vt 0.638772 0.578389
vt 0.621912 0.583740
vt 0.632387 0.571944
vt 0.529165 0.448446
vt 0.536568 0.433634
vt 0.538452 0.450342
vt 0.527353 0.432999
vt 0.529213 0.421577
vt 0.538452 0.422272
vt 0.519679 0.420778
vt 0.511999 0.418506
vt 0.173423 0.039160
vt 0.160866 0.037811
vt 0.868237 0.759792
vt 0.876247 0.753915
vt 0.527641 0.414457
vt 0.861251 0.348207
vt 0.824145 0.642371
vt 0.816351 0.643586
vt 0.825530 0.638031
vt 0.879044 0.747270
vt 0.882568 0.753647
vt 0.811756 0.643446
vt 0.816980 0.635997
vt 0.812884 0.635101
vt 0.888712 0.751844
vt 0.806482 0.641590
vt 0.806321 0.629343
vt 0.896901 0.748138
vt 0.794738 0.634592
vt 0.801263 0.623086
vt 0.907804 0.743351
vt 0.909217 0.755992
vt 0.274043 0.769353
vt 0.257621 0.763196
vt 0.273213 0.757352
vt 0.255603 0.758153
vt 0.256247 0.742460
vt 0.274158 0.743542
vt 0.236618 0.761509
vt 0.237732 0.745517
vt 0.236349 0.728429
vt 0.257913 0.723937
vt 0.277553 0.725998
vt 0.236361 0.711090
vt 0.258451 0.705654
vt 0.279715 0.707639
vt 0.876392 0.918865
vt 0.276706 0.689005
vt 0.257008 0.688693
vt 0.193574 0.811223
vt 0.184805 0.819535
vt 0.174529 0.806949
vt 0.865510 0.907274
vt 0.857302 0.878504
vt 0.855675 0.884919
vt 0.238232 0.774811
vt 0.433912 0.765559
vt 0.419131 0.750393
vt 0.434986 0.753280
vt 0.418122 0.764806
vt 0.399661 0.763050
vt 0.400283 0.748994
vt 0.419757 0.780364
vt 0.400196 0.778729
vt 0.950131 0.148960
vt 0.933591 0.147371
vt 0.935749 0.127984
vt 0.951372 0.130178
vt 0.963871 0.130352
vt 0.965018 0.149648
vt 0.935174 0.111921
vt 0.948046 0.112090
vt 0.956111 0.111153
vt 0.944557 0.098613
vt 0.951154 0.096381
vt 0.275560 0.412580
vt 0.281439 0.404548
vt 0.286834 0.405923
vt 0.141471 0.180416
vt 0.141471 0.164340
vt 0.148249 0.178514
vt 0.183997 0.876907
vt 0.179916 0.871224
vt 0.291972 0.401004
vt 0.300487 0.412580
vt 0.303491 0.407697
vt 0.174529 0.868357
vt 0.297018 0.395537
vt 0.945209 0.059352
vt 0.958235 0.052740
vt 0.952728 0.061760
vt 0.295384 0.388226
vt 0.971564 0.054348
vt 0.961729 0.047180
vt 0.293984 0.382677
vt 0.973400 0.049889
vt 0.964570 0.042854
vt 0.896210 0.838380
vt 0.899871 0.840303
vt 0.974983 0.046085
vt 0.965927 0.039299
vt 0.905501 0.836215
vt 0.903873 0.841733
vt 0.899622 0.851162
vt 0.976588 0.042210
vt 0.746086 0.980980
vt 0.909789 0.843521
vt 0.904967 0.853179
vt 0.744413 0.975188
vt 0.762469 0.974973
vt 0.773413 0.973652
vt 0.742922 0.964649
vt 0.762006 0.964563
vt 0.430180 0.937046
vt 0.424089 0.927347
vt 0.434991 0.920821
vt 0.834821 0.349644
vt 0.832797 0.333947
vt 0.845945 0.343251
vt 0.844908 0.326568
vt 0.426094 0.906497
vt 0.829965 0.324058
vt 0.841930 0.316242
vt 0.854738 0.324438
vt 0.828026 0.317284
vt 0.839645 0.310433
vt 0.826430 0.311685
vt 0.837825 0.305812
vt 0.824723 0.306063
vt 0.835557 0.301096
vt 0.822397 0.300434
vt 0.749069 0.831093
vt 0.759488 0.841646
vt 0.745408 0.834825
vt 0.755282 0.845560
vt 0.766537 0.850278
vt 0.761499 0.854075
vt 0.772014 0.859056
vt 0.764424 0.837313
vt 0.772008 0.845480
vt 0.950293 0.946580
vt 0.958074 0.945116
vt 0.772014 0.830596
vt 0.967344 0.932976
vt 0.968784 0.943406
vt 0.982710 0.930666
vt 0.916337 0.855929
vt 0.920744 0.845983
vt 0.934249 0.850506
vt 0.923892 0.838547
vt 0.983199 0.949948
vt 0.912613 0.836823
vt 0.915339 0.828852
vt 0.927044 0.828603
vt 0.983199 0.958764
vt 0.982869 0.968545
vt 0.917080 0.819387
vt 0.929872 0.819320
vt 0.917766 0.809190
vt 0.932413 0.810767
vt 0.907039 0.830552
vt 0.907478 0.821613
vt 0.906641 0.811048
vt 0.277909 0.393432
vt 0.275877 0.403939
vt 0.888777 0.669789
vt 0.896263 0.669058
vt 0.966594 0.974599
vt 0.982685 0.977605
vt 0.917727 0.799032
vt 0.934249 0.803912
vt 0.910500 0.668384
vt 0.911966 0.649331
vt 0.896078 0.651650
vt 0.931383 0.667624
vt 0.931253 0.685929
vt 0.931452 0.649393
vt 0.403876 0.813011
vt 0.430222 0.809790
vt 0.438534 0.822875
vt 0.411102 0.827957
vt 0.931452 0.703494
vt 0.402865 0.795738
vt 0.423859 0.795547
vt 0.438373 0.791297
vt 0.443334 0.802846
vt 0.435077 0.779163
vt 0.791696 0.652550
vt 0.802597 0.653547
vt 0.804105 0.663456
vt 0.793209 0.666555
vt 0.443349 0.766721
vt 0.797284 0.678592
vt 0.810528 0.653149
vt 0.802924 0.691285
vt 0.791696 0.700687
vt 0.806550 0.805670
vt 0.784386 0.808377
vt 0.806979 0.788818
vt 0.181257 0.973409
vt 0.181445 0.956246
vt 0.181300 0.938624
vt 0.202730 0.938557
vt 0.181257 0.919836
vt 0.201918 0.919439
vt 0.216119 0.919978
vt 0.216747 0.937740
vt 0.062502 0.970021
vt 0.049159 0.977605
vt 0.062217 0.964367
vt 0.179018 0.036363
vt 0.173705 0.020844
vt 0.179018 0.018180
vt 0.729960 0.864792
vt 0.732062 0.859347
vt 0.226569 0.952697
vt 0.822376 0.277389
vt 0.723163 0.844588
vt 0.074951 0.970564
vt 0.933591 0.101768
vt 0.770682 0.806953
vt 0.760026 0.819099
vt 0.416776 0.329077
vt 0.405525 0.339854
vt 0.405525 0.315736
vt 0.753493 0.826453
vt 0.615408 0.924874
vt 0.625776 0.594370
vt 0.618639 0.586248
vt 0.636631 0.593670
vt 0.636012 0.598331
vt 0.635284 0.602722
vt 0.912954 0.164151
vt 0.911979 0.168667
vt 0.900330 0.163605
vt 0.899482 0.157512
vt 0.648805 0.610020
vt 0.885493 0.160571
vt 0.882678 0.146835
vt 0.838601 0.555661
vt 0.829411 0.559431
vt 0.826926 0.538878
vt 0.853132 0.541628
vt 0.054494 0.172025
vt 0.054494 0.151100
vt 0.062936 0.162442
vt 0.025451 0.866328
vt 0.034964 0.860899
vt 0.807148 0.538688
vt 0.811989 0.523147
vt 0.807561 0.503242
vt 0.018630 0.849389
vt 0.000647 0.861287
vt 0.800667 0.340497
vt 0.799914 0.317540
vt 0.814889 0.326571
vt 0.814753 0.353840
vt 0.344050 0.075327
vt 0.822363 0.296970
vt 0.931452 0.118572
vt 0.930978 0.145220
vt 0.913464 0.142474
vt 0.913464 0.113378
vt 0.323626 0.111937
vt 0.927085 0.170626
vt 0.469051 0.797108
vt 0.446188 0.819566
vt 0.485306 0.810755
vt 0.304965 0.146151
vt 0.295486 0.249745
vt 0.821500 0.275336
vt 0.153426 0.336479
vt 0.169228 0.312726
vt 0.169228 0.342651
vt 0.048737 0.013986
vt 0.048737 0.000676
vt 0.053146 0.003252
vt 0.034964 0.876483
vt 0.958892 0.741696
vt 0.950187 0.747407
vt 0.945253 0.738693
vt 0.952705 0.730980
vt 0.312291 0.327063
vt 0.958222 0.762846
vt 0.946180 0.766384
vt 0.941968 0.753318
vt 0.969213 0.784601
vt 0.965821 0.764949
vt 0.957771 0.783419
vt 0.947360 0.782603
vt 0.933088 0.782447
vt 0.933032 0.771257
vt 0.726068 0.477207
vt 0.724515 0.489491
vt 0.716794 0.481337
vt 0.713007 0.473519
vt 0.261893 0.934954
vt 0.256864 0.948157
vt 0.247505 0.947515
vt 0.188808 0.205591
vt 0.178912 0.205383
vt 0.188808 0.188172
vt 0.721371 0.499397
vt 0.712325 0.489662
vt 0.700890 0.479188
vt 0.266568 0.945947
vt 0.269925 0.964021
vt 0.259325 0.964093
vt 0.707785 0.496148
vt 0.957469 0.597982
vt 0.953883 0.585519
vt 0.963614 0.597063
vt 0.963708 0.613219
vt 0.957035 0.613811
vt 0.961465 0.627454
vt 0.956569 0.628371
vt 0.971167 0.598751
vt 0.970538 0.613936
vt 0.967634 0.627290
vt 0.397212 0.318763
vt 0.394883 0.331569
vt 0.388034 0.330466
vt 0.389658 0.318057
vt 0.977309 0.615652
vt 0.975243 0.629359
vt 0.404189 0.317740
vt 0.401920 0.330602
vt 0.404189 0.343637
vt 0.397114 0.343836
vt 0.478655 0.971167
vt 0.486188 0.971816
vt 0.479887 0.984430
vt 0.487237 0.983968
vt 0.485762 0.996677
vt 0.478655 0.998136
vt 0.262757 0.885895
vt 0.265687 0.892048
vt 0.254857 0.898011
vt 0.251458 0.892146
vt 0.249778 0.885595
vt 0.261165 0.879196
vt 0.494542 0.983281
vt 0.493014 0.997037
vt 0.492957 0.970405
vt 0.499086 0.968654
vt 0.501889 0.982682
vt 0.499654 0.997201
vt 0.267816 0.898557
vt 0.257093 0.904775
vt 0.509082 0.982949
vt 0.506146 0.999982
vt 0.270718 0.902085
vt 0.262614 0.910954
vt 0.260508 0.916865
vt 0.241718 0.919166
vt 0.240029 0.912970
vt 0.239350 0.906186
vt 0.091517 0.923316
vt 0.097930 0.921850
vt 0.086075 0.935648
vt 0.272722 0.919082
vt 0.090944 0.905822
vt 0.096862 0.903122
vt 0.103375 0.902251
vt 0.105501 0.919826
vt 0.111379 0.934577
vt 0.261195 0.922460
vt 0.259637 0.930282
vt 0.241599 0.931702
vt 0.240759 0.925784
vt 0.113333 0.918788
vt 0.271181 0.938445
vt 0.110255 0.899840
vt 0.117480 0.898269
vt 0.002122 0.949772
vt 0.007375 0.926050
vt 0.008756 0.947012
vt 0.002077 0.962220
vt 0.951939 0.360096
vt 0.957249 0.344002
vt 0.959423 0.360974
vt 0.529228 0.881262
vt 0.527359 0.887884
vt 0.506305 0.886260
vt 0.509794 0.880126
vt 0.951939 0.376389
vt 0.959415 0.377195
vt 0.015710 0.946781
vt 0.541249 0.882999
vt 0.014820 0.924388
vt 0.023354 0.924541
vt 0.024158 0.943226
vt 0.026178 0.958205
vt 0.528297 0.894258
vt 0.526419 0.901800
vt 0.511799 0.900531
vt 0.508543 0.892970
vt 0.031392 0.943380
vt 0.538750 0.904633
vt 0.032965 0.925225
vt 0.042830 0.928741
vt 0.039636 0.943672
vt 0.043292 0.953624
vt 0.527046 0.909867
vt 0.526818 0.917029
vt 0.511319 0.914232
vt 0.509438 0.907844
vt 0.045820 0.943579
vt 0.534961 0.920533
vt 0.499737 0.920048
vt 0.616772 0.018460
vt 0.606724 0.025468
vt 0.604279 0.018814
vt 0.603943 0.011389
vt 0.500243 0.898749
vt 0.588641 0.018888
vt 0.583359 0.012052
vt 0.586051 0.006143
vt 0.604075 0.005563
vt 0.613462 0.000686
vt 0.518734 0.944141
vt 0.523969 0.945465
vt 0.517791 0.962803
vt 0.523758 0.963959
vt 0.509250 0.974808
vt 0.146851 0.034964
vt 0.140503 0.034964
vt 0.141182 0.018599
vt 0.530584 0.946744
vt 0.529485 0.964371
vt 0.528729 0.974467
vt 0.499478 0.872201
vt 0.537679 0.946482
vt 0.537909 0.964541
vt 0.546843 0.974808
vt 0.954310 0.391601
vt 0.928033 0.493029
vt 0.928133 0.486347
vt 0.944068 0.495096
vt 0.944128 0.488419
vt 0.960822 0.490448
vt 0.229976 0.938445
vt 0.928208 0.479689
vt 0.944112 0.481841
vt 0.960746 0.483905
vt 0.928217 0.473101
vt 0.944000 0.475378
vt 0.960330 0.477502
vt 0.928180 0.466449
vt 0.943850 0.468746
vt 0.959718 0.470926
vt 0.928100 0.459828
vt 0.943667 0.462108
vt 0.959186 0.464326
vt 0.943556 0.455351
vt 0.958833 0.457535
vt 0.238200 0.899124
vt 0.235525 0.892543
vt 0.943542 0.448350
vt 0.958679 0.450527
vt 0.232944 0.886072
vt 0.943593 0.441279
vt 0.609440 0.038054
vt 0.591099 0.033116
vt 0.607321 0.032128
vt 0.499705 0.932850
vt 0.499478 0.926774
vt 0.509746 0.921680
vt 0.249242 0.879277
vt 0.526627 0.923465
vt 0.526233 0.929615
vt 0.590144 0.025720
vt 0.579031 0.038157
vt 0.576486 0.031500
vt 0.574754 0.024385
vt 0.886615 0.846917
vt 0.869338 0.846577
vt 0.883527 0.837861
vt 0.868130 0.839693
vt 0.867541 0.833296
vt 0.883854 0.831910
vt 0.894998 0.842553
vt 0.867201 0.826570
vt 0.884524 0.826900
vt 0.894337 0.830689
vt 0.576902 0.000686
vt 0.866479 0.820423
vt 0.883474 0.819945
vt 0.895089 0.815161
vt 0.518389 0.928807
vt 0.865490 0.814053
vt 0.882360 0.813047
vt 0.895032 0.809590
vt 0.864519 0.807543
vt 0.884415 0.805403
vt 0.895088 0.804355
vt 0.877652 0.218537
vt 0.877194 0.224285
vt 0.858903 0.217032
vt 0.859072 0.223376
vt 0.895089 0.797237
vt 0.883484 0.800868
vt 0.876944 0.230402
vt 0.859757 0.230158
vt 0.843145 0.227680
vt 0.893911 0.792660
vt 0.876927 0.236805
vt 0.860385 0.237142
vt 0.844189 0.234881
vt 0.877804 0.243706
vt 0.861037 0.244143
vt 0.844988 0.242359
vt 0.880823 0.250624
vt 0.861544 0.250934
vt 0.845489 0.249737
vt 0.880127 0.257456
vt 0.862074 0.257378
vt 0.845626 0.256977
vt 0.861297 0.264269
vt 0.844668 0.264149
vt 0.928040 0.453128
vt 0.928033 0.446114
vt 0.861312 0.270840
vt 0.887437 0.853546
vt 0.886924 0.860124
vt 0.869237 0.853553
vt 0.579172 0.044754
vt 0.878141 0.265696
vt 0.877321 0.271780
vt 0.878361 0.278317
vt 0.853230 0.847430
vt 0.862690 0.356411
vt 0.878805 0.359072
vt 0.864543 0.363271
vt 0.880173 0.366510
vt 0.880694 0.374012
vt 0.864840 0.370613
vt 0.852480 0.839363
vt 0.880609 0.380172
vt 0.864408 0.377459
vt 0.851895 0.832247
vt 0.880245 0.386343
vt 0.863628 0.384155
vt 0.850955 0.825352
vt 0.879839 0.392605
vt 0.862744 0.390639
vt 0.849716 0.818743
vt 0.879184 0.398623
vt 0.861577 0.397414
vt 0.848180 0.812078
vt 0.878680 0.405339
vt 0.860160 0.404045
vt 0.890893 0.209004
vt 0.890407 0.214786
vt 0.877604 0.412016
vt 0.948833 0.320274
vt 0.928006 0.317260
vt 0.946903 0.314357
vt 0.890214 0.221068
vt 0.927317 0.310943
vt 0.945189 0.308036
vt 0.890167 0.227598
vt 0.926639 0.304571
vt 0.943727 0.301469
vt 0.890375 0.234235
vt 0.925956 0.297947
vt 0.942482 0.294861
vt 0.890893 0.240822
vt 0.925078 0.291479
vt 0.941220 0.288293
vt 0.951032 0.288605
vt 0.923702 0.285162
vt 0.939737 0.281905
vt 0.948615 0.278712
vt 0.890793 0.256906
vt 0.919078 0.279951
vt 0.939568 0.275243
vt 0.948511 0.271017
vt 0.886552 0.267346
vt 0.923203 0.274354
vt 0.937725 0.270009
vt 0.945368 0.264031
vt 0.886968 0.275602
vt 0.915817 0.269869
vt 0.434957 0.119365
vt 0.433129 0.134063
vt 0.426884 0.131753
vt 0.420423 0.125221
vt 0.892765 0.360098
vt 0.900766 0.356411
vt 0.894193 0.367773
vt 0.412670 0.126535
vt 0.411683 0.118199
vt 0.901474 0.367061
vt 0.895759 0.375546
vt 0.354911 0.056836
vt 0.353450 0.063431
vt 0.345987 0.051156
vt 0.902077 0.375178
vt 0.896461 0.382279
vt 0.355450 0.069421
vt 0.345987 0.075523
vt 0.904491 0.384549
vt 0.895163 0.389568
vt 0.905913 0.390454
vt 0.899765 0.396705
vt 0.413688 0.623939
vt 0.412212 0.630282
vt 0.403186 0.617122
vt 0.905984 0.402831
vt 0.898439 0.400405
vt 0.412863 0.639141
vt 0.403282 0.633812
vt 0.909075 0.414066
vt 0.898647 0.408280
vt 0.417070 0.646190
vt 0.408468 0.653135
vt 0.905479 0.422370
vt 0.895794 0.414488
vt 0.209786 0.113992
vt 0.201502 0.114683
vt 0.209786 0.098098
vt 0.202807 0.098872
vt 0.910179 0.320274
vt 0.909750 0.312666
vt 0.667451 0.015463
vt 0.660972 0.015305
vt 0.661855 0.000441
vt 0.005594 0.163714
vt 0.005594 0.181815
vt 0.000104 0.167585
vt 0.909743 0.304981
vt 0.974131 0.558166
vt 0.968672 0.557945
vt 0.974675 0.541014
vt 0.968541 0.543091
vt 0.910246 0.297510
vt 0.963570 0.557921
vt 0.962709 0.544912
vt 0.910663 0.290664
vt 0.958886 0.556699
vt 0.958326 0.544209
vt 0.910554 0.284651
vt 0.953665 0.552089
vt 0.954515 0.541699
vt 0.068392 0.162235
vt 0.068392 0.147550
vt 0.074125 0.150619
vt 0.961724 0.568034
vt 0.957324 0.567102
vt 0.959483 0.575555
vt 0.740820 0.983199
vt 0.734846 0.978570
vt 0.725676 0.977719
vt 0.725506 0.970757
vt 0.953665 0.584001
vt 0.595478 0.852859
vt 0.605854 0.855735
vt 0.595398 0.872712
vt 0.156746 0.761216
vt 0.129935 0.753450
vt 0.145729 0.752663
vt 0.717216 0.959920
vt 0.595398 0.846026
vt 0.606957 0.848754
vt 0.620346 0.851357
vt 0.619022 0.857941
vt 0.595980 0.840430
vt 0.608357 0.843825
vt 0.621176 0.847324
vt 0.064293 0.150495
vt 0.067132 0.161209
vt 0.064293 0.162235
vt 0.628569 0.854128
vt 0.608765 0.840742
vt 0.620674 0.844420
vt 0.630026 0.846080
vt 0.630758 0.848498
vt 0.698812 0.822922
vt 0.707026 0.829638
vt 0.705608 0.832457
vt 0.697066 0.825225
vt 0.621498 0.840618
vt 0.692156 0.817383
vt 0.700391 0.820339
vt 0.708751 0.826293
vt 0.723959 0.831305
vt 0.720871 0.836349
vt 0.705972 0.414813
vt 0.710350 0.417617
vt 0.699322 0.428933
vt 0.701368 0.412124
vt 0.714245 0.420481
vt 0.702521 0.430588
vt 0.718979 0.425022
vt 0.706842 0.433215
vt 0.698829 0.442245
vt 0.695090 0.827371
vt 0.703590 0.834794
vt 0.693430 0.832569
vt 0.724592 0.442256
vt 0.721577 0.449952
vt 0.107659 0.772192
vt 0.110942 0.753908
vt 0.118963 0.752760
vt 0.113255 0.774587
vt 0.110429 0.780406
vt 0.105028 0.776686
vt 0.105028 0.719572
vt 0.112121 0.721268
vt 0.123495 0.726910
vt 0.121478 0.773902
vt 0.105635 0.694808
vt 0.643828 0.587833
vt 0.664254 0.567416
vt 0.662702 0.580188
vt 0.007190 0.195801
vt 0.007190 0.163356
vt 0.022377 0.169505
vt 0.143087 0.711982
vt 0.141372 0.728548
vt 0.754649 0.053144
vt 0.768764 0.059736
vt 0.753469 0.082516
vt 0.972744 0.794556
vt 0.983199 0.806687
vt 0.964278 0.826559
vt 0.159438 0.755044
vt 0.154667 0.734557
vt 0.759238 0.030680
vt 0.782830 0.028353
vt 0.273006 0.949633
vt 0.356072 0.281114
vt 0.366127 0.219764
vt 0.380413 0.221014
vt 0.355969 0.187995
vt 0.964278 0.785475
vt 0.540003 0.229869
vt 0.188808 0.904216
vt 0.183232 0.033566
vt 0.183232 0.000214
vt 0.188808 0.022083
vt 0.007488 0.005992
vt 0.677928 0.602288
vt 0.682093 0.588766
vt 0.700637 0.615374
vt 0.753469 0.000229
vt 0.768681 0.002436
vt 0.788797 0.005938
vt 0.658654 0.592991
vt 0.190620 0.468092
vt 0.190369 0.429743
vt 0.205363 0.463663
vt 0.204406 0.426828
vt 0.222034 0.426704
vt 0.473433 0.123512
vt 0.501261 0.111219
vt 0.480058 0.134748
vt 0.506012 0.120497
vt 0.515545 0.135662
vt 0.005370 0.319103
vt 0.045779 0.332481
vt 0.011850 0.345492
vt 0.252856 0.423213
vt 0.048678 0.351306
vt 0.018319 0.367932
vt 0.276128 0.421957
vt 0.050890 0.365896
vt 0.024307 0.382968
vt 0.291352 0.419459
vt 0.299295 0.450296
vt 0.523273 0.345354
vt 0.498960 0.353840
vt 0.510603 0.330740
vt 0.287279 0.472719
vt 0.028803 0.396036
vt 0.000549 0.399921
vt 0.005812 0.413979
vt 0.159253 0.288501
vt 0.172025 0.296563
vt 0.159253 0.320274
vt 0.499768 0.321640
vt 0.513419 0.305192
vt 0.520869 0.317612
vt 0.391601 0.059094
vt 0.382417 0.063924
vt 0.391040 0.041312
vt 0.421345 0.669413
vt 0.432649 0.652645
vt 0.425625 0.677462
vt 0.399370 0.682070
vt 0.507665 0.296514
vt 0.528277 0.288963
vt 0.529915 0.298060
vt 0.426332 0.684633
vt 0.399199 0.689971
vt 0.503446 0.289149
vt 0.526743 0.281332
vt 0.557346 0.275736
vt 0.556190 0.282985
vt 0.555104 0.290496
vt 0.633853 0.865864
vt 0.655774 0.853419
vt 0.637367 0.872101
vt 0.658585 0.860858
vt 0.662646 0.869865
vt 0.643137 0.878306
vt 0.557309 0.299044
vt 0.833588 0.438978
vt 0.846839 0.437487
vt 0.833588 0.461662
vt 0.846016 0.456282
vt 0.852360 0.482482
vt 0.534035 0.312709
vt 0.861833 0.450124
vt 0.868365 0.472993
vt 0.875958 0.489502
vt 0.525708 0.334886
vt 0.876907 0.468349
vt 0.121696 0.801430
vt 0.124473 0.817271
vt 0.099983 0.813803
vt 0.092782 0.329505
vt 0.110488 0.331853
vt 0.874385 0.443754
vt 0.078153 0.822363
vt 0.117819 0.797753
vt 0.861876 0.433373
vt 0.874370 0.430634
vt 0.064123 0.820928
vt 0.864423 0.419228
vt 0.110900 0.567360
vt 0.099288 0.556494
vt 0.118857 0.567822
vt 0.005488 0.961748
vt 0.020877 0.961550
vt 0.020011 0.971774
vt 0.006151 0.971858
vt 0.099884 0.546269
vt 0.850680 0.418704
vt 0.019988 0.977330
vt 0.005986 0.977459
vt 0.099961 0.540889
vt 0.110620 0.541463
vt 0.100834 0.537043
vt 0.111239 0.536774
vt 0.116424 0.536159
vt 0.117833 0.541607
vt 0.423133 0.630190
vt 0.430675 0.623668
vt 0.424058 0.624814
vt 0.428707 0.618884
vt 0.434957 0.619578
vt 0.418108 0.619232
vt 0.424000 0.638460
vt 0.685995 0.025623
vt 0.674511 0.024664
vt 0.676892 0.016574
vt 0.662234 0.030669
vt 0.664170 0.024433
vt 0.006302 0.981718
vt 0.020625 0.981099
vt 0.022272 0.984246
vt 0.005495 0.984934
vt 0.610582 0.983818
vt 0.619002 0.977931
vt 0.620646 0.980802
vt 0.025540 0.995521
vt 0.020541 0.988723
vt 0.005330 0.988514
vt 0.032167 0.977785
vt 0.616953 0.975576
vt 0.627641 0.969596
vt 0.628775 0.971907
vt 0.031582 0.974511
vt 0.615321 0.972889
vt 0.626033 0.967190
vt 0.636147 0.960315
vt 0.637424 0.963756
vt 0.613476 0.968632
vt 0.624255 0.964086
vt 0.634118 0.957192
vt 0.681061 0.847020
vt 0.675089 0.836938
vt 0.678808 0.834897
vt 0.641170 0.950356
vt 0.621902 0.956070
vt 0.631399 0.950323
vt 0.674872 0.849620
vt 0.666162 0.838011
vt 0.655081 0.830966
vt 0.659389 0.826204
vt 0.652894 0.846115
vt 0.647376 0.838990
vt 0.639727 0.828341
vt 0.644301 0.820526
vt 0.630926 0.859317
vt 0.500690 0.314856
vt 0.493497 0.313333
vt 0.499463 0.293374
vt 0.481333 0.307010
vt 0.488084 0.287907
vt 0.455605 0.293457
vt 0.458747 0.271121
vt 0.484460 0.345157
vt 0.467509 0.347816
vt 0.425210 0.327840
vt 0.419798 0.276271
vt 0.394128 0.305979
vt 0.454683 0.363630
vt 0.422698 0.347603
vt 0.394128 0.360069
vt 0.652848 0.466872
vt 0.650300 0.419504
vt 0.671317 0.466974
vt 0.981801 0.307007
vt 0.981801 0.345448
vt 0.968167 0.315969
vt 0.652848 0.500690
vt 0.380413 0.843203
vt 0.376795 0.851115
vt 0.336734 0.848101
vt 0.337331 0.854964
vt 0.313604 0.843203
vt 0.963504 0.321830
vt 0.943253 0.706281
vt 0.945426 0.686921
vt 0.954449 0.685392
vt 0.950240 0.704248
vt 0.335989 0.861034
vt 0.633771 0.227330
vt 0.622887 0.247548
vt 0.628201 0.222802
vt 0.648956 0.224120
vt 0.939983 0.687466
vt 0.939498 0.674651
vt 0.945332 0.675519
vt 0.623549 0.218087
vt 0.648363 0.218984
vt 0.934225 0.674216
vt 0.934291 0.688126
vt 0.625097 0.211756
vt 0.647909 0.212720
vt 0.144194 0.966194
vt 0.144389 0.959715
vt 0.626799 0.205781
vt 0.647870 0.206713
vt 0.144666 0.953730
vt 0.627555 0.200098
vt 0.648479 0.200617
vt 0.145082 0.948012
vt 0.160463 0.951520
vt 0.175582 0.953716
vt 0.146825 0.940309
vt 0.162082 0.942305
vt 0.176221 0.943774
vt 0.816007 0.684650
vt 0.811562 0.703987
vt 0.801741 0.701756
vt 0.969731 0.873358
vt 0.961074 0.875509
vt 0.961360 0.855041
vt 0.165781 0.925394
vt 0.837805 0.682649
vt 0.833853 0.693643
vt 0.830023 0.709086
vt 0.843639 0.697819
vt 0.812304 0.721890
vt 0.801074 0.720301
vt 0.618743 0.029523
vt 0.620094 0.024378
vt 0.637697 0.026337
vt 0.640020 0.021697
vt 0.795916 0.699948
vt 0.795769 0.719311
vt 0.621034 0.020722
vt 0.641663 0.017939
vt 0.654534 0.036363
vt 0.961074 0.834218
vt 0.621426 0.017718
vt 0.654534 0.005516
vt 0.024224 0.410317
vt 0.029370 0.414857
vt 0.024224 0.434957
vt 0.917133 0.347265
vt 0.933939 0.346523
vt 0.918222 0.351676
vt 0.934791 0.350616
vt 0.934998 0.354193
vt 0.916826 0.355838
vt 0.619760 0.013295
vt 0.787872 0.632112
vt 0.949157 0.352625
vt 0.949244 0.355684
vt 0.949048 0.348803
vt 0.933196 0.341811
vt 0.949633 0.343678
vt 0.086020 0.033322
vt 0.085174 0.028358
vt 0.095830 0.029274
vt 0.096430 0.034829
vt 0.102374 0.029037
vt 0.103290 0.035230
vt 0.108376 0.027727
vt 0.110488 0.034470
vt 0.914119 0.212738
vt 0.917425 0.218049
vt 0.913148 0.221716
vt 0.909798 0.214700
vt 0.921461 0.222409
vt 0.918583 0.226981
vt 0.908282 0.225158
vt 0.904458 0.217865
vt 0.898087 0.224070
vt 0.927170 0.224141
vt 0.924944 0.229418
vt 0.927256 0.217271
vt 0.925733 0.573161
vt 0.920530 0.565283
vt 0.924276 0.565943
vt 0.932828 0.566755
vt 0.934749 0.573932
vt 0.949498 0.563565
vt 0.951362 0.570717
vt 0.151301 0.630726
vt 0.162247 0.610192
vt 0.157801 0.630431
vt 0.142424 0.631174
vt 0.154497 0.611226
vt 0.153979 0.575256
vt 0.161734 0.574523
vt 0.142424 0.608327
vt 0.143010 0.572404
vt 0.214263 0.726198
vt 0.202894 0.734712
vt 0.192073 0.700491
vt 0.192073 0.741245
vt 0.027677 0.263065
vt 0.022642 0.242158
vt 0.040497 0.261115
vt 0.040432 0.304537
vt 0.028059 0.308039
vt 0.017260 0.309974
vt 0.017260 0.263837
vt 0.027402 0.239799
vt 0.048573 0.256654
vt 0.573101 0.890072
vt 0.574610 0.881277
vt 0.587187 0.910473
vt 0.042311 0.235693
vt 0.056664 0.254676
vt 0.573740 0.871637
vt 0.592996 0.879245
vt 0.054629 0.229779
vt 0.063948 0.251859
vt 0.569804 0.863956
vt 0.590737 0.845530
vt 0.066878 0.223264
vt 0.071458 0.248820
vt 0.072126 0.294364
vt 0.080638 0.246158
vt 0.081175 0.291522
vt 0.099221 0.326261
vt 0.092259 0.327770
vt 0.086068 0.330763
vt 0.096155 0.292266
vt 0.116215 0.325643
vt 0.378401 0.451472
vt 0.363490 0.451578
vt 0.362434 0.410340
vt 0.332723 0.449278
vt 0.332504 0.406330
vt 0.330073 0.370875
vt 0.357805 0.375048
vt 0.318030 0.404293
vt 0.440097 0.449130
vt 0.464271 0.425252
vt 0.450474 0.457799
vt 0.440838 0.485751
vt 0.431128 0.475845
vt 0.637932 0.037946
vt 0.473443 0.431871
vt 0.458205 0.466863
vt 0.451475 0.495118
vt 0.481520 0.437152
vt 0.467077 0.474007
vt 0.466140 0.496434
vt 0.483603 0.480771
vt 0.483620 0.497664
vt 0.488084 0.506805
vt 0.469091 0.507683
vt 0.392444 0.049540
vt 0.014983 0.713027
vt 0.033006 0.721040
vt 0.039785 0.727987
vt 0.378425 0.025031
vt 0.349980 0.008124
vt 0.376216 0.014250
vt 0.500581 0.502778
vt 0.506984 0.507683
vt 0.027288 0.715216
vt 0.053946 0.711310
vt 0.058850 0.715972
vt 0.499954 0.484916
vt 0.036726 0.698672
vt 0.069257 0.680303
vt 0.500265 0.447642
vt 0.059145 0.667292
vt 0.001335 0.702085
vt 0.024947 0.654300
vt 0.037605 0.657116
vt 0.106292 0.663237
vt 0.502893 0.398743
vt 0.001992 0.655847
vt 0.233909 0.534777
vt 0.188975 0.532737
vt 0.190421 0.515482
vt 0.001335 0.602983
vt 0.493664 0.393379
vt 0.234961 0.548151
vt 0.191370 0.543568
vt 0.152645 0.546892
vt 0.152676 0.537057
vt 0.234897 0.561218
vt 0.191659 0.554497
vt 0.152300 0.557609
vt 0.819152 0.021355
vt 0.835037 0.050639
vt 0.825889 0.053615
vt 0.122966 0.558170
vt 0.193962 0.570619
vt 0.151768 0.570619
vt 0.833373 0.014971
vt 0.847796 0.045122
vt 0.861523 0.064561
vt 0.850633 0.069857
vt 0.861523 0.000566
vt 0.137060 0.850546
vt 0.103896 0.878856
vt 0.108947 0.845241
vt 0.139858 0.180416
vt 0.119027 0.162163
vt 0.139858 0.148837
vt 0.172960 0.325868
vt 0.172960 0.294288
vt 0.186011 0.306118
vt 0.893227 0.465505
vt 0.900701 0.454023
vt 0.906159 0.463522
vt 0.903947 0.476914
vt 0.093358 0.849366
vt 0.099294 0.820085
vt 0.085084 0.822216
vt 0.889219 0.451077
vt 0.885376 0.463108
vt 0.088187 0.884090
vt 0.079719 0.889495
vt 0.085440 0.852027
vt 0.079719 0.823526
vt 0.824125 0.935456
vt 0.826671 0.944424
vt 0.820015 0.947540
vt 0.814867 0.939686
vt 0.810054 0.924870
vt 0.820113 0.922311
vt 0.836234 0.932179
vt 0.835889 0.941277
vt 0.905262 0.443276
vt 0.895031 0.440913
vt 0.909075 0.436916
vt 0.880085 0.447096
vt 0.886954 0.438747
vt 0.875898 0.443160
vt 0.880081 0.435454
vt 0.445824 0.946454
vt 0.444478 0.953064
vt 0.436546 0.951253
vt 0.878555 0.424511
vt 0.442586 0.960563
vt 0.435670 0.960076
vt 0.428914 0.960697
vt 0.873077 0.414018
vt 0.881765 0.417500
vt 0.756209 0.168399
vt 0.763996 0.166756
vt 0.756400 0.178206
vt 0.753313 0.183897
vt 0.753795 0.159323
vt 0.761503 0.157308
vt 0.773380 0.152948
vt 0.776320 0.162991
vt 0.788216 0.145172
vt 0.791087 0.155136
vt 0.794391 0.173270
vt 0.083132 0.019925
vt 0.092985 0.018876
vt 0.948761 0.335420
vt 0.770962 0.146831
vt 0.785503 0.139334
vt 0.099215 0.017174
vt 0.783037 0.134464
vt 0.794391 0.128565
vt 0.780782 0.129750
vt 0.791782 0.123634
vt 0.001324 0.033566
vt 0.001324 0.020721
vt 0.006993 0.033494
vt 0.764054 0.132973
vt 0.778561 0.124935
vt 0.789010 0.118942
vt 0.760750 0.127768
vt 0.775156 0.118693
vt 0.784258 0.112383
vt 0.922446 0.556219
vt 0.649305 0.953009
vt 0.660369 0.956730
vt 0.645659 0.969386
vt 0.658834 0.972124
vt 0.936900 0.557917
vt 0.951814 0.556219
vt 0.651277 0.940896
vt 0.661971 0.944716
vt 0.683568 0.949761
vt 0.683461 0.961340
vt 0.683904 0.976206
vt 0.662757 0.936211
vt 0.683244 0.941930
vt 0.543287 0.888335
vt 0.545887 0.880120
vt 0.570980 0.896588
vt 0.564565 0.907104
vt 0.535114 0.897282
vt 0.662785 0.927190
vt 0.682039 0.934271
vt 0.545754 0.871866
vt 0.469267 0.984598
vt 0.450952 0.975391
vt 0.541458 0.863057
vt 0.440849 0.970164
vt 0.450329 0.984489
vt 0.439753 0.979202
vt 0.433959 0.976448
vt 0.434454 0.968181
vt 0.651777 0.932080
vt 0.645659 0.938538
vt 0.432498 0.984598
vt 0.429634 0.975776
vt 0.429559 0.982629
vt 0.753591 0.141131
vt 0.429858 0.970204
vt 0.813288 0.952133
vt 0.808202 0.945328
vt 0.820432 0.085681
vt 0.825092 0.093250
vt 0.807266 0.100433
vt 0.804687 0.092578
vt 0.826489 0.102447
vt 0.809306 0.111279
vt 0.787432 0.116139
vt 0.843871 0.072726
vt 0.816974 0.055530
vt 0.807634 0.122348
vt 0.391604 0.156529
vt 0.399993 0.134704
vt 0.399993 0.160836
vt 0.124559 0.547028
vt 0.124610 0.537412
vt 0.151007 0.524190
vt 0.126033 0.527089
vt 0.144208 0.509933
vt 0.188976 0.498833
vt 0.152203 0.498869
vt 0.189501 0.488607
vt 0.453292 0.379966
vt 0.462069 0.383405
vt 0.456277 0.422136
vt 0.017340 0.607930
vt 0.041433 0.653067
vt 0.468122 0.385352
vt 0.935861 0.728658
vt 0.935861 0.690014
vt 0.941242 0.727171
vt 0.916433 0.523589
vt 0.911002 0.503798
vt 0.913909 0.501280
vt 0.911002 0.531459
vt 0.086514 0.658438
vt 0.086712 0.663385
vt 0.472719 0.387389
vt 0.461857 0.422370
vt 0.911840 0.472854
vt 0.919671 0.500243
vt 0.925858 0.527436
vt 0.000695 0.088428
vt 0.005594 0.089710
vt 0.000695 0.125872
vt 0.867117 0.587012
vt 0.858086 0.622366
vt 0.862270 0.586128
vt 0.867117 0.551599
vt 0.078863 0.944629
vt 0.083915 0.910025
vt 0.083915 0.945438
vt 0.857212 0.585142
vt 0.975254 0.193004
vt 0.975254 0.158029
vt 0.980402 0.191374
vt 0.084603 0.698161
vt 0.087638 0.702619
vt 0.851884 0.584176
vt 0.861382 0.551660
vt 0.070035 0.054544
vt 0.070035 0.020668
vt 0.075523 0.053032
vt 0.090725 0.707394
vt 0.063504 0.720473
vt 0.093912 0.712771
vt 0.067779 0.726232
vt 0.045114 0.734231
vt 0.071100 0.734008
vt 0.050113 0.742538
vt 0.332754 0.107349
vt 0.341914 0.103123
vt 0.342288 0.123565
vt 0.330538 0.127607
vt 0.317787 0.128200
vt 0.325126 0.110268
vt 0.337273 0.147485
vt 0.372601 0.002077
vt 0.394580 0.000338
vt 0.397139 0.017015
vt 0.358561 0.121592
vt 0.366347 0.148496
vt 0.286924 0.742127
vt 0.309233 0.744506
vt 0.372679 0.121074
vt 0.383565 0.145873
vt 0.391601 0.175234
vt 0.376171 0.179018
vt 0.381848 0.120423
vt 0.084415 0.411917
vt 0.060498 0.410426
vt 0.083049 0.403885
vt 0.058081 0.404360
vt 0.081376 0.396306
vt 0.102950 0.391389
vt 0.079161 0.386070
vt 0.097845 0.377014
vt 0.487759 0.387407
vt 0.131338 0.401856
vt 0.057385 0.395508
vt 0.054877 0.381383
vt 0.031711 0.406537
vt 0.385054 0.087294
vt 0.032502 0.413703
vt 0.379866 0.091930
vt 0.374392 0.071504
vt 0.446146 0.673277
vt 0.380871 0.045736
vt 0.373681 0.095039
vt 0.369458 0.072055
vt 0.370645 0.050570
vt 0.429487 0.692005
vt 0.379014 0.262932
vt 0.369922 0.262932
vt 0.376628 0.234525
vt 0.444972 0.693049
vt 0.432893 0.701665
vt 0.081437 0.755231
vt 0.076252 0.745088
vt 0.106292 0.743103
vt 0.100800 0.730698
vt 0.438331 0.714470
vt 0.408029 0.730024
vt 0.604114 0.744804
vt 0.623794 0.732417
vt 0.603943 0.762195
vt 0.440076 0.726746
vt 0.409934 0.740517
vt 0.625496 0.741542
vt 0.605180 0.769051
vt 0.563650 0.769679
vt 0.564420 0.776180
vt 0.626562 0.747718
vt 0.606628 0.775503
vt 0.566148 0.782904
vt 0.372978 0.863501
vt 0.336479 0.867256
vt 0.374463 0.857231
vt 0.609790 0.780629
vt 0.565689 0.787326
vt 0.373052 0.868366
vt 0.338032 0.872332
vt 0.599828 0.201853
vt 0.322163 0.872041
vt 0.372446 0.873514
vt 0.338914 0.878024
vt 0.601673 0.196511
vt 0.372556 0.878386
vt 0.339521 0.883279
vt 0.603300 0.191549
vt 0.372868 0.883749
vt 0.339986 0.889333
vt 0.604821 0.185869
vt 0.629144 0.193383
vt 0.650845 0.193124
vt 0.607955 0.178516
vt 0.633399 0.181007
vt 0.654534 0.178703
vt 0.847442 0.157382
vt 0.831587 0.148411
vt 0.844989 0.140677
vt 0.835946 0.162235
vt 0.638188 0.168770
vt 0.809525 0.144015
vt 0.827901 0.134515
vt 0.839709 0.129134
vt 0.847537 0.689721
vt 0.827280 0.125120
vt 0.847496 0.124063
vt 0.807642 0.132677
vt 0.827518 0.114337
vt 0.834683 0.099539
vt 0.834303 0.089904
vt 0.839801 0.088963
vt 0.815938 0.958326
vt 0.823234 0.954120
vt 0.606980 0.166320
vt 0.639297 0.158560
vt 0.614983 0.156713
vt 0.615946 0.146692
vt 0.792206 0.133426
vt 0.340043 0.897221
vt 0.373778 0.890100
vt 0.341600 0.910473
vt 0.376702 0.898094
vt 0.135675 0.491807
vt 0.599828 0.144582
vt 0.970365 0.538452
vt 0.970365 0.499786
vt 0.976206 0.502130
vt 0.472719 0.348723
vt 0.152124 0.490898
vt 0.107048 0.075523
vt 0.107048 0.037236
vt 0.111886 0.039141
vt 0.001445 0.051646
vt 0.564072 0.790867
vt 0.607249 0.786430
vt 0.563099 0.794133
vt 0.604933 0.790661
vt 0.626562 0.801639
vt 0.853317 0.620484
vt 0.624415 0.813971
vt 0.553874 0.818910
vt 0.553537 0.784289
vt 0.559431 0.819352
vt 0.618803 0.239010
vt 0.318909 0.858061
vt 0.412074 0.746840
vt 0.443725 0.732870
vt 0.446146 0.738213
vt 0.553537 0.851733
vt 0.096860 0.719172
vt 0.561406 0.761766
vt 0.360853 0.075347
vt 0.365478 0.097446
vt 0.349643 0.080390
vt 0.354446 0.100598
vt 0.388229 0.118423
vt 0.126292 0.287132
vt 0.096912 0.244264
vt 0.127096 0.237809
vt 0.147437 0.326322
vt 0.160137 0.322349
vt 0.483822 0.387621
vt 0.315891 0.447745
vt 0.535114 0.852079
vt 0.923525 0.213917
vt 0.915164 0.342574
vt 0.847205 0.699055
vt 0.157726 0.972365
vt 0.972046 0.685156
vt 0.969853 0.700766
vt 0.954452 0.791064
vt 0.960822 0.787628
vt 0.960822 0.830754
vt 0.465236 0.264915
vt 0.470410 0.237244
vt 0.485691 0.277902
vt 0.427685 0.259043
vt 0.559430 0.268516
vt 0.648437 0.813984
vt 0.652245 0.808306
vt 0.668847 0.823756
vt 0.661799 0.806765
vt 0.674607 0.820500
vt 0.682505 0.833256
vt 0.680333 0.817881
vt 0.494991 0.934195
vt 0.511662 0.939181
vt 0.493841 0.938185
vt 0.484016 0.929110
vt 0.484572 0.925424
vt 0.644816 0.955883
vt 0.043363 0.013986
vt 0.041924 0.000920
vt 0.046153 0.000920
vt 0.491991 0.942796
vt 0.482249 0.933356
vt 0.638450 0.967760
vt 0.639843 0.971883
vt 0.630881 0.975168
vt 0.512039 0.943156
vt 0.510586 0.948895
vt 0.654111 0.170026
vt 0.659314 0.175201
vt 0.648642 0.166993
vt 0.679162 0.858742
vt 0.610582 0.958885
vt 0.682505 0.867845
vt 0.032075 0.959104
vt 0.030832 0.969620
vt 0.837832 0.418104
vt 0.616627 0.988983
vt 0.047540 0.023776
vt 0.044579 0.012728
vt 0.047552 0.011490
vt 0.005747 0.993301
vt 0.020028 0.991507
vt 0.620370 0.991283
vt 0.299800 0.604636
vt 0.309071 0.602577
vt 0.309945 0.606982
vt 0.320678 0.602335
vt 0.005330 0.997185
vt 0.308356 0.596797
vt 0.320489 0.596725
vt 0.335581 0.598939
vt 0.099288 0.519744
vt 0.115000 0.509136
vt 0.116542 0.515759
vt 0.279354 0.112431
vt 0.280633 0.133544
vt 0.272202 0.113358
vt 0.292716 0.111572
vt 0.293701 0.135098
vt 0.184445 0.177298
vt 0.184612 0.190773
vt 0.166284 0.194402
vt 0.166284 0.180079
vt 0.166329 0.173765
vt 0.278742 0.145452
vt 0.606137 0.800791
vt 0.615560 0.806604
vt 0.603288 0.813455
vt 0.615235 0.822846
vt 0.465866 0.193358
vt 0.467384 0.206165
vt 0.448677 0.196823
vt 0.447641 0.207104
vt 0.441194 0.206284
vt 0.623235 0.833100
vt 0.513981 0.194405
vt 0.517329 0.206803
vt 0.513976 0.217992
vt 0.465063 0.219733
vt 0.446831 0.217422
vt 0.510917 0.228323
vt 0.461291 0.233613
vt 0.710657 0.788577
vt 0.728030 0.792256
vt 0.508896 0.243174
vt 0.748518 0.793706
vt 0.753833 0.759660
vt 0.575949 0.061691
vt 0.632020 0.064203
vt 0.575356 0.080951
vt 0.632156 0.081228
vt 0.632156 0.130068
vt 0.573762 0.124982
vt 0.526956 0.116838
vt 0.547762 0.327267
vt 0.000152 0.163633
vt 0.004795 0.116459
vt 0.070508 0.145937
vt 0.064424 0.104312
vt 0.117585 0.161602
vt 0.007331 0.099012
vt 0.061630 0.087159
vt 0.008464 0.088636
vt 0.017456 0.572916
vt 0.018258 0.527132
vt 0.026112 0.576088
vt 0.026415 0.531612
vt 0.033907 0.534305
vt 0.034202 0.578395
vt 0.027029 0.506115
vt 0.033668 0.507985
vt 0.040350 0.508695
vt 0.041492 0.536013
vt 0.042238 0.579929
vt 0.047688 0.508200
vt 0.049369 0.536616
vt 0.050364 0.581116
vt 0.057812 0.507199
vt 0.059316 0.534896
vt 0.061075 0.581331
vt 0.079635 0.505979
vt 0.079616 0.531409
vt 0.082112 0.581808
vt 0.113285 0.505924
vt 0.252590 0.000424
vt 0.276291 0.035292
vt 0.249780 0.033262
vt 0.200584 0.029485
vt 0.113285 0.580671
vt 0.245972 0.047714
vt 0.200584 0.044303
vt 0.280663 0.175934
vt 0.282752 0.190503
vt 0.234384 0.194867
vt 0.276522 0.145276
vt 0.283904 0.199292
vt 0.236506 0.203120
vt 0.195805 0.205439
vt 0.193285 0.198287
vt 0.857895 0.631478
vt 0.858847 0.623971
vt 0.873775 0.632695
vt 0.864372 0.640548
vt 0.149851 0.730057
vt 0.149560 0.716553
vt 0.150352 0.719454
vt 0.237231 0.210198
vt 0.197068 0.212011
vt 0.861228 0.618126
vt 0.237315 0.217065
vt 0.197497 0.219147
vt 0.863587 0.611147
vt 0.236993 0.224705
vt 0.196721 0.227200
vt 0.866381 0.602253
vt 0.236029 0.233244
vt 0.194460 0.235752
vt 0.177308 0.235659
vt 0.884523 0.597064
vt 0.190890 0.251478
vt 0.174131 0.255426
vt 0.887447 0.577869
vt 0.897387 0.575736
vt 0.897534 0.598524
vt 0.908518 0.578356
vt 0.718868 0.136948
vt 0.691790 0.161891
vt 0.708793 0.130201
vt 0.162515 0.798441
vt 0.182999 0.290343
vt 0.706486 0.169755
vt 0.233140 0.247895
vt 0.231606 0.290904
vt 0.141256 0.559062
vt 0.141256 0.603868
vt 0.093313 0.599187
vt 0.718868 0.226569
vt 0.682194 0.199537
vt 0.253791 0.539773
vt 0.270616 0.538774
vt 0.253791 0.592004
vt 0.273357 0.586435
vt 0.972847 0.168751
vt 0.961371 0.188693
vt 0.958044 0.166258
vt 0.972955 0.194402
vt 0.282175 0.537225
vt 0.286882 0.582870
vt 0.973409 0.151875
vt 0.956016 0.151875
vt 0.293542 0.534514
vt 0.298229 0.579991
vt 0.298304 0.598282
vt 0.288492 0.599635
vt 0.305925 0.532511
vt 0.308783 0.579908
vt 0.319744 0.532484
vt 0.320109 0.581657
vt 0.335854 0.534593
vt 0.335408 0.585997
vt 0.350259 0.504161
vt 0.534954 0.648939
vt 0.538336 0.590790
vt 0.553875 0.594150
vt 0.577612 0.605117
vt 0.142383 0.238203
vt 0.179018 0.193480
vt 0.170154 0.244923
vt 0.158352 0.286416
vt 0.353840 0.584924
vt 0.908287 0.450694
vt 0.925857 0.445464
vt 0.925857 0.502089
vt 0.509588 0.167552
vt 0.536937 0.131445
vt 0.516615 0.180549
vt 0.464014 0.181499
vt 0.179018 0.290904
vt 0.681667 0.437486
vt 0.688522 0.427265
vt 0.710477 0.476915
vt 0.549641 0.189183
vt 0.663252 0.428080
vt 0.664584 0.415006
vt 0.666844 0.405400
vt 0.693438 0.415512
vt 0.931657 0.261534
vt 0.931657 0.207692
vt 0.942640 0.209363
vt 0.668000 0.395417
vt 0.699079 0.404292
vt 0.577331 0.049372
vt 0.631728 0.042189
vt 0.631936 0.053146
vt 0.549641 0.246149
vt 0.670299 0.384529
vt 0.705190 0.394065
vt 0.659061 0.390746
vt 0.120916 0.888840
vt 0.129532 0.876434
vt 0.131034 0.889034
vt 0.117886 0.904551
vt 0.279246 0.353754
vt 0.259205 0.342405
vt 0.271756 0.338828
vt 0.311883 0.335891
vt 0.710477 0.378343
vt 0.256350 0.297243
vt 0.268528 0.292137
vt 0.308706 0.290930
vt 0.088670 0.224262
vt 0.087204 0.181942
vt 0.102100 0.224225
vt 0.103920 0.175113
vt 0.148249 0.184436
vt 0.140591 0.241954
vt 0.091741 0.163783
vt 0.109511 0.159958
vt 0.001441 0.520541
vt 0.002023 0.568294
vt 0.080048 0.183249
vt 0.082536 0.164096
vt 0.286267 0.935284
vt 0.290223 0.938969
vt 0.287764 0.947917
vt 0.282584 0.940617
vt 0.017888 0.504195
vt 0.296423 0.940720
vt 0.294618 0.950167
vt 0.289591 0.957123
vt 0.283079 0.954234
vt 0.278262 0.945592
vt 0.287492 0.962487
vt 0.280670 0.960404
vt 0.273127 0.957434
vt 0.034108 0.496655
vt 0.285931 0.968484
vt 0.278814 0.967375
vt 0.039667 0.497139
vt 0.046693 0.496976
vt 0.285005 0.978987
vt 0.276568 0.977709
vt 0.057072 0.496666
vt 0.444489 0.378438
vt 0.437624 0.356708
vt 0.451740 0.376104
vt 0.079318 0.488326
vt 0.079311 0.496303
vt 0.768115 0.442081
vt 0.791594 0.478313
vt 0.766742 0.450904
vt 0.583211 0.413979
vt 0.605185 0.377098
vt 0.610526 0.381753
vt 0.614724 0.388261
vt 0.631643 0.371498
vt 0.634987 0.377971
vt 0.637751 0.383301
vt 0.286708 0.036261
vt 0.275080 0.052277
vt 0.364777 0.028690
vt 0.358839 0.035649
vt 0.363111 0.018466
vt 0.286372 0.063079
vt 0.273671 0.060914
vt 0.244963 0.056440
vt 0.272998 0.067582
vt 0.245442 0.063723
vt 0.202037 0.060688
vt 0.201127 0.053210
vt 0.246551 0.070722
vt 0.203218 0.068187
vt 0.284965 0.206699
vt 0.285527 0.214247
vt 0.248392 0.077857
vt 0.205010 0.075719
vt 0.286630 0.221860
vt 0.251576 0.086119
vt 0.207428 0.084202
vt 0.288283 0.230464
vt 0.257111 0.102300
vt 0.211424 0.098541
vt 0.290904 0.245017
vt 0.257004 0.146151
vt 0.215215 0.144583
vt 0.290367 0.290904
vt 0.200150 0.354412
vt 0.198324 0.406258
vt 0.160749 0.354978
vt 0.164039 0.418342
vt 0.138525 0.662925
vt 0.088171 0.656844
vt 0.194839 0.424123
vt 0.730178 0.541580
vt 0.768695 0.540928
vt 0.738366 0.557226
vt 0.074297 0.598129
vt 0.070942 0.654638
vt 0.771611 0.552021
vt 0.743518 0.567969
vt 0.062359 0.598052
vt 0.059913 0.653340
vt 0.773864 0.560988
vt 0.747943 0.578263
vt 0.930053 0.214137
vt 0.930053 0.269925
vt 0.920044 0.266993
vt 0.051561 0.598180
vt 0.777281 0.569613
vt 0.753623 0.585236
vt 0.730178 0.626562
vt 0.279204 0.501952
vt 0.783203 0.578759
vt 0.762061 0.594249
vt 0.943515 0.430762
vt 0.932592 0.377652
vt 0.944039 0.377652
vt 0.313717 0.501079
vt 0.528938 0.858505
vt 0.520785 0.859616
vt 0.530301 0.844893
vt 0.522547 0.845847
vt 0.526130 0.826968
vt 0.534860 0.826859
vt 0.548242 0.827315
vt 0.534954 0.568137
vt 0.532499 0.809838
vt 0.322135 0.829674
vt 0.305396 0.845829
vt 0.302242 0.838817
vt 0.301043 0.821616
vt 0.573667 0.585792
vt 0.282187 0.849986
vt 0.280798 0.842945
vt 0.279871 0.822622
vt 0.302868 0.853527
vt 0.282367 0.858513
vt 0.265925 0.863521
vt 0.655752 0.425316
vt 0.648816 0.408988
vt 0.656024 0.411072
vt 0.650574 0.398045
vt 0.657365 0.400664
vt 0.652701 0.388758
vt 0.644539 0.395120
vt 0.136001 0.876250
vt 0.139645 0.864924
vt 0.141974 0.875688
vt 0.143548 0.889651
vt 0.137273 0.890735
vt 0.141739 0.907676
vt 0.257299 0.358735
vt 0.246718 0.340913
vt 0.252737 0.340465
vt 0.243824 0.299016
vt 0.249783 0.297922
vt 0.075677 0.223102
vt 0.073136 0.183751
vt 0.082001 0.223113
vt 0.069758 0.222843
vt 0.067581 0.184125
vt 0.070891 0.165125
vt 0.076245 0.164236
vt 0.062038 0.183467
vt 0.065376 0.164509
vt 0.687667 0.479733
vt 0.694333 0.488883
vt 0.690187 0.491834
vt 0.691110 0.476867
vt 0.304812 0.947619
vt 0.011189 0.019316
vt 0.006990 0.022377
vt 0.006990 0.009782
vt 0.056028 0.181033
vt 0.005594 0.001363
vt 0.005594 0.025174
vt 0.000407 0.002710
vt 0.683581 0.482611
vt 0.685589 0.495301
vt 0.051006 0.183158
vt 0.041552 0.172608
vt 0.696491 0.511879
vt 0.680165 0.498386
vt 0.677438 0.485624
vt 0.671052 0.497988
vt 0.668052 0.486816
vt 0.666144 0.480187
vt 0.673166 0.479299
vt 0.304890 0.971926
vt 0.298829 0.970436
vt 0.681921 0.476488
vt 0.299980 0.980402
vt 0.292518 0.980033
vt 0.291538 0.969578
vt 0.734564 0.432106
vt 0.765854 0.431659
vt 0.736738 0.438696
vt 0.770907 0.437098
vt 0.437624 0.380413
vt 0.791594 0.397794
vt 0.583211 0.340430
vt 0.607839 0.361418
vt 0.605572 0.368740
vt 0.863590 0.710978
vt 0.854946 0.725870
vt 0.853167 0.710002
vt 0.846644 0.725447
vt 0.631848 0.365278
vt 0.366806 0.949917
vt 0.372485 0.946960
vt 0.371125 0.956622
vt 0.376596 0.951937
vt 0.381171 0.956455
vt 0.375472 0.962221
vt 0.372021 0.048950
vt 0.365840 0.046678
vt 0.366708 0.041185
vt 0.355939 0.042548
vt 0.371846 0.033903
vt 0.766954 0.966133
vt 0.762496 0.963288
vt 0.769217 0.959274
vt 0.764111 0.955923
vt 0.355275 0.046214
vt 0.343751 0.048950
vt 0.343711 0.045318
vt 0.344979 0.038775
vt 0.757360 0.954608
vt 0.764271 0.943934
vt 0.756760 0.943550
vt 0.273265 0.074001
vt 0.274162 0.080423
vt 0.748252 0.954602
vt 0.747624 0.945013
vt 0.746323 0.923896
vt 0.391384 0.511233
vt 0.386064 0.493346
vt 0.400002 0.511353
vt 0.392761 0.493624
vt 0.409853 0.499495
vt 0.420972 0.513277
vt 0.386850 0.453197
vt 0.393225 0.451383
vt 0.407046 0.449924
vt 0.220107 0.360384
vt 0.216850 0.402855
vt 0.213314 0.359427
vt 0.209957 0.404414
vt 0.211335 0.423905
vt 0.205179 0.424630
vt 0.155080 0.929361
vt 0.149850 0.918298
vt 0.160158 0.925664
vt 0.154411 0.913908
vt 0.163593 0.910906
vt 0.169228 0.921276
vt 0.146208 0.909911
vt 0.151325 0.905402
vt 0.528611 0.868000
vt 0.521363 0.878306
vt 0.519443 0.869574
vt 0.530173 0.875510
vt 0.512903 0.871500
vt 0.513670 0.861932
vt 0.506847 0.872920
vt 0.506590 0.863937
vt 0.507486 0.849480
vt 0.514798 0.846681
vt 0.508059 0.826718
vt 0.517038 0.825403
vt 0.500280 0.806551
vt 0.318701 0.850099
vt 0.307127 0.863313
vt 0.393025 0.889468
vt 0.391521 0.896936
vt 0.374536 0.866478
vt 0.323071 0.874350
vt 0.308380 0.871843
vt 0.281450 0.874931
vt 0.281437 0.867068
vt 0.266660 0.879745
vt 0.265405 0.871751
vt 0.636622 0.402835
vt 0.638410 0.393581
vt 0.642698 0.405742
vt 0.146235 0.865502
vt 0.147945 0.855816
vt 0.147492 0.876111
vt 0.155112 0.888146
vt 0.149737 0.890847
vt 0.170626 0.907676
vt 0.243428 0.355148
vt 0.234695 0.342572
vt 0.240614 0.340024
vt 0.232380 0.299599
vt 0.237927 0.299047
vt 0.231304 0.341096
vt 0.226413 0.298851
vt 0.063874 0.222876
vt 0.058108 0.223617
vt 0.224409 0.339698
vt 0.219991 0.297850
vt 0.052116 0.224821
vt 0.215764 0.344723
vt 0.212590 0.296088
vt 0.045484 0.226906
vt 0.043283 0.186229
vt 0.027687 0.228590
vt 0.025211 0.180616
vt 0.589463 0.946481
vt 0.595065 0.923579
vt 0.610184 0.926020
vt 0.607720 0.948861
vt 0.663869 0.511879
vt 0.035368 0.173742
vt 0.589463 0.894513
vt 0.630858 0.236622
vt 0.655932 0.265791
vt 0.640134 0.270550
vt 0.630858 0.272722
vt 0.969679 0.373420
vt 0.969679 0.337320
vt 0.979003 0.370408
vt 0.617605 0.947573
vt 0.621501 0.927440
vt 0.882502 0.681996
vt 0.870986 0.715606
vt 0.761722 0.426586
vt 0.626877 0.949633
vt 0.630758 0.928383
vt 0.877715 0.724188
vt 0.870917 0.733983
vt 0.862543 0.728883
vt 0.360830 0.934403
vt 0.366976 0.932304
vt 0.363991 0.943111
vt 0.369970 0.940827
vt 0.371645 0.930550
vt 0.369008 0.511977
vt 0.362443 0.494054
vt 0.368092 0.493305
vt 0.374138 0.511613
vt 0.376493 0.929256
vt 0.365549 0.513277
vt 0.356876 0.497607
vt 0.356379 0.454742
vt 0.362681 0.454855
vt 0.360830 0.912360
vt 0.346594 0.505719
vt 0.351061 0.496787
vt 0.349184 0.455094
vt 0.255961 0.360593
vt 0.256090 0.407465
vt 0.247677 0.404175
vt 0.249173 0.361133
vt 0.335225 0.499026
vt 0.333994 0.451288
vt 0.269409 0.355080
vt 0.270232 0.403632
vt 0.201849 0.862686
vt 0.210297 0.886797
vt 0.193249 0.887522
vt 0.274944 0.421195
vt 0.297897 0.354467
vt 0.193924 0.290930
vt 0.197819 0.347284
vt 0.168970 0.348845
vt 0.857014 0.945179
vt 0.873270 0.972298
vt 0.850522 0.985996
vt 0.232122 0.865832
vt 0.675272 0.905657
vt 0.663075 0.901081
vt 0.669086 0.872159
vt 0.219356 0.897639
vt 0.886697 0.985996
vt 0.702085 0.930053
vt 0.677248 0.923967
vt 0.665235 0.921754
vt 0.652376 0.922201
vt 0.651411 0.903496
vt 0.676088 0.929958
vt 0.168372 0.859396
vt 0.168114 0.871471
vt 0.656333 0.929306
vt 0.002864 0.292109
vt 0.011189 0.315982
vt 0.002864 0.318875
vt 0.010569 0.288800
vt 0.217259 0.355028
vt 0.010948 0.238064
vt 0.011189 0.264986
vt 0.004869 0.266771
vt 0.011189 0.275520
vt 0.225443 0.353600
vt 0.160639 0.885378
vt 0.237758 0.924459
vt 0.217677 0.907962
vt 0.011189 0.377616
vt 0.000856 0.377616
vt 0.009409 0.347405
vt 0.279103 0.890893
vt 0.279627 0.883260
vt 0.303412 0.887648
vt 0.305312 0.879451
vt 0.322721 0.890893
vt 0.218669 0.917205
vt 0.193249 0.915071
vt 0.195586 0.907695
vt 0.397103 0.901645
vt 0.374536 0.925858
vt 0.421568 0.897212
vt 0.425167 0.901848
vt 0.120066 0.905402
vt 0.131305 0.911853
vt 0.118219 0.912771
vt 0.500333 0.851796
vt 0.500280 0.864737
vt 0.136942 0.918126
vt 0.140599 0.913367
vt 0.133939 0.906990
vt 0.141450 0.924918
vt 0.145408 0.921629
vt 0.151334 0.933070
vt 0.147121 0.936121
vt 0.221945 0.424149
vt 0.229229 0.402649
vt 0.234904 0.403468
vt 0.227298 0.425167
vt 0.142863 0.939508
vt 0.216747 0.424103
vt 0.223470 0.403055
vt 0.226303 0.360815
vt 0.231901 0.361678
vt 0.374602 0.454777
vt 0.373654 0.492639
vt 0.368670 0.454878
vt 0.237682 0.361469
vt 0.380476 0.453702
vt 0.379297 0.492739
vt 0.385613 0.511439
vt 0.379762 0.510920
vt 0.382802 0.928661
vt 0.388723 0.929438
vt 0.388804 0.938703
vt 0.388060 0.946777
vt 0.755963 0.961529
vt 0.746323 0.960797
vt 0.243233 0.361034
vt 0.240719 0.404546
vt 0.142847 0.960822
vt 0.137177 0.940413
vt 0.252578 0.422107
vt 0.131179 0.942265
vt 0.117745 0.960106
vt 0.123467 0.941882
vt 0.118946 0.929751
vt 0.197170 0.898855
vt 0.117562 0.920106
vt 0.647261 0.930053
vt 0.158017 0.845808
vt 0.266190 0.886666
vt 0.304651 0.497289
vt 0.000177 0.241954
vt 0.882502 0.749637
vt 0.330868 0.509246
vt 0.765937 0.970612
vt 0.064083 0.340636
vt 0.058506 0.328554
vt 0.064740 0.325409
vt 0.069287 0.336647
vt 0.700431 0.526911
vt 0.700695 0.520274
vt 0.714561 0.526413
vt 0.713614 0.519298
vt 0.710449 0.511518
vt 0.716761 0.506638
vt 0.700441 0.513071
vt 0.296861 0.432160
vt 0.306650 0.423742
vt 0.311883 0.431947
vt 0.703595 0.499422
vt 0.004246 0.591337
vt 0.018302 0.588649
vt 0.006579 0.599468
vt 0.019460 0.595389
vt 0.020273 0.607310
vt 0.299054 0.418993
vt 0.576404 0.948432
vt 0.582144 0.961718
vt 0.574889 0.961649
vt 0.311883 0.405754
vt 0.029520 0.595419
vt 0.028911 0.607618
vt 0.028686 0.620968
vt 0.588793 0.960439
vt 0.590798 0.975879
vt 0.583959 0.976762
vt 0.035796 0.609791
vt 0.593599 0.950395
vt 0.595789 0.959522
vt 0.597609 0.975315
vt 0.591102 0.990217
vt 0.597848 0.990779
vt 0.602501 0.960126
vt 0.605129 0.975601
vt 0.604840 0.991591
vt 0.506729 0.966364
vt 0.450031 0.150160
vt 0.455183 0.148048
vt 0.448533 0.165032
vt 0.455415 0.164514
vt 0.086075 0.888996
vt 0.092765 0.885273
vt 0.462119 0.147495
vt 0.463229 0.164440
vt 0.099326 0.882452
vt 0.469266 0.147113
vt 0.471224 0.165032
vt 0.106318 0.879891
vt 0.476723 0.146794
vt 0.228182 0.970881
vt 0.231126 0.949055
vt 0.234713 0.969470
vt 0.112923 0.877711
vt 0.238716 0.948413
vt 0.242464 0.968826
vt 0.002077 0.908319
vt 0.011396 0.907727
vt 0.250485 0.967628
vt 0.245460 0.981800
vt 0.265655 0.977003
vt 0.031480 0.914117
vt 0.474774 0.129167
vt 0.483907 0.144741
vt 0.919034 0.777475
vt 0.929498 0.761301
vt 0.239492 0.934954
vt 0.467540 0.130028
vt 0.926000 0.754368
vt 0.937992 0.746477
vt 0.922983 0.748051
vt 0.933736 0.740497
vt 0.939574 0.732684
vt 0.430661 0.956506
vt 0.425826 0.959980
vt 0.423578 0.948505
vt 0.416574 0.954088
vt 0.428631 0.939874
vt 0.430762 0.948476
vt 0.419857 0.965018
vt 0.410965 0.959885
vt 0.042366 0.599196
vt 0.041293 0.611220
vt 0.036368 0.597114
vt 0.036581 0.588889
vt 0.043126 0.589266
vt 0.029165 0.587973
vt 0.029627 0.581921
vt 0.037580 0.582582
vt 0.043356 0.582208
vt 0.514811 0.101106
vt 0.509870 0.101569
vt 0.515616 0.107077
vt 0.510409 0.108458
vt 0.495125 0.102578
vt 0.518872 0.115023
vt 0.513759 0.117200
vt 0.001933 0.584416
vt 0.014351 0.576369
vt 0.017846 0.581874
vt 0.056064 0.312610
vt 0.471173 0.121339
vt 0.462666 0.114069
vt 0.486716 0.096203
vt 0.454751 0.106379
vt 0.476067 0.087726
vt 0.449700 0.101858
vt 0.470098 0.080970
vt 0.488412 0.061590
vt 0.466184 0.073222
vt 0.486006 0.048279
vt 0.504342 0.019593
vt 0.505491 0.037162
vt 0.914325 0.929530
vt 0.942056 0.897404
vt 0.908000 0.952431
vt 0.944762 0.924654
vt 0.948235 0.952431
vt 0.397196 0.261938
vt 0.570619 0.002382
vt 0.570603 0.030778
vt 0.537166 0.016041
vt 0.332241 0.679866
vt 0.335658 0.713860
vt 0.309390 0.663646
vt 0.520098 0.023997
vt 0.506086 0.000293
vt 0.678803 0.260607
vt 0.727284 0.259779
vt 0.717447 0.287725
vt 0.743645 0.291280
vt 0.752434 0.311882
vt 0.537410 0.738448
vt 0.545643 0.703227
vt 0.558585 0.732540
vt 0.615457 0.493170
vt 0.604423 0.528858
vt 0.593069 0.523328
vt 0.509045 0.678056
vt 0.551097 0.690142
vt 0.683528 0.234814
vt 0.752434 0.221857
vt 0.632156 0.553196
vt 0.823072 0.425013
vt 0.818380 0.473624
vt 0.789591 0.468068
vt 0.789591 0.405146
vt 0.475307 0.024744
vt 0.836349 0.482509
vt 0.432224 0.671317
vt 0.490597 0.657094
vt 0.486972 0.671317
vt 0.111413 0.016783
vt 0.065002 0.007423
vt 0.113971 0.003301
vt 0.179018 0.016783
vt 0.593069 0.587402
vt 0.436690 0.636994
vt 0.492440 0.640442
vt 0.530508 0.644693
vt 0.531405 0.657681
vt 0.445822 0.617914
vt 0.489697 0.625397
vt 0.529591 0.633734
vt 0.697135 0.716927
vt 0.683414 0.756126
vt 0.688969 0.717698
vt 0.693171 0.754185
vt 0.494618 0.617591
vt 0.532379 0.626386
vt 0.676229 0.759045
vt 0.681263 0.720791
vt 0.698812 0.564526
vt 0.673454 0.549929
vt 0.675848 0.543650
vt 0.702898 0.556588
vt 0.669020 0.760826
vt 0.716071 0.596480
vt 0.692846 0.570185
vt 0.669686 0.556900
vt 0.686673 0.578077
vt 0.639194 0.549571
vt 0.643502 0.540662
vt 0.645099 0.532304
vt 0.647604 0.523792
vt 0.744043 0.462257
vt 0.741369 0.469922
vt 0.731302 0.433940
vt 0.382918 0.584945
vt 0.406986 0.590029
vt 0.379934 0.591443
vt 0.402682 0.602429
vt 0.733802 0.416629
vt 0.738531 0.423446
vt 0.832258 0.776483
vt 0.814867 0.770935
vt 0.807476 0.779007
vt 0.398393 0.620005
vt 0.864320 0.804181
vt 0.406986 0.661470
vt 0.708439 0.603693
vt 0.441237 0.135662
vt 0.435920 0.130300
vt 0.177564 0.472719
vt 0.534256 0.618405
vt 0.498254 0.610355
vt 0.443500 0.098441
vt 0.704167 0.750507
vt 0.717759 0.755352
vt 0.447323 0.593886
vt 0.448509 0.539566
vt 0.455140 0.546880
vt 0.738283 0.716820
vt 0.729242 0.758053
vt 0.464940 0.547386
vt 0.453689 0.595826
vt 0.472578 0.551282
vt 0.461318 0.596166
vt 0.451171 0.616255
vt 0.393034 0.123019
vt 0.398068 0.105092
vt 0.408384 0.144053
vt 0.408384 0.105721
vt 0.411444 0.618171
vt 0.463751 0.617118
vt 0.575380 0.568651
vt 0.597192 0.598591
vt 0.569210 0.564910
vt 0.393382 0.052239
vt 0.876359 0.147879
vt 0.881103 0.152601
vt 0.876359 0.215381
vt 0.514879 0.670005
vt 0.554866 0.682749
vt 0.525995 0.661569
vt 0.559583 0.676426
vt 0.575141 0.677323
vt 0.565225 0.670086
vt 0.577042 0.670424
vt 0.570037 0.662086
vt 0.577763 0.662150
vt 0.795790 0.895746
vt 0.787915 0.896765
vt 0.588746 0.663961
vt 0.791606 0.902948
vt 0.778949 0.906182
vt 0.774010 0.898353
vt 0.769999 0.891065
vt 0.756774 0.898568
vt 0.754069 0.892211
vt 0.751852 0.884439
vt 0.346408 0.938886
vt 0.358550 0.931907
vt 0.360833 0.940223
vt 0.345939 0.931088
vt 0.334204 0.923491
vt 0.318836 0.932005
vt 0.318993 0.925319
vt 0.350790 0.945438
vt 0.783969 0.921662
vt 0.552011 0.653124
vt 0.571277 0.650358
vt 0.557086 0.644631
vt 0.199137 0.124585
vt 0.541251 0.654920
vt 0.196842 0.134744
vt 0.154847 0.146652
vt 0.116273 0.147345
vt 0.586832 0.523311
vt 0.569188 0.537960
vt 0.597192 0.492132
vt 0.571537 0.524546
vt 0.561817 0.530393
vt 0.604383 0.950838
vt 0.043356 0.620185
vt 0.176425 0.012788
vt 0.181815 0.000228
vt 0.181815 0.016783
vt 0.148423 0.196273
vt 0.153843 0.183440
vt 0.153843 0.199996
vt 0.609064 0.959911
vt 0.611178 0.975621
vt 0.919034 0.742774
vt 0.929859 0.735760
vt 0.452128 0.132115
vt 0.460103 0.131656
vt 0.577167 0.991591
vt 0.583414 0.991031
vt 0.577287 0.978073
vt 0.978859 0.599176
vt 0.979003 0.585519
vt 0.149751 0.036363
vt 0.149751 0.018359
vt 0.158039 0.034560
vt 0.700569 0.482336
vt 0.708507 0.392906
vt 0.622444 0.837130
vt 0.595447 0.836674
vt 0.366436 0.063351
vt 0.366491 0.068910
vt 0.367826 0.056621
vt 0.416335 0.134705
vt 0.927000 0.444094
vt 0.919038 0.437257
vt 0.911314 0.431949
vt 0.913550 0.439715
vt 0.915998 0.426845
vt 0.914820 0.446146
vt 0.314680 0.440893
vt 0.907856 0.417743
vt 0.914743 0.418823
vt 0.026573 0.009738
vt 0.020898 0.006338
vt 0.434957 0.144053
vt 0.907823 0.442204
vt 0.388931 0.344050
vt 0.381181 0.328251
vt 0.384103 0.315382
vt 0.051747 0.920575
vt 0.284461 0.646251
vt 0.145095 0.432823
vt 0.090908 0.971131
vt 0.849288 0.277389
vt 0.044754 0.164838
vt 0.966058 0.086712
vt 0.553836 0.342569
vt 0.541269 0.324362
vt 0.450086 0.074356
vt 0.423013 0.501939
vt 0.898168 0.211768
vt 0.893882 0.221608
vt 0.893882 0.209349
vt 0.955361 0.342651
vt 0.736033 0.671521
vt 0.424668 0.890066
vt 0.979984 0.098809
vt 0.973252 0.093485
vt 0.984047 0.111935
vt 0.145486 0.024712
vt 0.148249 0.018726
vt 0.148249 0.029370
vt 0.965353 0.837703
vt 0.966839 0.840861
vt 0.114407 0.987395
vt 0.133499 0.984128
vt 0.992989 0.824684
vt 0.990109 0.059927
vt 0.743533 0.644014
vt 0.442821 0.052480
vt 0.962126 0.087062
vt 0.626727 0.785082
vt 0.943161 0.548242
vt 0.357716 0.985996
vt 0.573457 0.964243
vt 0.559224 0.984791
vt 0.558041 0.980117
vt 0.560537 0.988725
vt 0.056038 0.008391
vt 0.056038 0.001052
vt 0.058740 0.005054
vt 0.555829 0.991048
vt 0.144658 0.713712
vt 0.909973 0.954112
vt 0.934249 0.955740
vt 0.316833 0.666388
vt 0.305503 0.609200
vt 0.338882 0.660930
vt 0.813971 0.551109
vt 0.556304 0.586432
vt 0.955511 0.883449
vt 0.873314 0.658887
vt 0.875509 0.637963
vt 0.394436 0.227371
vt 0.853132 0.632156
vt 0.413979 0.267129
vt 0.146850 0.170626
vt 0.398643 0.260960
vt 0.726884 0.838482
vt 0.824091 0.286276
vt 0.953169 0.966709
vt 0.946273 0.957331
vt 0.878765 0.696228
vt 0.869433 0.695813
vt 0.863146 0.701746
vt 0.856860 0.707680
vt 0.862363 0.692134
vt 0.804558 0.032417
vt 0.804188 0.033243
vt 0.800018 0.035423
vt 0.547646 0.406651
vt 0.550656 0.399355
vt 0.409601 0.454036
vt 0.803923 0.039986
vt 0.803835 0.042233
vt 0.863191 0.088196
vt 0.865103 0.093009
vt 0.860539 0.086000
vt 0.860684 0.084730
vt 0.875509 0.685351
vt 0.865740 0.681582
vt 0.865738 0.690392
vt 0.870213 0.694470
vt 0.760057 0.074805
vt 0.898952 0.093680
vt 0.793928 0.401668
vt 0.814242 0.359477
vt 0.819072 0.374271
vt 0.601388 0.130667
vt 0.594732 0.160409
vt 0.563379 0.161982
vt 0.819011 0.352242
vt 0.825348 0.411911
vt 0.909128 0.387925
vt 0.934364 0.393527
vt 0.953776 0.801188
vt 0.941509 0.808652
vt 0.948806 0.801420
vt 0.952560 0.806014
vt 0.952838 0.809137
vt 0.943904 0.812908
vt 0.079113 0.794476
vt 0.064655 0.799144
vt 0.102487 0.786082
vt 0.107292 0.789571
vt 0.112887 0.791988
vt 0.542694 0.144632
vt 0.544455 0.140348
vt 0.562443 0.166413
vt 0.561575 0.170168
vt 0.540124 0.147635
vt 0.593515 0.163780
vt 0.601388 0.237758
vt 0.658378 0.036363
vt 0.757558 0.194734
vt 0.842961 0.759427
vt 0.321861 0.774811
vt 0.845836 0.506141
vt 0.343468 0.773313
vt 0.525097 0.734390
vt 0.530060 0.720561
vt 0.547762 0.238616
vt 0.514676 0.959110
vt 0.963310 0.293703
vt 0.965304 0.204032
vt 0.957412 0.205803
vt 0.193004 0.652964
vt 0.559252 0.220823
vt 0.181815 0.425241
vt 0.181815 0.448943
vt 0.164904 0.439476
vt 0.591610 0.547401
vt 0.892224 0.730875
vt 0.923054 0.785539
vt 0.955228 0.785539
vt 0.826577 0.870223
vt 0.825252 0.875980
vt 0.821831 0.861123
vt 0.062499 0.745387
vt 0.113285 0.944732
vt 0.097345 0.972011
vt 0.097345 0.925183
vt 0.941197 0.837747
vt 0.155242 0.397191
vt 0.153489 0.397196
vt 0.153489 0.370140
vt 0.818030 0.353694
vt 0.919071 0.789732
vt 0.675539 0.175188
vt 0.850442 0.083031
vt 0.851057 0.082884
vt 0.856114 0.081674
vt 0.855787 0.081915
vt 0.855196 0.081726
vt 0.844632 0.084422
vt 0.846522 0.082220
vt 0.848564 0.082104
vt 0.846000 0.084094
vt 0.853428 0.083663
vt 0.852701 0.084201
vt 0.858698 0.084037
vt 0.858947 0.083342
vt 0.860854 0.083231
vt 0.860769 0.083981
vt 0.847926 0.080584
vt 0.850470 0.080625
vt 0.847441 0.081149
vt 0.849812 0.081136
vt 0.857041 0.083453
vt 0.856626 0.084094
vt 0.872471 0.690582
vt 0.870993 0.693127
vt 0.869114 0.688651
vt 0.858573 0.081085
vt 0.858387 0.081373
vt 0.857508 0.081091
vt 0.511848 0.490909
vt 0.527199 0.495537
vt 0.517313 0.496903
vt 0.515524 0.494941
vt 0.850742 0.085653
vt 0.851974 0.084740
vt 0.856211 0.084735
vt 0.855508 0.085822
vt 0.841015 0.082535
vt 0.841050 0.081187
vt 0.845070 0.081163
vt 0.844479 0.082337
vt 0.841068 0.080475
vt 0.841086 0.079764
vt 0.845694 0.079924
vt 0.845382 0.080544
vt 0.858024 0.085911
vt 0.858448 0.084732
vt 0.840944 0.085305
vt 0.843264 0.084749
vt 0.862627 0.086777
vt 0.860727 0.084355
vt 0.844598 0.078727
vt 0.848778 0.079405
vt 0.525923 0.485848
vt 0.853188 0.081116
vt 0.854093 0.080682
vt 0.855300 0.080701
vt 0.854313 0.081109
vt 0.857631 0.082540
vt 0.857828 0.082236
vt 0.859422 0.082023
vt 0.859304 0.082353
vt 0.848941 0.077446
vt 0.852592 0.078762
vt 0.851863 0.078885
vt 0.848110 0.077691
vt 0.864977 0.089772
vt 0.866290 0.092482
vt 0.865697 0.091662
vt 0.864527 0.089199
vt 0.851473 0.081938
vt 0.852443 0.081883
vt 0.854463 0.082896
vt 0.854807 0.082641
vt 0.847949 0.083628
vt 0.848598 0.083473
vt 0.870747 0.101676
vt 0.869667 0.100018
vt 0.861017 0.081809
vt 0.860976 0.082165
vt 0.854997 0.080248
vt 0.856287 0.080293
vt 0.842470 0.076146
vt 0.841800 0.076207
vt 0.839696 0.075712
vt 0.840312 0.075713
vt 0.854745 0.079538
vt 0.856897 0.080314
vt 0.854075 0.079589
vt 0.516644 0.505814
vt 0.516657 0.504521
vt 0.519105 0.503886
vt 0.519524 0.504629
vt 0.858095 0.079284
vt 0.858729 0.080378
vt 0.856755 0.079386
vt 0.845818 0.075842
vt 0.844479 0.075964
vt 0.842160 0.075715
vt 0.843392 0.075716
vt 0.869256 0.096583
vt 0.876146 0.109968
vt 0.873986 0.106651
vt 0.868070 0.094942
vt 0.867225 0.092637
vt 0.866325 0.091491
vt 0.853096 0.076219
vt 0.856241 0.078147
vt 0.854782 0.078393
vt 0.851434 0.076710
vt 0.856177 0.081099
vt 0.857300 0.080733
vt 0.857586 0.080738
vt 0.856443 0.081097
vt 0.858154 0.081732
vt 0.858201 0.081660
vt 0.859647 0.081398
vt 0.859619 0.081476
vt 0.854049 0.081791
vt 0.854278 0.081778
vt 0.855379 0.082218
vt 0.855461 0.082157
vt 0.849674 0.083215
vt 0.849828 0.083178
vt 0.806725 0.036669
vt 0.805934 0.039088
vt 0.805515 0.039717
vt 0.806165 0.037332
vt 0.861093 0.081136
vt 0.861084 0.081220
vt 0.858423 0.080367
vt 0.911396 0.104623
vt 0.911107 0.104277
vt 0.910872 0.101794
vt 0.911081 0.102223
vt 0.516678 0.502379
vt 0.516681 0.502073
vt 0.518313 0.502479
vt 0.518412 0.502655
vt 0.865194 0.088691
vt 0.864581 0.088039
vt 0.857168 0.078716
vt 0.855768 0.078889
vt 0.853669 0.079150
vt 0.852969 0.079237
vt 0.861036 0.081641
vt 0.863663 0.087061
vt 0.863357 0.086736
vt 0.856418 0.084414
vt 0.858573 0.084385
vt 0.846256 0.081156
vt 0.846654 0.080564
vt 0.860936 0.082520
vt 0.862063 0.085358
vt 0.852337 0.084470
vt 0.845501 0.082279
vt 0.847053 0.079972
vt 0.843948 0.084586
vt 0.860645 0.067732
vt 0.858568 0.078542
vt 0.816769 0.035937
vt 0.812815 0.038321
vt 0.850011 0.079604
vt 0.854758 0.075729
vt 0.857701 0.077901
vt 0.511478 0.501552
vt 0.511787 0.500856
vt 0.515050 0.501667
vt 0.514945 0.502103
vt 0.846797 0.076212
vt 0.848244 0.075968
vt 0.508005 0.509369
vt 0.509313 0.506426
vt 0.514209 0.505156
vt 0.513764 0.506999
vt 0.843903 0.076701
vt 0.844627 0.076579
vt 0.837788 0.077735
vt 0.840846 0.077218
vt 0.513025 0.498070
vt 0.514262 0.495285
vt 0.515891 0.498178
vt 0.515471 0.499923
vt 0.512431 0.512529
vt 0.846074 0.076335
vt 0.845350 0.076457
vt 0.843139 0.076085
vt 0.843809 0.076024
vt 0.514419 0.504284
vt 0.514629 0.503412
vt 0.516669 0.503297
vt 0.516663 0.503909
vt 0.850603 0.076955
vt 0.849772 0.077200
vt 0.509931 0.505034
vt 0.510550 0.503641
vt 0.864275 0.087713
vt 0.865876 0.090918
vt 0.865426 0.090345
vt 0.863969 0.087387
vt 0.854052 0.078516
vt 0.855068 0.078976
vt 0.854368 0.079063
vt 0.853322 0.078639
vt 0.861074 0.081304
vt 0.861055 0.081473
vt 0.856085 0.079436
vt 0.855415 0.079487
vt 0.518709 0.503182
vt 0.518907 0.503534
vt 0.912844 0.106352
vt 0.912265 0.105660
vt 0.911706 0.103511
vt 0.912124 0.104370
vt 0.855872 0.080710
vt 0.857508 0.080336
vt 0.856443 0.080719
vt 0.859478 0.081867
vt 0.859535 0.081710
vt 0.809527 0.033351
vt 0.808034 0.035942
vt 0.807194 0.037200
vt 0.808406 0.034678
vt 0.848906 0.083399
vt 0.849213 0.083325
vt 0.855134 0.082399
vt 0.854971 0.082520
vt 0.852902 0.081857
vt 0.853360 0.081831
vt 0.858014 0.081948
vt 0.857921 0.082092
vt 0.854846 0.081106
vt 0.855378 0.081103
vt 0.858118 0.080357
vt 0.840928 0.075713
vt 0.841544 0.075714
vt 0.867477 0.094122
vt 0.872907 0.104993
vt 0.871827 0.103335
vt 0.866884 0.093302
vt 0.806408 0.028287
vt 0.805668 0.029939
vt 0.550425 0.946618
vt 0.559612 0.946270
vt 0.554505 0.949722
vt 0.548090 0.949034
vt 0.814007 0.025580
vt 0.811020 0.030761
vt 0.809619 0.032156
vt 0.812043 0.027113
vt 0.915004 0.112298
vt 0.913940 0.112108
vt 0.912823 0.107810
vt 0.913564 0.108334
vt 0.842374 0.076960
vt 0.840385 0.076335
vt 0.513320 0.508842
vt 0.516631 0.507107
vt 0.846354 0.078209
vt 0.506698 0.512312
vt 0.862710 0.086047
vt 0.863577 0.087988
vt 0.850321 0.079145
vt 0.851490 0.079421
vt 0.852659 0.079697
vt 0.912344 0.111822
vt 0.911811 0.111727
vt 0.911342 0.106760
vt 0.911712 0.107023
vt 0.809098 0.029412
vt 0.807516 0.034250
vt 0.806815 0.034947
vt 0.808115 0.030178
vt 0.519942 0.505372
vt 0.852885 0.080663
vt 0.859185 0.082682
vt 0.847299 0.083784
vt 0.854118 0.083152
vt 0.850503 0.081993
vt 0.857434 0.082845
vt 0.852062 0.081123
vt 0.864444 0.089929
vt 0.867385 0.096513
vt 0.804012 0.037738
vt 0.838395 0.075710
vt 0.909683 0.111346
vt 0.909860 0.105711
vt 0.916068 0.112489
vt 0.914305 0.108859
vt 0.815971 0.024047
vt 0.812422 0.029365
vt 0.807149 0.026635
vt 0.810648 0.032024
vt 0.808873 0.034683
vt 0.913423 0.107044
vt 0.912541 0.105229
vt 0.795179 0.033844
vt 0.564769 0.947454
vt 0.557083 0.950314
vt 0.807286 0.036005
vt 0.808217 0.033552
vt 0.912082 0.107285
vt 0.911686 0.104969
vt 0.810079 0.028645
vt 0.912876 0.111917
vt 0.851019 0.076833
vt 0.854417 0.078455
vt 0.866101 0.091204
vt 0.867773 0.094532
vt 0.873447 0.105822
vt 0.844144 0.075994
vt 0.841852 0.075714
vt 0.856420 0.079411
vt 0.855418 0.078933
vt 0.864428 0.087876
vt 0.846435 0.076273
vt 0.514840 0.502539
vt 0.516675 0.502685
vt 0.511169 0.502248
vt 0.518511 0.502831
vt 0.911289 0.102652
vt 0.857014 0.080728
vt 0.859591 0.081554
vt 0.806354 0.038458
vt 0.849520 0.083252
vt 0.855297 0.082278
vt 0.853819 0.081804
vt 0.858108 0.081804
vt 0.855911 0.081100
vt 0.804928 0.031591
vt 0.549398 0.953174
vt 0.545754 0.951450
vt 0.785725 0.026130
vt 0.542110 0.949726
vt 0.542328 0.950416
vt 0.541674 0.948346
vt 0.541238 0.946966
vt 0.849691 0.075723
vt 0.847158 0.075720
vt 0.865806 0.089343
vt 0.868124 0.093783
vt 0.870442 0.098223
vt 0.878306 0.113285
vt 0.844624 0.075717
vt 0.542547 0.951106
s 1
usemtl Material.008
f 1/1/1 2/2/2 3/3/3
f 1/1/1 3/3/3 98/4/4
f 99/5/5 100/6/6 101/7/7
f 99/5/5 101/7/7 102/8/8
f 1/9/1 98/10/4 104/11/9
f 1/9/1 104/11/9 103/12/10
f 1/1/1 5/13/11 2/2/2
f 1/14/1 105/15/12 5/16/11
f 2/2/2 106/17/13 3/3/3
f 3/3/3 106/17/13 4/18/14
f 3/3/3 4/18/14 98/4/4
f 4/19/14 107/20/15 98/10/4
f 6/21/16 108/22/17 109/23/18
f 6/24/16 109/25/18 110/26/19
f 6/21/16 111/27/20 112/28/21
f 6/21/16 112/28/21 113/29/22
f 6/24/16 110/26/19 114/30/23
f 6/24/16 114/30/23 115/31/24
f 6/24/16 115/31/24 116/32/25
f 6/33/16 116/34/25 111/35/20
f 7/36/26 119/37/27 118/38/28
f 7/36/26 118/38/28 121/39/29
f 7/36/26 122/40/30 120/41/31
f 7/36/26 120/41/31 119/37/27
f 7/36/26 121/39/29 123/42/32
f 7/36/26 123/42/32 124/43/33
f 7/36/26 124/43/33 125/44/34
f 7/45/26 125/46/34 126/47/35
f 8/48/36 127/49/37 128/50/38
f 8/48/36 128/50/38 129/51/39
f 127/49/37 131/52/40 132/53/41
f 8/48/36 131/52/40 127/49/37
f 8/48/36 129/51/39 130/54/42
f 8/48/36 130/54/42 131/52/40
f 9/55/43 133/56/44 134/57/45
f 9/58/43 134/59/45 135/60/46
f 9/55/43 136/61/47 137/62/48
f 9/55/43 137/62/48 133/56/44
f 9/55/43 138/63/49 139/64/50
f 9/55/43 139/64/50 136/61/47
f 10/65/51 140/66/52 141/67/53
f 10/65/51 141/67/53 142/68/54
f 10/69/51 110/26/19 109/25/18
f 10/69/51 109/25/18 140/70/52
f 10/71/51 142/72/54 143/73/55
f 10/71/51 143/73/55 144/74/56
f 10/71/51 144/74/56 145/75/57
f 10/71/51 145/75/57 146/76/58
f 10/69/51 146/77/58 114/30/23
f 10/69/51 114/30/23 110/26/19
f 11/78/59 147/79/60 148/80/61
f 11/78/59 148/80/61 149/81/62
f 11/82/59 150/83/63 151/84/64
f 11/82/59 151/84/64 147/85/60
f 11/78/59 152/86/65 153/87/66
f 11/88/59 153/89/66 150/90/63
f 11/78/59 154/91/67 155/92/68
f 11/78/59 155/92/68 152/86/65
f 11/78/59 149/81/62 156/93/69
f 11/78/59 156/93/69 154/91/67
f 12/94/70 157/95/71 158/96/72
f 12/94/70 158/96/72 159/97/73
f 157/95/71 160/98/74 161/99/75
f 12/94/70 160/98/74 157/95/71
f 12/94/70 159/97/73 137/100/48
f 12/94/70 137/100/48 160/98/74
f 162/101/76 163/102/77 164/103/78
f 162/101/76 164/103/78 165/104/79
f 129/105/39 162/106/76 166/107/80
f 128/108/38 162/109/76 129/110/39
f 162/101/76 165/104/79 167/111/81
f 162/101/76 167/111/81 168/112/82
f 162/113/76 168/114/82 169/115/83
f 162/113/76 169/115/83 166/116/80
f 13/117/84 170/118/85 171/119/86
f 13/117/84 171/119/86 172/120/87
f 13/121/84 172/122/87 173/123/88
f 13/117/84 173/124/88 174/125/89
f 13/117/84 174/125/89 175/126/90
f 13/117/84 175/126/90 170/118/85
f 14/127/91 176/128/92 177/129/93
f 181/130/94 182/131/95 183/132/96
f 178/133/97 181/134/94 183/135/96
f 15/136/98 184/137/99 185/138/100
f 15/139/98 185/140/100 16/141/101
f 15/139/98 186/142/102 187/143/103
f 15/136/98 187/144/103 184/137/99
f 17/145/104 188/146/105 189/147/106
f 17/145/104 189/147/106 190/148/107
f 17/149/104 191/150/108 192/151/109
f 17/149/104 192/151/109 188/152/105
f 17/153/104 193/154/110 194/155/111
f 17/153/104 194/155/111 191/156/108
f 17/145/104 190/148/107 195/157/112
f 17/158/104 195/159/112 196/160/113
f 18/161/114 197/162/115 198/163/116
f 18/161/114 198/163/116 199/164/117
f 18/161/114 200/165/118 201/166/119
f 18/167/114 201/168/119 202/169/120
f 18/161/114 199/164/117 203/170/121
f 18/161/114 203/170/121 200/165/118
f 19/171/122 202/169/120 204/172/123
f 19/171/122 204/172/123 205/173/124
f 18/167/114 19/171/122 197/174/115
f 18/167/114 202/169/120 19/171/122
f 19/171/122 206/175/125 207/176/126
f 19/171/122 207/176/126 197/174/115
f 20/177/127 208/178/128 209/179/129
f 20/177/127 209/179/129 210/180/130
f 20/177/127 210/180/130 23/181/131
f 20/182/127 23/183/131 211/184/132
f 25/185/133 27/186/134 212/187/135
f 25/188/133 212/189/135 213/190/136
f 20/177/127 25/188/133 213/190/136
f 20/177/127 213/190/136 208/178/128
f 21/191/137 214/192/138 215/193/139
f 21/194/137 215/195/139 216/196/140
f 21/191/137 217/197/141 218/198/142
f 21/191/137 218/198/142 214/192/138
f 21/199/137 219/200/143 205/201/124
f 21/202/137 205/173/124 217/203/141
f 22/204/144 220/205/145 221/206/146
f 22/204/144 221/206/146 222/207/147
f 22/204/144 223/208/148 224/209/149
f 22/204/144 224/209/149 220/205/145
f 22/210/144 222/211/147 225/212/150
f 22/213/144 225/214/150 226/215/151
f 22/213/144 226/215/151 227/216/152
f 22/217/144 227/218/152 228/219/153
f 22/217/144 228/219/153 229/220/154
f 22/217/144 229/220/154 223/221/148
f 23/181/131 210/180/130 230/222/155
f 23/223/131 230/224/155 231/225/156
f 23/183/131 232/226/157 233/227/158
f 23/183/131 233/227/158 211/184/132
f 23/223/131 234/228/159 235/229/160
f 23/223/131 235/229/160 232/230/157
f 23/223/131 231/225/156 236/231/161
f 23/223/131 236/231/161 234/228/159
f 24/232/162 237/233/163 238/234/164
f 24/232/162 238/234/164 239/235/165
f 24/232/162 230/236/155 240/237/166
f 24/232/162 240/237/166 237/233/163
f 24/232/162 239/235/165 231/238/156
f 24/239/162 231/225/156 230/224/155
f 20/177/127 241/240/167 25/188/133
f 25/185/133 241/241/167 27/186/134
f 26/242/168 28/243/169 242/244/170
f 26/242/168 242/244/170 243/245/171
f 26/246/168 185/138/100 184/137/99
f 26/246/168 184/137/99 28/247/169
f 26/246/168 243/248/171 244/249/172
f 26/246/168 244/249/172 185/138/100
f 28/243/169 245/250/173 246/251/174
f 28/243/169 246/251/174 242/244/170
f 28/243/169 247/252/175 248/253/176
f 28/243/169 248/253/176 245/250/173
f 28/247/169 184/137/99 187/144/103
f 28/243/169 187/254/103 247/252/175
f 29/255/177 249/256/178 34/257/179
f 29/255/177 34/257/179 30/258/180
f 29/255/177 30/258/180 180/259/181
f 29/255/177 180/259/181 179/260/182
f 30/258/180 250/261/183 251/262/184
f 30/258/180 251/262/184 252/263/185
f 31/264/186 253/265/187 254/266/188
f 31/264/186 254/266/188 255/267/189
f 31/264/186 255/267/189 256/268/190
f 31/264/186 256/268/190 257/269/191
f 31/270/186 258/271/192 259/272/193
f 31/264/186 259/273/193 253/265/187
f 32/274/194 260/275/195 261/276/196
f 32/277/194 261/278/196 262/279/197
f 32/280/194 263/281/198 264/282/199
f 32/283/194 264/284/199 260/285/195
f 32/286/194 262/287/197 265/288/200
f 32/289/194 265/290/200 263/291/198
f 30/258/180 34/257/179 250/261/183
f 34/292/179 35/293/201 250/294/183
f 33/295/202 266/296/203 267/297/204
f 33/295/202 267/297/204 268/298/205
f 33/295/202 269/299/206 270/300/207
f 33/295/202 270/300/207 266/296/203
f 33/295/202 268/298/205 271/301/208
f 33/295/202 271/301/208 272/302/209
f 34/257/179 249/256/178 273/303/210
f 34/257/179 273/303/210 274/304/211
f 34/292/179 275/305/212 35/293/201
f 35/293/201 275/305/212 276/306/213
f 34/292/179 274/307/211 277/308/214
f 34/292/179 277/308/214 275/305/212
f 36/309/215 278/310/216 279/311/217
f 36/309/215 279/311/217 280/312/218
f 36/309/215 281/313/219 282/314/220
f 36/309/215 282/314/220 278/310/216
f 37/315/221 283/316/222 284/317/223
f 37/315/221 284/317/223 285/318/224
f 37/315/221 285/318/224 286/319/225
f 37/315/221 286/319/225 287/320/226
f 37/315/221 287/320/226 288/321/227
f 37/315/221 288/321/227 283/316/222
f 38/322/228 289/323/229 288/321/227
f 38/322/228 288/321/227 287/320/226
f 38/322/228 287/320/226 286/319/225
f 38/322/228 286/319/225 290/324/230
f 38/325/228 290/326/230 291/327/231
f 38/325/228 291/327/231 289/328/229
f 39/329/232 292/330/233 293/331/234
f 39/329/232 293/331/234 294/332/235
f 39/333/232 295/334/236 296/335/237
f 39/333/232 296/335/237 292/336/233
f 39/329/232 294/332/235 297/337/238
f 39/329/232 297/337/238 295/338/236
f 40/339/239 298/340/240 299/341/241
f 40/339/239 299/341/241 300/342/242
f 40/339/239 301/343/243 302/344/244
f 40/339/239 302/344/244 298/340/240
f 40/345/239 303/346/245 304/347/246
f 40/345/239 304/347/246 305/348/247
f 40/349/239 300/350/242 306/351/248
f 40/349/239 306/351/248 303/352/245
f 40/353/239 305/354/247 307/355/249
f 40/339/239 307/356/249 301/343/243
f 41/357/250 308/358/251 282/359/220
f 41/360/250 282/361/220 309/362/252
f 41/360/250 48/363/253 51/364/254
f 41/357/250 51/365/254 310/366/255
f 41/357/250 310/366/255 311/367/256
f 41/357/250 311/367/256 312/368/257
f 41/360/250 309/362/252 313/369/258
f 41/360/250 313/369/258 48/363/253
f 42/370/259 314/371/260 311/367/256
f 42/370/259 311/367/256 315/372/261
f 42/373/259 316/374/262 317/375/263
f 42/370/259 317/376/263 314/371/260
f 42/377/259 315/378/261 318/379/264
f 42/377/259 318/379/264 319/380/265
f 43/381/266 320/382/267 321/383/268
f 43/381/266 321/383/268 322/384/269
f 43/381/266 323/385/270 324/386/271
f 43/381/266 324/386/271 320/382/267
f 43/381/266 322/384/269 325/387/272
f 43/381/266 325/387/272 323/385/270
f 44/388/273 45/389/274 276/306/213
f 44/388/273 276/306/213 275/305/212
f 44/388/273 275/305/212 277/308/214
f 44/388/273 277/308/214 326/390/275
f 44/388/273 326/390/275 327/391/276
f 44/388/273 327/391/276 45/389/274
f 45/389/274 328/392/277 329/393/278
f 45/389/274 329/393/278 276/306/213
f 45/389/274 327/391/276 330/394/279
f 45/389/274 330/394/279 331/395/280
f 45/389/274 331/395/280 332/396/281
f 45/389/274 332/396/281 328/392/277
f 46/397/282 333/398/283 297/337/238
f 46/397/282 297/337/238 294/332/235
f 46/397/282 294/332/235 293/331/234
f 46/397/282 293/331/234 334/399/284
f 46/400/282 334/401/284 335/402/285
f 46/400/282 335/402/285 333/403/283
f 47/404/286 336/405/287 337/406/288
f 47/404/286 337/406/288 338/407/289
f 47/408/286 339/409/290 340/410/291
f 47/408/286 340/410/291 341/411/292
f 47/404/286 338/407/289 342/412/293
f 47/404/286 342/412/293 343/413/294
f 47/404/286 343/413/294 344/414/295
f 47/404/286 344/414/295 339/415/290
f 48/363/253 313/369/258 345/416/296
f 48/363/253 345/416/296 51/364/254
f 49/417/297 310/418/255 51/364/254
f 49/417/297 51/364/254 345/416/296
f 49/419/297 315/372/261 311/367/256
f 49/419/297 311/367/256 310/366/255
f 49/417/297 346/420/298 347/421/299
f 49/422/297 347/423/299 348/424/300
f 49/417/297 345/416/296 349/425/301
f 49/417/297 349/425/301 346/420/298
f 50/426/302 350/427/303 351/428/304
f 50/426/302 351/428/304 352/429/305
f 50/426/302 352/429/305 353/430/306
f 50/426/302 353/430/306 354/431/307
f 52/432/308 355/433/309 356/434/310
f 52/432/308 356/434/310 357/435/311
f 52/436/308 306/351/248 358/437/312
f 52/438/308 358/439/312 355/440/309
f 52/441/308 359/442/313 303/443/245
f 52/436/308 303/352/245 306/351/248
f 52/432/308 357/435/311 360/444/314
f 52/432/308 360/444/314 361/445/315
f 52/441/308 361/446/315 54/447/316
f 52/441/308 54/447/316 359/442/313
f 53/448/317 362/449/318 359/442/313
f 53/448/317 359/442/313 54/447/316
f 53/448/317 363/450/319 364/451/320
f 53/448/317 364/451/320 362/449/318
f 53/448/317 365/452/321 366/453/322
f 53/448/317 366/453/322 367/454/323
f 53/448/317 54/447/316 361/446/315
f 53/448/317 361/446/315 365/452/321
f 53/448/317 367/454/323 368/455/324
f 53/448/317 368/455/324 363/450/319
f 55/456/325 59/457/326 369/458/327
f 55/456/325 369/458/327 370/459/328
f 55/456/325 371/460/329 372/461/330
f 55/456/325 372/461/330 59/457/326
f 55/462/325 373/463/331 374/464/332
f 55/456/325 374/465/332 371/460/329
f 55/462/325 375/466/333 376/467/334
f 55/462/325 376/467/334 373/463/331
f 55/462/325 370/468/328 377/469/335
f 55/462/325 377/469/335 375/466/333
f 56/470/336 378/471/337 379/472/338
f 56/470/336 379/472/338 380/473/339
f 378/471/337 382/474/340 383/475/341
f 56/470/336 382/474/340 378/471/337
f 56/476/336 380/477/339 381/478/342
f 56/476/336 381/478/342 382/479/340
f 57/480/343 384/481/344 318/482/264
f 57/480/343 318/482/264 348/424/300
f 57/480/343 385/483/345 386/484/346
f 57/480/343 386/484/346 384/481/344
f 57/480/343 348/424/300 347/423/299
f 57/480/343 347/423/299 385/483/345
f 58/485/347 387/486/348 388/487/349
f 58/485/347 388/487/349 389/488/350
f 58/489/347 390/490/351 391/491/352
f 58/489/347 391/491/352 392/492/353
f 58/489/347 392/492/353 393/493/354
f 58/489/347 393/493/354 387/494/348
f 58/485/347 389/488/350 394/495/355
f 58/496/347 394/497/355 395/498/356
f 58/496/347 395/498/356 396/499/357
f 58/489/347 396/500/357 390/490/351
f 59/501/326 372/502/330 398/503/358
f 372/504/330 397/505/359 398/506/358
f 59/507/326 399/508/360 369/509/327
f 60/510/361 400/511/362 401/512/363
f 60/510/361 401/512/363 402/513/364
f 60/510/361 403/514/365 404/515/366
f 60/510/361 404/515/366 400/511/362
f 60/510/361 402/513/364 405/516/367
f 60/510/361 405/516/367 403/514/365
f 61/517/368 406/518/369 407/519/370
f 61/517/368 407/519/370 408/520/371
f 63/521/372 406/518/369 409/522/373
f 61/517/368 409/522/373 406/518/369
f 62/523/374 410/524/375 411/525/376
f 62/523/374 412/526/377 410/524/375
f 62/523/374 411/525/376 413/527/378
f 62/523/374 413/527/378 414/528/379
f 62/523/374 415/529/380 416/530/381
f 62/523/374 416/530/381 412/526/377
f 63/531/372 409/532/373 417/533/382
f 63/531/372 417/533/382 418/534/383
f 63/521/372 418/535/383 419/536/384
f 63/521/372 419/536/384 406/518/369
f 64/537/385 420/538/386 421/539/387
f 64/537/385 421/539/387 422/540/388
f 64/541/385 422/542/388 423/543/389
f 64/541/385 423/543/389 424/544/390
f 64/541/385 424/544/390 425/545/391
f 64/546/385 425/547/391 426/548/392
f 65/549/393 427/550/394 428/551/395
f 65/549/393 428/551/395 429/552/396
f 65/549/393 430/553/397 431/554/398
f 65/549/393 431/554/398 427/550/394
f 65/549/393 429/552/396 432/555/399
f 65/549/393 432/555/399 430/553/397
f 66/556/400 433/557/401 398/558/358
f 66/556/400 434/559/402 435/560/403
f 66/556/400 435/560/403 433/557/401
f 66/561/400 436/562/404 437/563/405
f 66/564/400 437/565/405 438/566/406
f 66/567/400 439/568/407 440/569/408
f 66/561/400 440/570/408 436/562/404
f 67/571/409 441/572/410 442/573/411
f 67/571/409 442/573/411 443/574/412
f 67/571/409 443/574/412 444/575/413
f 67/571/409 444/575/413 445/576/414
f 67/571/409 445/576/414 446/577/415
f 67/571/409 446/577/415 441/572/410
f 447/578/416 448/579/417 449/580/418
f 447/578/416 449/580/418 450/581/419
f 68/582/420 451/583/421 452/584/422
f 68/582/420 452/584/422 453/585/423
f 68/586/420 453/587/423 454/588/424
f 68/586/420 454/588/424 455/589/425
f 68/586/420 455/589/425 456/590/426
f 68/586/420 456/590/426 69/591/427
f 69/591/427 456/590/426 457/592/428
f 69/591/427 457/592/428 458/593/429
f 69/591/427 458/593/429 459/594/430
f 69/595/427 459/596/430 460/597/431
f 69/598/427 461/599/432 462/600/433
f 68/586/420 69/591/427 462/601/433
f 69/595/427 460/597/431 463/602/434
f 69/595/427 463/602/434 461/603/432
f 70/604/435 464/605/436 465/606/437
f 70/604/435 465/606/437 466/607/438
f 464/608/436 468/609/439 469/610/440
f 70/611/435 468/609/439 464/608/436
f 70/604/435 466/607/438 467/612/441
f 70/611/435 467/613/441 468/609/439
f 71/614/442 470/615/443 471/616/444
f 71/614/442 471/616/444 472/617/445
f 71/614/442 472/617/445 473/618/446
f 71/619/442 473/620/446 474/621/447
f 71/614/442 475/622/448 476/623/449
f 71/614/442 476/623/449 477/624/450
f 72/625/451 478/626/452 468/609/439
f 72/625/451 468/609/439 467/613/441
f 478/627/452 480/628/453 481/629/454
f 72/630/451 480/628/453 478/627/452
f 72/630/451 467/631/441 479/632/455
f 72/630/451 479/632/455 480/628/453
f 482/633/456 483/634/457 484/635/458
f 482/633/456 484/635/458 485/636/459
f 488/637/460 489/638/461 490/639/462
f 488/637/460 490/639/462 491/640/463
f 73/641/464 492/642/465 493/643/466
f 73/641/464 493/643/466 494/644/467
f 73/641/464 494/644/467 495/645/468
f 73/641/464 495/645/468 75/646/469
f 73/647/464 75/648/469 496/649/470
f 73/647/464 496/649/470 492/650/465
f 74/651/471 497/652/472 498/653/473
f 74/651/471 498/653/473 499/654/474
f 75/655/469 500/656/475 497/657/472
f 74/651/471 75/648/469 497/652/472
f 74/651/471 499/654/474 496/649/470
f 74/651/471 496/649/470 75/648/469
f 75/646/469 495/645/468 501/658/476
f 75/659/469 501/660/476 502/661/477
f 506/662/478 507/663/479 508/664/480
f 506/662/478 508/664/480 509/665/481
f 504/666/482 505/667/483 506/662/478
f 504/666/482 506/662/478 509/665/481
f 76/668/484 503/669/485 504/670/482
f 76/671/484 504/666/482 509/665/481
f 76/672/484 510/673/486 511/674/487
f 76/672/484 511/674/487 503/675/485
f 76/672/484 509/676/481 512/677/488
f 76/672/484 512/677/488 510/673/486
f 77/678/489 513/679/490 514/680/491
f 77/678/489 514/680/491 515/681/492
f 77/678/489 515/681/492 516/682/493
f 77/683/489 516/684/493 517/685/494
f 77/678/489 504/670/482 518/686/495
f 77/678/489 518/686/495 513/679/490
f 78/687/496 520/688/497 521/689/498
f 78/687/496 521/689/498 522/690/499
f 78/687/496 523/691/500 524/692/501
f 78/687/496 524/692/501 520/688/497
f 78/693/496 522/694/499 525/695/502
f 78/693/496 525/695/502 523/696/500
f 79/697/503 526/698/504 527/699/505 3157/700/506
f 3192/701/507 3118/702/508 528/703/509 3158/704/510
f 79/697/503 529/705/511 530/706/512
f 79/697/503 530/706/512 526/698/504
f 3180/707/513 2957/708/514 2839/709/515 3164/710/516
f 2956/711/517 2955/712/518 531/713/519 532/714/520
f 3188/715/521 3061/716/522 80/717/523 3159/718/524
f 3061/716/522 2992/719/525 528/720/509 3022/721/526
f 79/722/503 2956/711/517 532/714/520 534/723/527
f 79/722/503 534/723/527 529/724/511
f 535/725/528 536/726/529 537/727/530
f 535/725/528 537/727/530 538/728/531
f 3010/729/532 2994/730/533 2845/731/534 2917/732/535
f 3016/733/536 2962/734/537 531/735/519 2991/736/538
f 81/737/539 541/738/540 542/739/541
f 81/740/539 542/741/541 543/742/542
f 81/743/539 544/744/543 545/745/544
f 81/743/539 545/745/544 541/746/540
f 81/747/539 543/748/542 546/749/545
f 81/750/539 546/751/545 544/752/543
f 82/753/546 547/754/547 548/755/548
f 82/753/546 548/755/548 549/756/549 2866/757/550
f 2866/758/550 549/759/549 550/760/551 2867/761/552
f 2868/762/553 2867/761/552 550/760/551 551/763/554
f 2868/762/553 551/763/554 552/764/555 2869/765/556
f 2869/765/556 552/764/555 540/766/557 2870/767/558
f 3163/768/559 3166/769/560 539/770/561 2871/771/562
f 3172/772/563 2871/771/562 539/770/561 3167/773/564
f 3021/774/565 554/775/566 2990/776/567 3019/777/568
f 83/778/569 555/779/570 556/780/571
f 83/781/569 556/782/571 557/783/572
f 83/781/569 557/783/572 558/784/573
f 3134/785/574 3117/786/575 559/787/576 3082/788/577
f 3116/789/578 3020/790/579 2963/791/580 3095/792/581
f 84/793/582 534/723/527 532/714/520
f 84/793/582 532/714/520 560/794/583
f 84/793/582 560/794/583 561/795/584
f 84/796/582 561/797/584 562/798/585
f 84/796/582 562/798/585 563/799/586
f 84/793/582 563/800/586 534/723/527
f 85/801/587 564/802/588 565/803/589
f 85/801/587 565/803/589 566/804/590
f 85/801/587 567/805/591 568/806/592
f 85/801/587 568/806/592 569/807/593
f 85/801/587 566/804/590 570/808/594
f 85/801/587 570/808/594 567/805/591
f 86/809/595 571/810/596 562/798/585
f 86/809/595 562/798/585 561/797/584
f 86/809/595 561/797/584 572/811/597
f 86/809/595 572/811/597 573/812/598
f 86/809/595 573/812/598 574/813/599
f 86/809/595 574/813/599 571/810/596
f 87/814/600 575/815/601 576/816/602
f 87/814/600 576/816/602 577/817/603
f 87/818/600 578/819/604 579/820/605
f 87/818/600 579/820/605 575/821/601
f 87/814/600 577/817/603 580/822/606
f 87/814/600 580/822/606 578/823/604
f 88/824/607 550/760/551 578/819/604
f 88/825/607 578/823/604 580/822/606
f 88/824/607 581/826/608 551/763/554
f 88/824/607 551/763/554 550/760/551
f 88/825/607 580/822/606 582/827/609
f 88/825/607 582/827/609 581/828/608
f 89/829/610 583/830/611 584/831/612
f 89/829/610 584/831/612 585/832/613
f 89/829/610 585/832/613 586/833/614
f 89/829/610 586/833/614 587/834/615
f 89/829/610 587/834/615 588/835/616
f 89/829/610 588/835/616 589/836/617
f 90/837/618 584/831/612 583/830/611
f 90/837/618 583/830/611 590/838/619
f 90/837/618 591/839/620 592/840/621
f 90/837/618 592/840/621 584/831/612
f 90/841/618 590/842/619 593/843/622
f 90/844/618 593/845/622 591/846/620
f 91/847/623 594/848/624 595/849/625
f 91/847/623 595/849/625 596/850/626
f 91/851/623 597/852/627 598/853/628
f 91/851/623 598/853/628 594/854/624
f 91/855/623 599/856/629 600/857/630
f 91/855/623 600/857/630 597/858/627
f 91/847/623 596/850/626 601/859/631
f 91/855/623 601/860/631 602/861/632
f 91/855/623 602/861/632 603/862/633
f 91/855/623 603/862/633 599/856/629
f 92/863/634 604/864/635 605/865/636
f 92/863/634 605/865/636 606/866/637
f 92/863/634 606/866/637 607/867/638
f 92/863/634 607/867/638 608/868/639
f 92/863/634 608/868/639 609/869/640
f 92/863/634 609/869/640 604/864/635
f 93/870/641 610/871/642 611/872/643
f 93/870/641 611/872/643 612/873/644
f 93/870/641 612/873/644 613/874/645
f 93/870/641 613/874/645 614/875/646
f 93/870/641 614/875/646 615/876/647
f 93/870/641 615/876/647 610/871/642
f 94/877/648 616/878/649 617/879/650
f 94/877/648 617/879/650 618/880/651
f 94/881/648 618/882/651 619/883/652
f 94/881/648 619/883/652 620/884/653
f 94/877/648 620/885/653 621/886/654
f 94/877/648 621/886/654 616/878/649
f 95/887/655 622/888/656 623/889/657
f 95/887/655 623/889/657 624/890/658
f 95/891/655 625/892/659 626/893/660
f 95/891/655 626/893/660 622/894/656
f 95/891/655 624/895/658 627/896/661
f 95/891/655 627/896/661 625/892/659
f 96/897/662 628/898/663 629/899/664
f 96/897/662 629/899/664 630/900/665
f 96/897/662 631/901/666 632/902/667
f 96/897/662 632/902/667 628/898/663
f 96/897/662 630/900/665 633/903/668
f 96/897/662 633/903/668 631/901/666
f 97/904/669 634/905/670 635/906/671
f 97/904/669 635/906/671 636/907/672
f 97/904/669 637/908/673 638/909/674
f 97/904/669 638/909/674 634/905/670
f 97/904/669 636/907/672 639/910/675
f 97/904/669 639/910/675 637/908/673
f 639/911/675 640/912/676 641/913/677
f 637/914/673 639/911/675 641/913/677
f 636/907/672 642/915/678 639/910/675
f 639/910/675 642/915/678 643/916/679
f 639/910/675 643/916/679 644/917/680
f 639/910/675 644/917/680 640/918/676
f 644/919/680 645/920/681 646/921/682
f 640/918/676 644/917/680 646/922/682
f 643/923/679 647/924/683 644/925/680
f 644/925/680 647/924/683 648/926/684
f 644/925/680 648/926/684 649/927/685
f 644/925/680 649/927/685 645/928/681
f 627/929/661 649/930/685 650/931/686
f 627/929/661 645/932/681 649/930/685
f 648/926/684 651/933/687 649/927/685
f 649/927/685 651/933/687 652/934/688
f 649/930/685 652/935/688 653/936/689
f 649/930/685 653/936/689 650/931/686
f 653/936/689 654/937/690 655/938/691
f 650/931/686 653/936/689 655/938/691
f 652/935/688 656/939/692 653/936/689
f 653/936/689 656/939/692 657/940/693
f 653/936/689 657/940/693 658/941/694
f 653/936/689 658/941/694 654/937/690
f 651/933/687 656/942/692 652/934/688
f 651/933/687 659/943/695 656/942/692
f 656/942/692 659/943/695 660/944/696
f 656/942/692 660/944/696 661/945/697
f 656/939/692 661/946/697 662/947/698
f 656/939/692 662/947/698 657/940/693
f 660/944/696 663/948/699 661/945/697
f 661/945/697 663/948/699 664/949/700
f 661/946/697 664/950/700 665/951/701
f 661/946/697 665/951/701 662/947/698
f 663/948/699 666/952/702 664/949/700
f 664/953/700 666/954/702 667/955/703
f 664/953/700 667/955/703 668/956/704
f 664/953/700 668/956/704 665/957/701
f 666/954/702 669/958/705 667/955/703
f 667/955/703 669/958/705 670/959/706
f 667/955/703 670/959/706 671/960/707
f 667/955/703 671/960/707 668/956/704
f 671/960/707 672/961/708 673/962/709
f 668/956/704 671/960/707 673/962/709
f 670/959/706 674/963/710 671/960/707
f 671/960/707 674/963/710 675/964/711
f 671/965/707 675/966/711 676/967/712
f 671/965/707 676/967/712 672/968/708
f 676/967/712 677/969/713 678/970/714
f 672/968/708 676/967/712 678/970/714
f 675/966/711 679/971/715 676/967/712
f 676/967/712 679/971/715 680/972/716
f 676/967/712 680/972/716 681/973/717
f 676/967/712 681/973/717 677/969/713
f 565/974/589 681/973/717 682/975/718
f 565/974/589 677/969/713 681/973/717
f 680/972/716 683/976/719 681/973/717
f 681/977/717 683/978/719 684/979/720
f 681/977/717 684/979/720 685/980/721
f 681/981/717 685/982/721 682/983/718
f 685/982/721 686/984/722 687/985/723
f 682/983/718 685/982/721 687/985/723
f 684/979/720 688/986/724 685/980/721
f 685/980/721 688/986/724 689/987/725
f 685/982/721 689/988/725 690/989/726
f 685/982/721 690/989/726 686/984/722
f 690/989/726 691/990/727 692/991/728
f 686/984/722 690/989/726 692/991/728
f 689/988/725 693/992/729 690/989/726
f 690/989/726 693/992/729 694/993/730
f 690/989/726 694/993/730 695/994/731
f 690/989/726 695/994/731 691/990/727
f 695/994/731 696/995/732 697/996/733
f 691/990/727 695/994/731 697/996/733
f 694/993/730 698/997/734 695/994/731
f 695/998/731 698/999/734 699/1000/735
f 695/998/731 699/1000/735 700/1001/736
f 695/998/731 700/1001/736 696/1002/732
f 700/1001/736 701/1003/737 702/1004/738
f 696/1002/732 700/1001/736 702/1004/738
f 699/1000/735 703/1005/739 700/1001/736
f 700/1001/736 703/1005/739 704/1006/740
f 700/1001/736 704/1006/740 705/1007/741
f 700/1001/736 705/1007/741 701/1003/737
f 705/1007/741 706/1008/742 707/1009/743
f 701/1003/737 705/1007/741 707/1009/743
f 704/1010/740 708/1011/744 705/1012/741
f 705/1012/741 708/1011/744 709/1013/745
f 705/1012/741 709/1013/745 710/1014/746
f 705/1012/741 710/1014/746 706/1015/742
f 710/1014/746 711/1016/747 712/1017/748
f 706/1015/742 710/1014/746 712/1017/748
f 709/1018/745 713/1019/749 710/1020/746
f 710/1020/746 713/1019/749 714/1021/750
f 710/1020/746 714/1021/750 715/1022/751
f 710/1020/746 715/1022/751 711/1023/747
f 715/1022/751 716/1024/752 717/1025/753
f 711/1023/747 715/1022/751 717/1025/753
f 714/1021/750 718/1026/754 715/1022/751
f 715/1022/751 718/1026/754 719/1027/755
f 715/1022/751 719/1027/755 720/1028/756
f 715/1022/751 720/1028/756 716/1024/752
f 720/1028/756 721/1029/757 722/1030/758
f 716/1024/752 720/1028/756 722/1030/758
f 719/1027/755 723/1031/759 720/1028/756
f 720/1032/756 723/1033/759 724/1034/760
f 720/1032/756 724/1034/760 725/1035/761
f 720/1028/756 725/1036/761 721/1029/757
f 725/1035/761 726/1037/762 727/1038/763
f 721/1029/757 725/1036/761 727/1039/763
f 724/1034/760 728/1040/764 725/1035/761
f 725/1035/761 728/1040/764 729/1041/765
f 725/1035/761 729/1041/765 730/1042/766
f 725/1035/761 730/1042/766 726/1037/762
f 730/1042/766 731/1043/767 732/1044/768
f 726/1037/762 730/1042/766 732/1044/768
f 729/1045/765 733/1046/769 730/1047/766
f 730/1047/766 733/1046/769 734/1048/770
f 730/1042/766 734/1049/770 735/1050/771
f 730/1042/766 735/1050/771 731/1043/767
f 735/1050/771 736/1051/772 737/1052/773
f 731/1043/767 735/1050/771 737/1052/773
f 734/1048/770 738/1053/774 735/1054/771
f 735/1054/771 738/1053/774 739/1055/775
f 735/1056/771 739/1057/775 740/1058/776
f 735/1056/771 740/1058/776 736/1059/772
f 740/1060/776 741/1061/777 742/1062/778
f 736/1063/772 740/1064/776 742/1065/778
f 739/1057/775 743/1066/779 740/1058/776
f 740/1058/776 743/1066/779 744/1067/780
f 740/1060/776 744/1068/780 745/1069/781
f 740/1060/776 745/1069/781 741/1061/777
f 745/1069/781 746/1070/782 747/1071/783
f 741/1061/777 745/1069/781 747/1071/783
f 744/1072/780 748/1073/784 745/1074/781
f 745/1075/781 748/1076/784 749/1077/785
f 508/664/480 749/1078/785 509/665/481
f 508/1079/480 519/1080/786 749/1077/785
f 519/1080/786 745/1075/781 749/1077/785
f 519/1081/786 746/1082/782 745/1083/781
f 508/664/480 751/1084/787 750/1085/788
f 750/1085/788 751/1084/787 752/1086/789
f 750/1087/788 752/1088/789 753/1089/790
f 750/1087/788 753/1089/790 754/1090/791
f 753/1091/790 755/1092/792 754/1093/791
f 754/1093/791 755/1092/792 756/1094/793
f 746/1095/782 754/1093/791 756/1094/793
f 519/1096/786 754/1090/791 746/1097/782
f 755/1098/792 757/1099/794 756/1100/793
f 756/1101/793 757/1102/794 758/1103/795
f 747/1071/783 756/1101/793 758/1103/795
f 746/1070/782 756/1101/793 747/1071/783
f 757/1102/794 759/1104/796 760/1105/797
f 757/1102/794 760/1105/797 761/1106/798
f 757/1102/794 761/1106/798 762/1107/799
f 757/1102/794 762/1107/799 758/1103/795
f 755/1098/792 763/1108/800 757/1099/794
f 757/1099/794 763/1108/800 759/1109/796
f 763/1110/800 764/1111/801 765/1112/802
f 759/1109/796 763/1108/800 765/1113/802
f 753/1091/790 763/1110/800 755/1092/792
f 753/1091/790 766/1114/803 763/1110/800
f 763/1110/800 766/1114/803 767/1115/804
f 763/1110/800 767/1115/804 764/1111/801
f 547/754/547 767/1115/804 548/755/548
f 547/754/547 764/1111/801 767/1115/804
f 766/1114/803 768/1116/805 767/1115/804
f 767/1115/804 768/1116/805 769/1117/806
f 767/1115/804 769/1117/806 770/1118/807
f 548/755/548 767/1115/804 770/1118/807
f 549/759/549 770/1119/807 579/820/605
f 548/755/548 770/1118/807 549/756/549
f 769/1117/806 771/1120/808 770/1118/807
f 770/1118/807 771/1120/808 772/1121/809
f 575/1122/601 770/1118/807 772/1121/809
f 575/821/601 579/820/605 770/1119/807
f 771/1123/808 773/1124/810 772/1125/809
f 772/1125/809 773/1124/810 774/1126/811
f 576/816/602 772/1127/809 774/1128/811
f 575/815/601 772/1127/809 576/816/602
f 773/1124/810 775/1129/812 774/1126/811
f 774/1126/811 775/1129/812 776/1130/813
f 774/1126/811 776/1130/813 777/1131/814
f 576/816/602 774/1128/811 777/1132/814
f 776/1130/813 778/1133/815 777/1131/814
f 777/1131/814 778/1133/815 779/1134/816
f 777/1132/814 779/1135/816 780/1136/817
f 777/1132/814 780/1136/817 781/1137/818
f 577/817/603 777/1132/814 781/1137/818
f 576/816/602 777/1132/814 577/817/603
f 780/1136/817 782/1138/819 781/1137/818
f 582/827/609 781/1137/818 782/1138/819
f 580/822/606 781/1137/818 582/827/609
f 577/817/603 781/1137/818 580/822/606
f 574/813/599 782/1138/819 780/1136/817
f 573/812/598 782/1138/819 574/813/599
f 572/811/597 782/1138/819 573/812/598
f 572/811/597 783/1139/820 782/1138/819
f 581/828/608 782/1138/819 783/1139/820
f 581/828/608 582/827/609 782/1138/819
f 572/1140/597 784/1141/821 783/1142/820
f 552/764/555 783/1142/820 784/1141/821
f 551/763/554 783/1142/820 552/764/555
f 551/763/554 581/826/608 783/1142/820
f 561/795/584 784/1141/821 572/1140/597
f 560/794/583 784/1141/821 561/795/584
f 532/714/520 784/1141/821 560/794/583
f 531/713/519 784/1141/821 532/714/520
f 2962/1143/537 2947/1144/822 540/766/557 2954/1145/823
f 540/766/557 552/764/555 784/1141/821 2954/1145/823
f 779/1135/816 785/1146/824 780/1136/817
f 574/813/599 780/1136/817 785/1146/824
f 785/1147/824 786/1148/825 787/1149/826
f 785/1147/824 787/1149/826 788/1150/827
f 571/810/596 785/1146/824 788/1151/827
f 571/810/596 574/813/599 785/1146/824
f 778/1133/815 785/1147/824 779/1134/816
f 778/1133/815 786/1148/825 785/1147/824
f 787/1149/826 789/1152/828 788/1150/827
f 563/799/586 788/1151/827 789/1153/828
f 562/798/585 788/1151/827 563/799/586
f 562/798/585 571/810/596 788/1151/827
f 530/1154/512 789/1152/828 790/1155/829
f 529/705/511 789/1156/828 530/706/512
f 529/724/511 534/723/527 789/1157/828
f 534/1158/527 563/799/586 789/1153/828
f 787/1149/826 791/1159/830 789/1152/828
f 789/1152/828 791/1159/830 790/1155/829
f 791/1160/830 792/1161/831 793/1162/832
f 790/1155/829 791/1159/830 793/1163/832
f 786/1148/825 791/1159/830 787/1149/826
f 786/1148/825 794/1164/833 791/1159/830
f 791/1160/830 794/1165/833 795/1166/834
f 791/1160/830 795/1166/834 792/1161/831
f 516/684/493 796/1167/835 795/1166/834
f 792/1161/831 795/1166/834 796/1167/835
f 794/1165/833 797/1168/836 795/1166/834
f 795/1166/834 797/1168/836 798/1169/837
f 517/685/494 795/1166/834 798/1169/837
f 516/684/493 795/1166/834 517/685/494
f 775/1170/812 798/1169/837 797/1168/836
f 775/1170/812 799/1171/838 798/1169/837
f 798/1169/837 799/1171/838 800/1172/839
f 517/685/494 798/1169/837 800/1172/839
f 77/1173/489 800/1174/839 801/1175/840
f 77/683/489 517/685/494 800/1172/839
f 799/1176/838 802/1177/841 800/1174/839
f 800/1174/839 802/1177/841 803/1178/842
f 507/663/479 800/1174/839 803/1178/842
f 507/663/479 801/1175/840 800/1174/839
f 802/1177/841 804/1179/843 803/1178/842
f 751/1084/787 803/1178/842 804/1179/843
f 508/664/480 803/1178/842 751/1084/787
f 507/663/479 803/1178/842 508/664/480
f 769/1180/806 804/1181/843 771/1182/808
f 768/1183/805 804/1181/843 769/1180/806
f 752/1088/789 804/1181/843 768/1183/805
f 751/1084/787 804/1179/843 752/1086/789
f 773/1184/810 804/1179/843 802/1177/841
f 771/1185/808 804/1179/843 773/1184/810
f 775/1186/812 802/1177/841 799/1176/838
f 773/1184/810 802/1177/841 775/1186/812
f 504/666/482 801/1175/840 505/667/483
f 77/1173/489 801/1175/840 504/666/482
f 506/662/478 801/1175/840 507/663/479
f 505/667/483 801/1175/840 506/662/478
f 786/1148/825 797/1187/836 794/1164/833
f 778/1133/815 797/1187/836 786/1148/825
f 776/1130/813 797/1187/836 778/1133/815
f 775/1129/812 797/1187/836 776/1130/813
f 796/1188/835 805/1189/844 806/1190/845
f 796/1188/835 806/1190/845 807/1191/846
f 793/1192/832 796/1188/835 807/1191/846
f 792/1193/831 796/1188/835 793/1192/832
f 515/681/492 796/1188/835 516/682/493
f 515/681/492 805/1189/844 796/1188/835
f 806/1194/845 808/1195/847 807/1196/846
f 807/1196/846 808/1195/847 809/1197/848
f 807/1196/846 809/1197/848 810/1198/849
f 793/1199/832 807/1196/846 810/1198/849
f 809/1197/848 811/1200/850 810/1198/849
f 810/1198/849 811/1200/850 812/1201/851
f 526/698/504 810/1202/849 812/1203/851
f 526/698/504 530/706/512 810/1202/849
f 530/1204/512 790/1205/829 810/1198/849
f 790/1205/829 793/1199/832 810/1198/849
f 811/1206/850 813/1207/852 812/1203/851
f 812/1203/851 813/1207/852 814/1208/853
f 527/699/505 812/1203/851 814/1208/853 3119/1209/854
f 526/698/504 812/1203/851 527/699/505
f 813/1210/852 815/1211/855 814/1212/853
f 814/1212/853 815/1211/855 816/1213/856
f 814/1208/853 816/1214/856 817/1215/857
f 3119/1209/854 814/1208/853 817/1215/857 3120/1216/858
f 816/1217/856 818/1218/859 817/1219/857
f 817/1219/857 818/1218/859 819/1220/860
f 523/696/500 817/1219/857 819/1220/860
f 523/696/500 525/695/502 817/1219/857
f 525/695/502 528/720/509 3023/1221/861 817/1219/857
f 3153/1222/862 3023/1223/861 528/703/509 3118/702/508
f 818/1224/859 820/1225/863 819/1226/860
f 819/1227/860 820/1228/863 821/1229/864
f 524/1230/501 819/1220/860 821/1231/864
f 523/696/500 819/1220/860 524/1230/501
f 820/1228/863 822/1232/865 821/1229/864
f 821/1229/864 822/1232/865 823/1233/866
f 821/1229/864 823/1233/866 824/1234/867
f 524/1235/501 821/1236/864 824/1237/867
f 823/1233/866 825/1238/868 824/1234/867
f 824/1234/867 825/1238/868 826/1239/869
f 537/727/530 824/1237/867 826/1240/869
f 536/726/529 824/1237/867 537/727/530
f 520/1241/497 824/1237/867 536/726/529
f 520/1241/497 524/1235/501 824/1237/867
f 825/1238/868 827/1242/870 826/1239/869
f 826/1239/869 827/1242/870 828/1243/871
f 826/1240/869 828/1244/871 829/1245/872
f 537/727/530 826/1240/869 829/1245/872
f 828/1244/871 830/1246/873 829/1245/872
f 557/783/572 829/1245/872 830/1246/873
f 556/782/571 829/1245/872 557/783/572
f 556/782/571 831/1247/874 829/1245/872
f 538/728/531 829/1245/872 831/1247/874
f 537/727/530 829/1245/872 538/728/531
f 2928/1248/875 832/1249/876 2929/1250/877
f 538/1251/531 831/1252/874 833/1253/878
f 555/779/570 831/1252/874 556/780/571
f 2938/1254/879 2911/1255/880 832/1249/876 2928/1248/875
f 522/690/499 833/1253/878 533/1256/881
f 521/689/498 833/1253/878 522/690/499
f 521/689/498 535/1257/528 833/1253/878
f 535/1257/528 538/1251/531 833/1253/878
f 2940/1258/882 2929/1250/877 832/1249/876 2913/1259/883
f 80/1260/523 533/1256/881 833/1253/878
f 2932/1261/884 2938/1254/879 555/779/570 2859/1262/885
f 2913/1263/883 832/1264/876 539/770/561 2912/1265/886
f 541/746/540 830/1246/873 834/1266/887
f 541/746/540 545/745/544 830/1246/873
f 545/745/544 558/784/573 830/1246/873
f 557/783/572 830/1246/873 558/784/573
f 827/1242/870 830/1267/873 828/1243/871
f 827/1242/870 834/1268/887 830/1267/873
f 542/739/541 834/1268/887 835/1269/888
f 541/738/540 834/1268/887 542/739/541
f 827/1242/870 836/1270/889 834/1268/887
f 834/1268/887 836/1270/889 835/1269/888
f 836/1270/889 837/1271/890 838/1272/891
f 835/1269/888 836/1270/889 838/1272/891
f 825/1238/868 836/1270/889 827/1242/870
f 825/1238/868 839/1273/892 836/1270/889
f 836/1270/889 839/1273/892 840/1274/893
f 836/1270/889 840/1274/893 837/1271/890
f 840/1275/893 841/1276/894 842/1277/895
f 837/1278/890 840/1275/893 842/1277/895
f 822/1232/865 840/1274/893 839/1273/892
f 822/1279/865 843/1280/896 840/1275/893
f 840/1275/893 843/1280/896 844/1281/897
f 840/1275/893 844/1281/897 841/1276/894
f 844/1281/897 845/1282/898 846/1283/899
f 841/1276/894 844/1281/897 846/1283/899
f 843/1280/896 847/1284/900 844/1281/897
f 844/1281/897 847/1284/900 848/1285/901
f 844/1281/897 848/1285/901 849/1286/902
f 844/1281/897 849/1286/902 845/1282/898
f 849/1287/902 850/1288/903 851/1289/904
f 845/1290/898 849/1287/902 851/1289/904
f 848/1285/901 852/1291/905 849/1286/902
f 849/1292/902 852/1293/905 853/1294/906
f 849/1287/902 853/1295/906 854/1296/907
f 849/1287/902 854/1296/907 850/1288/903
f 854/1296/907 855/1297/908 856/1298/909
f 850/1288/903 854/1296/907 856/1298/909
f 853/1295/906 857/1299/910 854/1296/907
f 854/1296/907 857/1299/910 858/1300/911
f 854/1296/907 858/1300/911 859/1301/912
f 854/1296/907 859/1301/912 855/1297/908
f 859/1302/912 860/1303/913 861/1304/914
f 855/1297/908 859/1301/912 861/1305/914
f 858/1306/911 862/1307/915 859/1308/912
f 859/1308/912 862/1307/915 863/1309/916
f 859/1302/912 863/1310/916 864/1311/917
f 859/1302/912 864/1311/917 860/1303/913
f 864/1311/917 865/1312/918 866/1313/919
f 860/1303/913 864/1311/917 866/1313/919
f 863/1310/916 867/1314/920 864/1311/917
f 864/1311/917 867/1314/920 868/1315/921
f 864/1311/917 868/1315/921 869/1316/922
f 864/1311/917 869/1316/922 865/1312/918
f 869/1317/922 870/1318/923 871/1319/924
f 865/1312/918 869/1316/922 871/1320/924
f 868/1315/921 872/1321/925 869/1316/922
f 869/1316/922 872/1321/925 873/1322/926
f 869/1317/922 873/1323/926 874/1324/927
f 869/1317/922 874/1324/927 870/1318/923
f 874/1324/927 875/1325/928 876/1326/929
f 870/1318/923 874/1324/927 876/1326/929
f 873/1327/926 877/1328/930 874/1329/927
f 874/1324/927 877/1330/930 878/1331/931
f 874/1324/927 878/1331/931 879/1332/932
f 874/1324/927 879/1332/932 875/1325/928
f 879/1332/932 880/1333/933 881/1334/934
f 875/1325/928 879/1332/932 881/1334/934
f 878/1331/931 882/1335/935 879/1332/932
f 879/1332/932 882/1335/935 883/1336/936
f 879/1332/932 883/1336/936 884/1337/937
f 879/1332/932 884/1337/937 880/1333/933
f 884/1338/937 885/1339/938 886/1340/939
f 880/1341/933 884/1338/937 886/1340/939
f 883/1336/936 887/1342/940 884/1337/937
f 484/1343/458 884/1337/937 887/1342/940
f 483/634/457 884/1338/937 484/635/458
f 483/634/457 885/1339/938 884/1338/937
f 485/1344/459 887/1345/940 888/1346/941
f 484/1347/458 887/1348/940 485/1349/459
f 882/1350/935 887/1351/940 883/1352/936
f 882/1350/935 889/1353/942 887/1351/940
f 887/1351/940 889/1353/942 890/1354/943
f 887/1345/940 890/1355/943 888/1346/941
f 890/1355/943 891/1356/944 892/1357/945
f 888/1346/941 890/1355/943 892/1357/945
f 889/1353/942 893/1358/946 890/1354/943
f 890/1355/943 893/1359/946 894/1360/947
f 890/1355/943 894/1360/947 895/1361/948
f 890/1355/943 895/1361/948 891/1356/944
f 895/1362/948 896/1363/949 897/1364/950
f 891/1365/944 895/1362/948 897/1364/950
f 894/1360/947 898/1366/951 895/1361/948
f 895/1361/948 898/1366/951 899/1367/952
f 895/1368/948 899/1369/952 900/1370/953
f 895/1362/948 900/1371/953 896/1363/949
f 900/1371/953 901/1372/954 902/1373/955
f 896/1363/949 900/1371/953 902/1373/955
f 899/1369/952 903/1374/956 900/1370/953
f 900/1370/953 903/1374/956 904/1375/957
f 900/1376/953 904/1377/957 905/1378/958
f 900/1376/953 905/1378/958 901/1379/954
f 905/1380/958 906/1381/959 907/1382/960
f 901/1383/954 905/1380/958 907/1382/960
f 904/1377/957 908/1384/961 905/1378/958
f 905/1378/958 908/1384/961 909/1385/962
f 905/1378/958 909/1385/962 910/1386/963
f 905/1380/958 910/1387/963 906/1381/959
f 910/1388/963 911/1389/964 912/1390/965
f 906/1391/959 910/1388/963 912/1390/965
f 420/1392/386 910/1386/963 909/1385/962
f 420/1393/386 913/1394/966 910/1395/963
f 910/1388/963 913/1396/966 914/1397/967
f 910/1388/963 914/1397/967 911/1389/964
f 914/1398/967 915/1399/968 916/1400/969
f 911/1389/964 914/1397/967 916/1401/969
f 265/288/200 914/1397/967 913/1396/966
f 262/287/197 914/1397/967 265/288/200
f 261/278/196 914/1398/967 262/279/197
f 261/278/196 915/1399/968 914/1398/967
f 916/1400/969 917/1402/970 918/1403/971
f 916/1400/969 918/1403/971 919/1404/972
f 912/1405/965 916/1400/969 919/1404/972
f 911/1389/964 916/1401/969 912/1390/965
f 915/1399/968 920/1406/973 916/1400/969
f 916/1400/969 920/1406/973 917/1402/970
f 920/1407/973 921/1408/974 922/1409/975
f 917/1410/970 920/1411/973 922/1412/975
f 261/278/196 920/1406/973 915/1399/968
f 261/1413/196 923/1414/976 920/1415/973
f 206/1416/125 920/1415/973 923/1414/976
f 206/1416/125 921/1417/974 920/1415/973
f 260/275/195 923/1418/976 261/276/196
f 260/275/195 924/1419/977 923/1418/976
f 207/176/126 923/1418/976 924/1419/977
f 206/175/125 923/1418/976 207/176/126
f 260/285/195 264/284/199 924/1420/977
f 264/284/199 925/1421/978 924/1420/977
f 924/1420/977 925/1421/978 926/1422/979
f 207/1423/126 924/1420/977 926/1422/979
f 925/1421/978 927/1424/980 926/1422/979
f 926/1425/979 927/1426/980 928/1427/981
f 926/1425/979 928/1427/981 929/1428/982
f 198/163/116 926/1422/979 929/1429/982
f 197/162/115 926/1422/979 198/163/116
f 197/162/115 207/1423/126 926/1422/979
f 928/1430/981 930/1431/983 929/1432/982
f 929/1432/982 930/1431/983 931/1433/984
f 929/1432/982 931/1433/984 932/1434/985
f 929/1435/982 932/1436/985 933/1437/986
f 199/164/117 929/1429/982 933/1438/986
f 198/163/116 929/1429/982 199/164/117
f 932/1434/985 934/1439/987 933/1440/986
f 933/1441/986 934/1442/987 935/1443/988
f 203/170/121 933/1438/986 935/1444/988
f 199/164/117 933/1438/986 203/170/121
f 274/304/211 935/1443/988 934/1442/987
f 273/303/210 935/1443/988 274/304/211
f 273/303/210 936/1445/989 935/1443/988
f 203/170/121 935/1444/988 936/1446/989
f 200/165/118 936/1446/989 937/1447/990
f 200/165/118 203/170/121 936/1446/989
f 249/256/178 936/1445/989 273/303/210
f 249/256/178 938/1448/991 936/1445/989
f 936/1446/989 938/1449/991 939/1450/992
f 936/1446/989 939/1450/992 937/1447/990
f 939/1450/992 940/1451/993 941/1452/994
f 937/1447/990 939/1450/992 941/1452/994
f 179/1453/182 939/1450/992 938/1449/991
f 178/133/97 939/1450/992 179/1453/182
f 178/133/97 183/135/96 939/1450/992
f 183/135/96 940/1451/993 939/1450/992
f 941/1454/994 942/1455/995 943/1456/996
f 201/168/119 941/1454/994 943/1456/996
f 200/165/118 941/1452/994 201/166/119
f 200/165/118 937/1447/990 941/1452/994
f 940/1451/993 944/1457/997 941/1452/994
f 941/1454/994 944/1458/997 942/1455/995
f 944/1459/997 945/1460/998 946/1461/999
f 942/1455/995 944/1458/997 946/1462/999
f 183/135/96 944/1457/997 940/1451/993
f 183/135/96 947/1463/1000 944/1457/997
f 944/1464/997 947/1465/1000 948/1466/1001
f 944/1464/997 948/1466/1001 945/1467/998
f 125/1468/34 949/1469/1002 948/1466/1001
f 945/1467/998 948/1466/1001 949/1469/1002
f 947/1465/1000 950/1470/1003 948/1466/1001
f 948/1466/1001 950/1470/1003 951/1471/1004
f 126/1472/35 948/1466/1001 951/1471/1004
f 125/1468/34 948/1466/1001 126/1472/35
f 950/1473/1003 952/1474/1005 951/1475/1004
f 951/1475/1004 952/1474/1005 953/1476/1006
f 951/1475/1004 953/1476/1006 954/1477/1007
f 126/1478/35 951/1475/1004 954/1477/1007
f 953/1476/1006 955/1479/1008 954/1477/1007
f 954/1477/1007 955/1479/1008 956/1480/1009
f 954/1477/1007 956/1480/1009 957/1481/1010
f 954/1477/1007 957/1481/1010 958/1482/1011
f 7/1483/26 954/1477/1007 958/1482/1011
f 7/45/26 126/47/35 954/1484/1007
f 957/1481/1010 959/1485/1012 958/1482/1011
f 958/1482/1011 959/1485/1012 960/1486/1013
f 122/1487/30 958/1482/1011 960/1486/1013
f 7/36/26 958/1488/1011 122/40/30
f 959/1485/1012 961/1489/1014 960/1486/1013
f 960/1486/1013 961/1489/1014 962/1490/1015
f 960/1486/1013 962/1490/1015 963/1491/1016
f 122/40/30 960/1492/1013 963/1493/1016
f 962/1494/1015 964/1495/1017 963/1496/1016
f 963/1496/1016 964/1495/1017 965/1497/1018
f 963/1498/1016 965/1499/1018 966/1500/1019
f 963/1498/1016 966/1500/1019 967/1501/1020
f 120/41/31 963/1493/1016 967/1502/1020
f 120/41/31 122/40/30 963/1493/1016
f 966/1500/1019 968/1503/1021 967/1501/1020
f 967/1501/1020 968/1503/1021 969/1504/1022
f 117/1505/1023 967/1502/1020 969/1506/1022
f 117/1505/1023 120/41/31 967/1502/1020
f 106/1507/13 969/1504/1022 968/1503/1021
f 106/1507/13 970/1508/1024 969/1504/1022
f 118/38/28 969/1506/1022 970/1509/1024
f 117/1505/1023 969/1506/1022 118/38/28
f 2/1510/2 970/1508/1024 106/1507/13
f 2/1510/2 971/1511/1025 970/1508/1024
f 121/39/29 970/1509/1024 971/1512/1025
f 118/38/28 970/1509/1024 121/39/29
f 2/1510/2 5/16/11 971/1511/1025
f 5/16/11 972/1513/1026 971/1511/1025
f 123/42/32 971/1512/1025 972/1514/1026
f 121/39/29 971/1512/1025 123/42/32
f 5/16/11 105/15/12 972/1513/1026
f 105/15/12 973/1515/1027 972/1513/1026
f 972/1514/1026 973/1516/1027 974/1517/1028
f 123/42/32 972/1514/1026 974/1517/1028
f 973/1516/1027 975/1518/1029 974/1517/1028
f 974/1519/1028 975/1520/1029 976/1521/1030
f 974/1519/1028 976/1521/1030 977/1522/1031
f 974/1519/1028 977/1522/1031 978/1523/1032
f 124/43/33 974/1517/1028 978/1524/1032
f 123/42/32 974/1517/1028 124/43/33
f 977/1522/1031 979/1525/1033 978/1523/1032
f 949/1526/1002 978/1523/1032 979/1525/1033
f 125/1468/34 978/1527/1032 949/1469/1002
f 124/43/33 978/1524/1032 125/44/34
f 977/1522/1031 980/1528/1034 979/1525/1033
f 979/1525/1033 980/1528/1034 981/1529/1035
f 979/1525/1033 981/1529/1035 982/1530/1036
f 946/1461/999 979/1525/1033 982/1530/1036
f 945/1460/998 979/1525/1033 946/1461/999
f 945/1460/998 949/1526/1002 979/1525/1033
f 981/1529/1035 983/1531/1037 982/1530/1036
f 982/1530/1036 983/1531/1037 984/1532/1038
f 204/172/123 982/1533/1036 984/1534/1038
f 204/172/123 943/1456/996 982/1533/1036
f 942/1455/995 982/1533/1036 943/1456/996
f 942/1455/995 946/1462/999 982/1533/1036
f 218/1535/142 984/1532/1038 983/1531/1037
f 217/1536/141 984/1532/1038 218/1535/142
f 205/173/124 984/1534/1038 217/203/141
f 204/172/123 984/1534/1038 205/173/124
f 129/51/39 983/1531/1037 130/54/42
f 129/51/39 218/1535/142 983/1531/1037
f 980/1528/1034 983/1531/1037 981/1529/1035
f 130/54/42 983/1531/1037 980/1528/1034
f 131/52/40 980/1528/1034 985/1537/1039
f 130/54/42 980/1528/1034 131/52/40
f 976/1521/1030 980/1528/1034 977/1522/1031
f 976/1521/1030 985/1537/1039 980/1528/1034
f 975/1520/1029 985/1537/1039 976/1521/1030
f 975/1538/1029 986/1539/1040 985/1540/1039
f 112/28/21 985/1540/1039 986/1539/1040
f 112/1541/21 131/52/40 985/1537/1039
f 975/1538/1029 987/1542/1041 986/1539/1040
f 986/1539/1040 987/1542/1041 988/1543/1042
f 113/29/22 986/1539/1040 988/1543/1042
f 112/28/21 986/1539/1040 113/29/22
f 102/1544/8 988/1543/1042 987/1542/1041
f 102/1544/8 989/1545/1043 988/1543/1042
f 988/1543/1042 989/1545/1043 990/1546/1044
f 113/29/22 988/1543/1042 990/1546/1044
f 989/1547/1043 991/1548/1045 990/1549/1044
f 990/1549/1044 991/1548/1045 992/1550/1046
f 990/1549/1044 992/1550/1046 993/1551/1047
f 108/1552/17 990/1549/1044 993/1551/1047
f 6/21/16 990/1546/1044 108/22/17
f 6/21/16 113/29/22 990/1546/1044
f 992/1550/1046 994/1553/1048 993/1551/1047
f 134/57/45 993/1554/1047 994/1555/1048
f 133/56/44 993/1554/1047 134/57/45
f 133/56/44 995/1556/1049 993/1554/1047
f 109/1557/18 993/1558/1047 995/1559/1049
f 108/22/17 993/1560/1047 109/23/18
f 133/56/44 137/62/48 995/1556/1049
f 137/62/48 159/1561/73 995/1556/1049
f 140/1562/52 995/1563/1049 159/1564/73
f 109/1565/18 995/1566/1049 140/1567/52
f 991/1548/1045 994/1553/1048 992/1550/1046
f 991/1548/1045 996/1568/1050 994/1553/1048
f 994/1569/1048 996/1570/1050 997/1571/1051
f 994/1569/1048 997/1571/1051 998/1572/1052
f 135/60/46 994/1569/1048 998/1572/1052
f 134/59/45 994/1569/1048 135/60/46
f 177/1573/93 998/1572/1052 997/1571/1051
f 177/1573/93 999/1574/1053 998/1572/1052
f 998/1572/1052 999/1574/1053 1000/1575/1054
f 135/60/46 998/1572/1052 1000/1575/1054
f 999/1576/1053 1001/1577/1055 1000/1578/1054
f 1000/1578/1054 1001/1577/1055 1002/1579/1056
f 1000/1578/1054 1002/1579/1056 1003/1580/1057
f 1000/1575/1054 1003/1581/1057 1004/1582/1058
f 9/58/43 1000/1575/1054 1004/1582/1058
f 9/58/43 135/60/46 1000/1575/1054
f 1003/1583/1057 1005/1584/1059 1004/1585/1058
f 1004/1586/1058 1005/1587/1059 1006/1588/1060
f 138/1589/49 1004/1582/1058 1006/1590/1060
f 9/58/43 1004/1582/1058 138/1589/49
f 1005/1587/1059 1007/1591/1061 1006/1588/1060
f 1006/1588/1060 1007/1591/1061 1008/1592/1062
f 1006/1590/1060 1008/1593/1062 1009/1594/1063
f 138/1589/49 1006/1590/1060 1009/1594/1063
f 139/1595/50 1009/1596/1063 1010/1597/1064
f 138/1598/49 1009/1596/1063 139/1595/50
f 1008/1593/1062 1011/1599/1065 1009/1594/1063
f 1009/1594/1063 1011/1599/1065 1012/1600/1066
f 1009/1596/1063 1012/1601/1066 1013/1602/1067
f 1009/1596/1063 1013/1602/1067 1010/1597/1064
f 171/119/86 1013/1602/1067 1012/1601/1066
f 170/118/85 1013/1602/1067 171/119/86
f 170/118/85 175/126/90 1013/1602/1067
f 175/126/90 1014/1603/1068 1013/1602/1067
f 1013/1602/1067 1014/1603/1068 1015/1604/1069
f 1010/1597/1064 1013/1602/1067 1015/1604/1069
f 139/1605/50 1015/1606/1069 1016/1607/1070
f 139/1595/50 1010/1597/1064 1015/1604/1069
f 1014/1608/1068 1017/1609/1071 1015/1610/1069
f 1015/1610/1069 1017/1609/1071 1018/1611/1072
f 1015/1610/1069 1018/1611/1072 1019/1612/1073
f 1015/1610/1069 1019/1612/1073 1016/1613/1070
f 1019/1614/1073 1020/1615/1074 1021/1616/1075
f 1016/1613/1070 1019/1612/1073 1021/1617/1075
f 238/234/164 1019/1612/1073 1018/1611/1072
f 237/233/163 1019/1612/1073 238/234/164
f 237/233/163 240/237/166 1019/1612/1073
f 240/237/166 1020/1618/1074 1019/1612/1073
f 137/100/48 1021/1619/1075 160/98/74
f 136/1620/47 1021/1619/1075 137/100/48
f 136/61/47 139/64/50 1021/1621/1075
f 139/1605/50 1016/1607/1070 1021/1622/1075
f 1020/1615/1074 1022/1623/1076 1021/1616/1075
f 160/1624/74 1021/1616/1075 1022/1623/1076
f 161/1625/75 1022/1623/1076 1023/1626/1077
f 160/1624/74 1022/1623/1076 161/1625/75
f 240/1627/166 1022/1623/1076 1020/1615/1074
f 209/1628/129 1022/1623/1076 240/1627/166
f 208/1629/128 1022/1623/1076 209/1628/129
f 208/1629/128 1023/1626/1077 1022/1623/1076
f 1023/1626/1077 1024/1630/1078 1025/1631/1079
f 161/1625/75 1023/1626/1077 1025/1631/1079
f 208/178/128 213/190/136 1023/1632/1077
f 213/1633/136 1024/1630/1078 1023/1626/1077
f 1025/1631/1079 1026/1634/1080 1027/1635/1081
f 1025/1631/1079 1027/1635/1081 1028/1636/1082
f 157/1637/71 1025/1631/1079 1028/1636/1082
f 157/1637/71 161/1625/75 1025/1631/1079
f 1024/1630/1078 1029/1638/1083 1025/1631/1079
f 1025/1631/1079 1029/1638/1083 1026/1634/1080
f 213/1633/136 1029/1638/1083 1024/1630/1078
f 213/190/136 1030/1639/1084 1029/1640/1083
f 1029/1641/1083 1030/1642/1084 1031/1643/1085
f 1029/1644/1083 1031/1645/1085 1032/1646/1086
f 1029/1644/1083 1032/1646/1086 1033/1647/1087
f 1026/1648/1080 1029/1644/1083 1033/1647/1087
f 1027/1649/1081 1033/1647/1087 1034/1650/1088
f 1026/1648/1080 1033/1647/1087 1027/1649/1081
f 1032/1646/1086 1035/1651/1089 1033/1647/1087
f 1033/1647/1087 1035/1651/1089 1036/1652/1090
f 1033/1647/1087 1036/1652/1090 1037/1653/1091
f 1033/1647/1087 1037/1653/1091 1034/1650/1088
f 1037/1654/1091 1038/1655/1092 1039/1656/1093
f 1037/1654/1091 1039/1656/1093 1040/1657/1094
f 1037/1654/1091 1040/1657/1094 1041/1658/1095
f 1034/1659/1088 1037/1660/1091 1041/1661/1095
f 1036/1662/1090 1042/1663/1096 1037/1664/1091
f 1037/1665/1091 1042/1666/1096 1038/1667/1092
f 1042/1666/1096 1043/1668/1097 1044/1669/1098
f 1038/1667/1092 1042/1666/1096 1044/1669/1098
f 1035/1670/1089 1042/1663/1096 1036/1662/1090
f 1035/1670/1089 1045/1671/1099 1042/1663/1096
f 1042/1663/1096 1045/1671/1099 1046/1672/1100
f 1042/1666/1096 1046/1673/1100 1043/1668/1097
f 220/205/145 224/209/149 1046/1673/1100
f 224/209/149 1043/1668/1097 1046/1673/1100
f 1045/1671/1099 1047/1674/1101 1046/1672/1100
f 1046/1672/1100 1047/1674/1101 1048/1675/1102
f 221/1676/146 1046/1672/1100 1048/1675/1102
f 220/205/145 1046/1673/1100 221/206/146
f 1047/1674/1101 1049/1677/1103 1048/1675/1102
f 1048/1675/1102 1049/1677/1103 1050/1678/1104
f 1048/1675/1102 1050/1678/1104 1051/1679/1105
f 221/1676/146 1048/1675/1102 1051/1679/1105
f 222/1680/147 1051/1679/1105 1052/1681/1106
f 221/1676/146 1051/1679/1105 222/1680/147
f 1050/1678/1104 1053/1682/1107 1051/1679/1105
f 1051/1683/1105 1053/1684/1107 1054/1685/1108
f 258/271/192 1051/1683/1105 1054/1685/1108
f 258/271/192 1052/1686/1106 1051/1683/1105
f 1053/1684/1107 1055/1687/1109 1054/1685/1108
f 1054/1685/1108 1055/1687/1109 1056/1688/1110
f 259/272/193 1054/1685/1108 1056/1688/1110
f 258/271/192 1054/1685/1108 259/272/193
f 1055/1689/1109 1057/1690/1111 1056/1691/1110
f 1056/1691/1110 1057/1690/1111 1058/1692/1112
f 1056/1691/1110 1058/1692/1112 1059/1693/1113
f 259/272/193 1056/1688/1110 1059/1694/1113
f 253/265/187 1059/1695/1113 1060/1696/1114
f 253/265/187 259/273/193 1059/1695/1113
f 1058/1692/1112 1061/1697/1115 1059/1693/1113
f 1059/1698/1113 1061/1699/1115 1062/1700/1116
f 1059/1695/1113 1062/1701/1116 1063/1702/1117
f 1059/1695/1113 1063/1702/1117 1060/1696/1114
f 1062/1701/1116 1064/1703/1118 1063/1702/1117
f 1063/1702/1117 1064/1703/1118 1065/1704/1119
f 1063/1702/1117 1065/1704/1119 1066/1705/1120
f 1063/1702/1117 1066/1705/1120 1067/1706/1121
f 1063/1702/1117 1067/1706/1121 1068/1707/1122
f 1060/1696/1114 1063/1702/1117 1068/1707/1122
f 253/265/187 1068/1707/1122 254/266/188
f 253/265/187 1060/1696/1114 1068/1707/1122
f 1067/1706/1121 1069/1708/1123 1068/1707/1122
f 1068/1709/1122 1069/1710/1123 1070/1711/1124
f 1068/1707/1122 1070/1712/1124 1071/1713/1125
f 254/266/188 1068/1707/1122 1071/1713/1125
f 255/1714/189 1071/1715/1125 1072/1716/1126
f 254/266/188 1071/1713/1125 255/267/189
f 1070/1711/1124 1073/1717/1127 1071/1718/1125
f 1071/1719/1125 1073/1720/1127 1074/1721/1128
f 1071/1719/1125 1074/1721/1128 1075/1722/1129
f 1071/1719/1125 1075/1722/1129 1072/1723/1126
f 1075/1722/1129 1076/1724/1130 1077/1725/1131
f 1072/1723/1126 1075/1722/1129 1077/1725/1131
f 1074/1721/1128 1078/1726/1132 1075/1722/1129
f 1075/1722/1129 1078/1726/1132 1079/1727/1133
f 1075/1722/1129 1079/1727/1133 1080/1728/1134
f 1075/1722/1129 1080/1728/1134 1076/1724/1130
f 1080/1728/1134 1081/1729/1135 1082/1730/1136
f 1076/1724/1130 1080/1728/1134 1082/1730/1136
f 1079/1731/1133 1083/1732/1137 1080/1733/1134
f 1080/1733/1134 1083/1732/1137 1084/1734/1138
f 1080/1733/1134 1084/1734/1138 1085/1735/1139
f 1080/1733/1134 1085/1735/1139 1081/1736/1135
f 1085/1735/1139 1086/1737/1140 1087/1738/1141
f 1081/1736/1135 1085/1735/1139 1087/1738/1141
f 1084/1739/1138 1088/1740/1142 1085/1741/1139
f 1085/1741/1139 1088/1740/1142 1089/1742/1143
f 1085/1741/1139 1089/1742/1143 1090/1743/1144
f 1085/1735/1139 1090/1744/1144 1086/1737/1140
f 1090/1744/1144 1091/1745/1145 1092/1746/1146
f 1086/1737/1140 1090/1744/1144 1092/1746/1146
f 1089/1742/1143 1093/1747/1147 1090/1743/1144
f 1090/1748/1144 1093/1749/1147 1094/1750/1148
f 1090/1748/1144 1094/1750/1148 1095/1751/1149
f 1090/1752/1144 1095/1753/1149 1091/1754/1145
f 1095/1755/1149 1096/1756/1150 1097/1757/1151
f 1091/1754/1145 1095/1753/1149 1097/1758/1151
f 1094/1759/1148 1098/1760/1152 1095/1755/1149
f 1095/1755/1149 1098/1760/1152 1099/1761/1153
f 1095/1755/1149 1099/1761/1153 1100/1762/1154
f 1095/1755/1149 1100/1762/1154 1096/1756/1150
f 1100/1762/1154 1101/1763/1155 1102/1764/1156
f 1096/1756/1150 1100/1762/1154 1102/1764/1156
f 1099/1765/1153 1103/1766/1157 1100/1767/1154
f 1100/1767/1154 1103/1766/1157 1104/1768/1158
f 1100/1767/1154 1104/1768/1158 1105/1769/1159
f 1100/1767/1154 1105/1769/1159 1101/1770/1155
f 292/330/233 1105/1769/1159 293/331/234
f 292/330/233 1101/1770/1155 1105/1769/1159
f 1104/1768/1158 1106/1771/1160 1105/1769/1159
f 1105/1769/1159 1106/1771/1160 1107/1772/1161
f 334/399/284 1105/1769/1159 1107/1772/1161
f 293/331/234 1105/1769/1159 334/399/284
f 1106/1773/1160 1108/1774/1162 1107/1775/1161
f 1107/1775/1161 1108/1774/1162 1109/1776/1163
f 335/402/285 1107/1775/1161 1109/1776/1163
f 334/401/284 1107/1775/1161 335/402/285
f 1108/1774/1162 1110/1777/1164 1109/1776/1163
f 1109/1776/1163 1110/1777/1164 1111/1778/1165
f 291/327/231 1109/1776/1163 1111/1778/1165
f 291/327/231 335/402/285 1109/1776/1163
f 1110/1777/1164 1112/1779/1166 1111/1778/1165
f 1111/1778/1165 1112/1779/1166 1113/1780/1167
f 289/328/229 1111/1778/1165 1113/1780/1167
f 289/328/229 291/327/231 1111/1778/1165
f 1112/1781/1166 1114/1782/1168 1113/1783/1167
f 1113/1784/1167 1114/1785/1168 1115/1786/1169
f 288/321/227 1113/1784/1167 1115/1786/1169
f 288/1787/227 289/1788/229 1113/1789/1167
f 1114/1785/1168 1116/1790/1170 1115/1786/1169
f 1115/1786/1169 1116/1790/1170 1117/1791/1171
f 283/316/222 1115/1786/1169 1117/1791/1171
f 283/316/222 288/321/227 1115/1786/1169
f 1097/1792/1151 1117/1791/1171 1116/1790/1170
f 1097/1792/1151 1118/1793/1172 1117/1791/1171
f 284/317/223 1117/1791/1171 1118/1793/1172
f 283/316/222 1117/1791/1171 284/317/223
f 1096/1794/1150 1118/1793/1172 1097/1792/1151
f 1096/1756/1150 1102/1764/1156 1118/1795/1172
f 296/335/237 1118/1795/1172 1102/1764/1156
f 284/317/223 1118/1793/1172 296/1796/237
f 1114/1785/1168 1119/1797/1173 1116/1790/1170
f 1092/1746/1146 1116/1790/1170 1119/1797/1173
f 1091/1745/1145 1116/1790/1170 1092/1746/1146
f 1091/1745/1145 1097/1792/1151 1116/1790/1170
f 1112/1781/1166 1119/1798/1173 1114/1782/1168
f 1112/1781/1166 1120/1799/1174 1119/1798/1173
f 1119/1798/1173 1120/1799/1174 1121/1800/1175
f 1087/1801/1141 1119/1798/1173 1121/1800/1175
f 1086/1737/1140 1119/1797/1173 1087/1738/1141
f 1086/1737/1140 1092/1746/1146 1119/1797/1173
f 1120/1802/1174 1122/1803/1176 1121/1804/1175
f 1121/1804/1175 1122/1803/1176 1123/1805/1177
f 1121/1804/1175 1123/1805/1177 1124/1806/1178
f 1082/1730/1136 1121/1800/1175 1124/1807/1178
f 1081/1729/1135 1121/1800/1175 1082/1730/1136
f 1081/1729/1135 1087/1801/1141 1121/1800/1175
f 1123/1805/1177 1125/1808/1179 1124/1806/1178
f 1124/1806/1178 1125/1808/1179 1126/1809/1180
f 256/1810/190 1124/1806/1178 1126/1809/1180
f 256/1810/190 1077/1811/1131 1124/1806/1178
f 1076/1812/1130 1124/1806/1178 1077/1811/1131
f 1076/1724/1130 1082/1730/1136 1124/1807/1178
f 1125/1813/1179 1127/1814/1181 1126/1815/1180
f 1126/1815/1180 1127/1814/1181 1128/1816/1182
f 257/269/191 1126/1815/1180 1128/1816/1182
f 256/268/190 1126/1815/1180 257/269/191
f 1127/1814/1181 1129/1817/1183 1128/1816/1182
f 1128/1818/1182 1129/1819/1183 1130/1820/1184
f 1128/1818/1182 1130/1820/1184 1131/1821/1185
f 257/269/191 1128/1816/1182 1131/1822/1185
f 1130/1823/1184 1132/1824/1186 1131/1825/1185
f 1131/1826/1185 1132/1827/1186 1133/1828/1187
f 225/214/150 1131/1829/1185 1133/1830/1187
f 225/1831/150 1134/1832/1188 1131/1833/1185
f 31/270/186 1131/1834/1185 1134/1835/1188
f 31/264/186 257/269/191 1131/1822/1185
f 222/211/147 1134/1836/1188 225/212/150
f 222/1680/147 1052/1681/1106 1134/1837/1188
f 258/271/192 1134/1835/1188 1052/1686/1106
f 31/270/186 1134/1835/1188 258/271/192
f 1093/1838/1147 1133/1830/1187 1132/1839/1186
f 1093/1838/1147 1135/1840/1189 1133/1830/1187
f 226/215/151 1133/1830/1187 1135/1840/1189
f 225/214/150 1133/1830/1187 226/215/151
f 1089/1841/1143 1135/1842/1189 1093/1843/1147
f 1088/1740/1142 1135/1844/1189 1089/1742/1143
f 227/218/152 1135/1844/1189 1088/1740/1142
f 226/215/151 1135/1840/1189 227/216/152
f 1094/1759/1148 1132/1839/1186 1098/1760/1152
f 1093/1838/1147 1132/1839/1186 1094/1759/1148
f 1129/1845/1183 1132/1824/1186 1130/1823/1184
f 1098/1846/1152 1132/1847/1186 1129/1848/1183
f 1099/1765/1153 1129/1848/1183 1103/1766/1157
f 1098/1846/1152 1129/1848/1183 1099/1765/1153
f 1127/1814/1181 1136/1849/1190 1129/1817/1183
f 1103/1766/1157 1129/1848/1183 1136/1850/1190
f 1104/1851/1158 1136/1852/1190 1106/1853/1160
f 1103/1766/1157 1136/1850/1190 1104/1768/1158
f 1125/1813/1179 1136/1849/1190 1127/1814/1181
f 1125/1808/1179 1137/1854/1191 1136/1855/1190
f 1108/1774/1162 1136/1855/1190 1137/1854/1191
f 1106/1773/1160 1136/1855/1190 1108/1774/1162
f 1123/1805/1177 1137/1854/1191 1125/1808/1179
f 1122/1803/1176 1137/1854/1191 1123/1805/1177
f 1110/1777/1164 1137/1854/1191 1122/1803/1176
f 1108/1774/1162 1137/1854/1191 1110/1777/1164
f 1112/1779/1166 1122/1803/1176 1120/1802/1174
f 1110/1777/1164 1122/1803/1176 1112/1779/1166
f 292/336/233 1102/1764/1156 1101/1763/1155
f 292/336/233 296/335/237 1102/1764/1156
f 1083/1856/1137 1088/1740/1142 1084/1739/1138
f 227/218/152 1088/1740/1142 1083/1856/1137
f 1078/1857/1132 1083/1732/1137 1079/1731/1133
f 1078/1858/1132 1138/1859/1192 1083/1856/1137
f 228/219/153 1083/1856/1137 1138/1859/1192
f 227/218/152 1083/1856/1137 228/219/153
f 1078/1726/1132 1139/1860/1193 1138/1861/1192
f 1138/1859/1192 1139/1862/1193 1140/1863/1194
f 229/220/154 1138/1859/1192 1140/1863/1194
f 228/219/153 1138/1859/1192 229/220/154
f 1139/1860/1193 1141/1864/1195 1140/1865/1194
f 1140/1863/1194 1141/1866/1195 1142/1867/1196
f 1140/1863/1194 1142/1867/1196 1143/1868/1197
f 229/220/154 1140/1863/1194 1143/1868/1197
f 1142/1867/1196 1144/1869/1198 1143/1868/1197
f 1143/1868/1197 1144/1869/1198 1145/1870/1199
f 1143/1871/1197 1145/1872/1199 1146/1873/1200
f 1143/1871/1197 1146/1873/1200 1147/1874/1201
f 223/1875/148 1143/1871/1197 1147/1874/1201
f 223/221/148 229/220/154 1143/1868/1197
f 1146/1876/1200 1148/1877/1202 1147/1878/1201
f 1147/1878/1201 1148/1877/1202 1149/1879/1203
f 224/209/149 1147/1878/1201 1149/1879/1203
f 223/208/148 1147/1878/1201 224/209/149
f 1148/1877/1202 1150/1880/1204 1149/1879/1203
f 1044/1669/1098 1149/1879/1203 1150/1880/1204
f 1043/1668/1097 1149/1879/1203 1044/1669/1098
f 224/209/149 1149/1879/1203 1043/1668/1097
f 1148/1877/1202 1151/1881/1205 1150/1880/1204
f 1150/1880/1204 1151/1881/1205 1152/1882/1206
f 1150/1883/1204 1152/1884/1206 1153/1885/1207
f 1039/1656/1093 1150/1883/1204 1153/1885/1207
f 1038/1667/1092 1150/1880/1204 1039/1886/1093
f 1038/1667/1092 1044/1669/1098 1150/1880/1204
f 1152/1884/1206 1154/1887/1208 1153/1885/1207
f 1153/1885/1207 1154/1887/1208 1155/1888/1209
f 1153/1885/1207 1155/1888/1209 1156/1889/1210
f 1153/1885/1207 1156/1889/1210 1157/1890/1211
f 1040/1657/1094 1153/1885/1207 1157/1890/1211
f 1039/1656/1093 1153/1885/1207 1040/1657/1094
f 1156/1889/1210 1158/1891/1212 1157/1890/1211
f 1157/1890/1211 1158/1891/1212 1159/1892/1213
f 1041/1658/1095 1157/1890/1211 1159/1892/1213
f 1040/1657/1094 1157/1890/1211 1041/1658/1095
f 1158/1891/1212 1160/1893/1214 1159/1892/1213
f 1159/1894/1213 1160/1895/1214 1161/1896/1215
f 1159/1894/1213 1161/1896/1215 1162/1897/1216
f 1041/1661/1095 1159/1894/1213 1162/1897/1216
f 1161/1896/1215 1163/1898/1217 1162/1897/1216
f 1162/1897/1216 1163/1898/1217 1164/1899/1218
f 1028/1900/1082 1162/1897/1216 1164/1899/1218
f 1027/1901/1081 1162/1897/1216 1028/1900/1082
f 1027/1901/1081 1034/1659/1088 1162/1897/1216
f 1034/1659/1088 1041/1661/1095 1162/1897/1216
f 141/67/53 1164/1899/1218 1163/1898/1217
f 141/67/53 158/96/72 1164/1899/1218
f 157/95/71 1164/1899/1218 158/96/72
f 157/95/71 1028/1900/1082 1164/1899/1218
f 142/68/54 1163/1898/1217 1165/1902/1219
f 141/67/53 1163/1898/1217 142/68/54
f 1160/1895/1214 1163/1898/1217 1161/1896/1215
f 1160/1895/1214 1165/1902/1219 1163/1898/1217
f 143/1903/55 1165/1902/1219 1166/1904/1220
f 142/68/54 1165/1902/1219 143/1903/55
f 1160/1895/1214 1167/1905/1221 1165/1902/1219
f 1165/1902/1219 1167/1905/1221 1166/1904/1220
f 1167/1906/1221 1168/1907/1222 1169/1908/1223
f 1167/1906/1221 1169/1908/1223 1170/1909/1224
f 1167/1906/1221 1170/1909/1224 1171/1910/1225
f 1166/1904/1220 1167/1905/1221 1171/1911/1225
f 1158/1891/1212 1167/1906/1221 1160/1893/1214
f 1158/1891/1212 1168/1907/1222 1167/1906/1221
f 1171/1912/1225 1172/1913/1226 1173/1914/1227
f 1171/1912/1225 1173/1914/1227 1174/1915/1228
f 143/73/55 1171/1916/1225 1174/1917/1228
f 143/73/55 1166/1918/1220 1171/1916/1225
f 1170/1919/1224 1175/1920/1229 1171/1921/1225
f 1171/1912/1225 1175/1922/1229 1172/1913/1226
f 1175/1922/1229 1176/1923/1230 1177/1924/1231
f 1172/1913/1226 1175/1922/1229 1177/1924/1231
f 1169/1925/1223 1175/1920/1229 1170/1919/1224
f 1169/1925/1223 1178/1926/1232 1175/1920/1229
f 1175/1922/1229 1178/1927/1232 1179/1928/1233
f 1175/1922/1229 1179/1928/1233 1176/1923/1230
f 1179/1928/1233 1180/1929/1234 1181/1930/1235
f 1176/1923/1230 1179/1928/1233 1181/1930/1235
f 1178/1927/1232 1182/1931/1236 1179/1928/1233
f 1179/1928/1233 1182/1931/1236 1183/1932/1237
f 1179/1933/1233 1183/1934/1237 1184/1935/1238
f 1179/1933/1233 1184/1935/1238 1180/1936/1234
f 1184/1935/1238 1185/1937/1239 1186/1938/1240
f 1184/1935/1238 1186/1938/1240 1187/1939/1241
f 1184/1935/1238 1187/1939/1241 1188/1940/1242
f 1180/1936/1234 1184/1935/1238 1188/1940/1242
f 1183/1934/1237 1189/1941/1243 1184/1935/1238
f 1184/1935/1238 1189/1941/1243 1185/1937/1239
f 1189/1941/1243 1190/1942/1244 1191/1943/1245
f 1185/1937/1239 1189/1941/1243 1191/1943/1245
f 1182/1944/1236 1189/1941/1243 1183/1934/1237
f 1182/1945/1236 1192/1946/1246 1189/1947/1243
f 1189/1947/1243 1192/1946/1246 1193/1948/1247
f 1189/1947/1243 1193/1948/1247 1190/1949/1244
f 154/91/67 156/93/69 1193/1948/1247
f 156/93/69 1190/1949/1244 1193/1948/1247
f 1192/1950/1246 1194/1951/1248 1193/1952/1247
f 1193/1952/1247 1194/1951/1248 1195/1953/1249
f 155/92/68 1193/1948/1247 1195/1954/1249
f 154/91/67 1193/1948/1247 155/92/68
f 1194/1951/1248 1196/1955/1250 1195/1953/1249
f 1195/1953/1249 1196/1955/1250 1197/1956/1251
f 1195/1954/1249 1197/1957/1251 1198/1958/1252
f 155/92/68 1195/1954/1249 1198/1958/1252
f 152/86/65 1198/1958/1252 1199/1959/1253
f 152/86/65 155/92/68 1198/1958/1252
f 1154/1887/1208 1198/1960/1252 1197/1956/1251
f 1154/1887/1208 1200/1961/1254 1198/1960/1252
f 1198/1962/1252 1200/1963/1254 1201/1964/1255
f 1198/1965/1252 1201/1966/1255 1199/1967/1253
f 1201/1966/1255 1202/1968/1256 1203/1969/1257
f 1201/1966/1255 1203/1969/1257 1204/1970/1258
f 1201/1966/1255 1204/1970/1258 1205/1971/1259
f 1199/1967/1253 1201/1966/1255 1205/1971/1259
f 1151/1972/1205 1201/1964/1255 1200/1963/1254
f 1151/1973/1205 1202/1968/1256 1201/1966/1255
f 1204/1970/1258 1206/1974/1260 1205/1971/1259
f 1205/1971/1259 1206/1974/1260 1207/1975/1261
f 1205/1971/1259 1207/1975/1261 1208/1976/1262
f 153/89/66 1205/1971/1259 1208/1976/1262
f 152/1977/65 1205/1971/1259 153/89/66
f 152/1977/65 1199/1967/1253 1205/1971/1259
f 1207/1978/1261 1209/1979/1263 1208/1980/1262
f 1208/1980/1262 1209/1979/1263 1210/1981/1264
f 1208/1982/1262 1210/1983/1264 1211/1984/1265
f 1208/1982/1262 1211/1984/1265 1212/1985/1266
f 150/90/63 1208/1976/1262 1212/1986/1266
f 150/90/63 153/89/66 1208/1976/1262
f 1211/1984/1265 1213/1987/1267 1212/1985/1266
f 1212/1985/1266 1213/1987/1267 1214/1988/1268
f 151/1989/64 1212/1986/1266 1214/1990/1268
f 150/90/63 1212/1986/1266 151/1989/64
f 1213/1987/1267 1215/1991/1269 1214/1988/1268
f 116/34/25 1214/1988/1268 1215/1991/1269
f 115/1992/24 1214/1988/1268 116/34/25
f 115/31/24 151/1993/64 1214/1994/1268
f 1213/1987/1267 1216/1995/1270 1215/1991/1269
f 1215/1991/1269 1216/1995/1270 1217/1996/1271
f 127/1997/37 1215/1991/1269 1217/1996/1271
f 127/1997/37 132/1998/41 1215/1991/1269
f 111/35/20 1215/1991/1269 132/1998/41
f 111/35/20 116/34/25 1215/1991/1269
f 1216/1995/1270 1218/1999/1272 1217/1996/1271
f 1217/1996/1271 1218/1999/1272 1219/2000/1273
f 128/2001/38 1217/1996/1271 1219/2000/1273
f 127/1997/37 1217/1996/1271 128/2001/38
f 1218/1999/1272 1220/2002/1274 1219/2000/1273
f 163/2003/77 1219/2000/1273 1220/2002/1274
f 162/2004/76 1219/2000/1273 163/2003/77
f 128/2001/38 1219/2000/1273 162/2004/76
f 1220/2005/1274 1221/2006/1275 1222/2007/1276
f 1220/2008/1274 1222/2009/1276 1223/2010/1277
f 164/103/78 1220/2011/1274 1223/2012/1277
f 163/2003/77 1220/2002/1274 164/2013/78
f 1218/1999/1272 1224/2014/1278 1220/2002/1274
f 1220/2002/1274 1224/2014/1278 1221/2015/1275
f 1224/2016/1278 1225/2017/1279 1226/2018/1280
f 1221/2006/1275 1224/2016/1278 1226/2018/1280
f 1216/1995/1270 1224/2014/1278 1218/1999/1272
f 1216/1995/1270 1227/2019/1281 1224/2014/1278
f 1224/2020/1278 1227/2021/1281 1228/2022/1282
f 1224/2020/1278 1228/2022/1282 1225/2023/1279
f 1228/2022/1282 1229/2024/1283 1230/2025/1284
f 1225/2023/1279 1228/2022/1282 1230/2025/1284
f 1211/2026/1265 1228/2027/1282 1227/2028/1281
f 1210/1981/1264 1228/2027/1282 1211/2026/1265
f 1209/1979/1263 1228/2027/1282 1210/1981/1264
f 1209/1979/1263 1229/2029/1283 1228/2027/1282
f 1230/2025/1284 1231/2030/1285 1232/2031/1286
f 1230/2025/1284 1232/2031/1286 1233/2032/1287
f 1226/2033/1280 1230/2025/1284 1233/2032/1287
f 1225/2023/1279 1230/2025/1284 1226/2033/1280
f 1229/2024/1283 1234/2034/1288 1230/2025/1284
f 1230/2025/1284 1234/2034/1288 1231/2030/1285
f 1234/2034/1288 1235/2035/1289 1236/2036/1290
f 1231/2030/1285 1234/2034/1288 1236/2036/1290
f 1209/1979/1263 1234/2037/1288 1229/2029/1283
f 1209/1979/1263 1237/2038/1291 1234/2037/1288
f 1234/2037/1288 1237/2038/1291 1238/2039/1292
f 1234/2037/1288 1238/2039/1292 1235/2040/1289
f 1238/2039/1292 1239/2041/1293 1240/2042/1294
f 1235/2040/1289 1238/2039/1292 1240/2042/1294
f 1206/2043/1260 1238/2039/1292 1237/2038/1291
f 1206/2043/1260 1241/2044/1295 1238/2039/1292
f 1144/2045/1198 1238/2039/1292 1241/2044/1295
f 1144/2045/1198 1239/2041/1293 1238/2039/1292
f 1204/1970/1258 1241/2046/1295 1206/1974/1260
f 1203/1969/1257 1241/2046/1295 1204/1970/1258
f 1145/1872/1199 1241/2046/1295 1203/1969/1257
f 1144/1869/1198 1241/2047/1295 1145/1870/1199
f 1069/1710/1123 1240/2048/1294 1242/2049/1296
f 1069/1710/1123 1243/2050/1297 1240/2048/1294
f 1236/2036/1290 1240/2048/1294 1243/2050/1297
f 1235/2035/1289 1240/2048/1294 1236/2036/1290
f 1141/2051/1195 1240/2042/1294 1239/2041/1293
f 1141/2051/1195 1242/2052/1296 1240/2042/1294
f 1067/2053/1121 1243/2050/1297 1069/1710/1123
f 1066/2054/1120 1243/2050/1297 1067/2053/1121
f 1066/2054/1120 1244/2055/1298 1243/2050/1297
f 1236/2036/1290 1243/2050/1297 1244/2055/1298
f 1065/1704/1119 1244/2056/1298 1066/1705/1120
f 1065/1704/1119 1245/2057/1299 1244/2056/1298
f 1244/2056/1298 1245/2057/1299 1246/2058/1300
f 1232/2031/1286 1244/2055/1298 1246/2059/1300
f 1231/2030/1285 1244/2055/1298 1232/2031/1286
f 1231/2030/1285 1236/2036/1290 1244/2055/1298
f 1245/2060/1299 1247/2061/1301 1246/2062/1300
f 1246/2062/1300 1247/2061/1301 1248/2063/1302
f 195/159/112 1246/2062/1300 1248/2063/1302
f 195/157/112 1249/2064/1303 1246/2065/1300
f 1233/2066/1287 1246/2065/1300 1249/2064/1303
f 1232/2067/1286 1246/2065/1300 1233/2066/1287
f 190/148/107 1249/2064/1303 195/157/112
f 190/148/107 1250/2068/1304 1249/2064/1303
f 1226/2018/1280 1249/2064/1303 1250/2068/1304
f 1226/2018/1280 1233/2066/1287 1249/2064/1303
f 189/147/106 1250/2068/1304 190/148/107
f 189/147/106 1222/2007/1276 1250/2068/1304
f 1221/2006/1275 1250/2068/1304 1222/2007/1276
f 1221/2006/1275 1226/2018/1280 1250/2068/1304
f 1247/2061/1301 1251/2069/1305 1248/2063/1302
f 1248/2063/1302 1251/2069/1305 1252/2070/1306
f 196/160/113 1248/2063/1302 1252/2070/1306
f 195/159/112 1248/2063/1302 196/160/113
f 1251/2069/1305 1253/2071/1307 1252/2070/1306
f 1252/2070/1306 1253/2071/1307 1254/2072/1308
f 1252/2070/1306 1254/2072/1308 1255/2073/1309
f 196/160/113 1252/2070/1306 1255/2073/1309
f 1254/2072/1308 1256/2074/1310 1255/2073/1309
f 1255/2073/1309 1256/2074/1310 1257/2075/1311
f 1255/2073/1309 1257/2075/1311 1258/2076/1312
f 193/2077/110 1255/2073/1309 1258/2076/1312
f 17/158/104 1255/2073/1309 193/2077/110
f 17/158/104 196/160/113 1255/2073/1309
f 1257/2078/1311 1259/2079/1313 1258/2080/1312
f 1258/2080/1312 1259/2079/1313 1260/2081/1314
f 1258/2080/1312 1260/2081/1314 1261/2082/1315
f 1258/2080/1312 1261/2082/1315 1262/2083/1316
f 194/2084/111 1258/2076/1312 1262/2085/1316
f 193/2077/110 1258/2076/1312 194/2084/111
f 1261/2082/1315 1263/2086/1317 1262/2083/1316
f 1262/2083/1316 1263/2086/1317 1264/2087/1318
f 1262/2088/1316 1264/2089/1318 1265/2090/1319
f 194/2091/111 1262/2092/1316 1265/2093/1319
f 191/2094/108 1265/2090/1319 1266/2095/1320
f 191/2094/108 194/2096/111 1265/2090/1319
f 1186/1938/1240 1265/2090/1319 1264/2089/1318
f 1186/1938/1240 1267/2097/1321 1265/2090/1319
f 1265/2090/1319 1267/2097/1321 1268/2098/1322
f 1265/2090/1319 1268/2098/1322 1266/2095/1320
f 1268/2098/1322 1269/2099/1323 1270/2100/1324
f 1266/2095/1320 1268/2098/1322 1270/2100/1324
f 1191/1943/1245 1268/2098/1322 1267/2097/1321
f 1191/1943/1245 1271/2101/1325 1268/2098/1322
f 1268/2098/1322 1271/2101/1325 1272/2102/1326
f 1268/2098/1322 1272/2102/1326 1269/2099/1323
f 1272/2103/1326 1273/2104/1327 1274/2105/1328
f 1269/2099/1323 1272/2102/1326 1274/2106/1328
f 156/2107/69 1272/2102/1326 1271/2101/1325
f 149/81/62 1272/2108/1326 156/93/69
f 148/80/61 1272/2108/1326 149/81/62
f 148/80/61 1273/2109/1327 1272/2108/1326
f 1274/2105/1328 1275/2110/1329 1276/2111/1330
f 1274/2105/1328 1276/2111/1330 1277/2112/1331
f 1270/2100/1324 1274/2106/1328 1277/2113/1331
f 1269/2099/1323 1274/2106/1328 1270/2100/1324
f 145/2114/57 1274/2105/1328 1273/2104/1327
f 145/2114/57 1275/2110/1329 1274/2105/1328
f 1276/2111/1330 1278/2115/1332 1277/2112/1331
f 1277/2112/1331 1278/2115/1332 1279/2116/1333
f 192/2117/109 1277/2113/1331 1279/2118/1333
f 192/2117/109 1270/2100/1324 1277/2113/1331
f 1278/2119/1332 1280/2120/1334 1279/2121/1333
f 1279/2121/1333 1280/2120/1334 1281/2122/1335
f 188/152/105 1279/2121/1333 1281/2122/1335
f 188/152/105 192/151/109 1279/2121/1333
f 1280/2120/1334 1282/2123/1336 1281/2122/1335
f 1281/2122/1335 1282/2123/1336 1283/2124/1337
f 189/2125/106 1281/2122/1335 1283/2124/1337
f 188/152/105 1281/2122/1335 189/2125/106
f 164/103/78 1283/2124/1337 1282/2123/1336
f 164/103/78 1223/2012/1277 1283/2124/1337
f 1222/2126/1276 1283/2124/1337 1223/2012/1277
f 189/147/106 1283/2127/1337 1222/2007/1276
f 165/104/79 1282/2123/1336 1284/2128/1338
f 164/103/78 1282/2123/1336 165/104/79
f 1280/2120/1334 1285/2129/1339 1282/2123/1336
f 1282/2123/1336 1285/2129/1339 1284/2128/1338
f 1285/2129/1339 1286/2130/1340 1287/2131/1341
f 1284/2128/1338 1285/2129/1339 1287/2131/1341
f 1278/2119/1332 1285/2129/1339 1280/2120/1334
f 1278/2119/1332 1288/2132/1342 1285/2129/1339
f 1285/2129/1339 1288/2132/1342 1289/2133/1343
f 1285/2129/1339 1289/2133/1343 1286/2130/1340
f 1288/2134/1342 1290/2135/1344 1289/2136/1343
f 1173/1914/1227 1289/2136/1343 1290/2135/1344
f 1172/1913/1226 1289/2136/1343 1173/1914/1227
f 1172/1913/1226 1177/1924/1231 1289/2136/1343
f 1177/1924/1231 1291/2137/1345 1289/2136/1343
f 1286/2130/1340 1289/2133/1343 1291/2138/1345
f 1287/2131/1341 1291/2138/1345 1292/2139/1346
f 1286/2130/1340 1291/2138/1345 1287/2131/1341
f 1176/1923/1230 1291/2137/1345 1177/1924/1231
f 1176/1923/1230 1181/1930/1235 1291/2137/1345
f 1181/1930/1235 1293/2140/1347 1291/2137/1345
f 1291/2138/1345 1293/2141/1347 1292/2139/1346
f 1293/2141/1347 1294/2142/1348 1295/2143/1349
f 1292/2139/1346 1293/2141/1347 1295/2143/1349
f 1180/1929/1234 1293/2140/1347 1181/1930/1235
f 1180/1936/1234 1188/1940/1242 1293/2144/1347
f 1188/2145/1242 1296/2146/1350 1293/2141/1347
f 1293/2141/1347 1296/2146/1350 1294/2142/1348
f 1261/2082/1315 1296/2147/1350 1263/2086/1317
f 1261/2082/1315 1297/2148/1351 1296/2147/1350
f 1296/2147/1350 1297/2148/1351 1298/2149/1352
f 1294/2150/1348 1296/2147/1350 1298/2149/1352
f 1187/2151/1241 1296/2146/1350 1188/2145/1242
f 1187/2151/1241 1263/2152/1317 1296/2146/1350
f 1298/2149/1352 1299/2153/1353 1300/2154/1354
f 1298/2149/1352 1300/2154/1354 1301/2155/1355
f 1295/2156/1349 1298/2149/1352 1301/2155/1355
f 1294/2150/1348 1298/2149/1352 1295/2156/1349
f 1297/2148/1351 1302/2157/1356 1298/2149/1352
f 1298/2149/1352 1302/2157/1356 1299/2153/1353
f 1302/2157/1356 1303/2158/1357 1304/2159/1358
f 1299/2153/1353 1302/2157/1356 1304/2159/1358
f 1261/2082/1315 1302/2157/1356 1297/2148/1351
f 1260/2081/1314 1302/2157/1356 1261/2082/1315
f 1259/2079/1313 1302/2157/1356 1260/2081/1314
f 1259/2079/1313 1303/2158/1357 1302/2157/1356
f 1304/2160/1358 1305/2161/1359 1306/2162/1360
f 1304/2160/1358 1306/2162/1360 1307/2163/1361
f 1300/2164/1354 1304/2165/1358 1307/2166/1361
f 1299/2153/1353 1304/2159/1358 1300/2154/1354
f 1303/2167/1357 1308/2168/1362 1304/2169/1358
f 1304/2160/1358 1308/2170/1362 1305/2161/1359
f 1308/2170/1362 1309/2171/1363 1310/2172/1364
f 1305/2161/1359 1308/2170/1362 1310/2172/1364
f 1259/2079/1313 1308/2173/1362 1303/2158/1357
f 1259/2174/1313 1311/2175/1365 1308/2170/1362
f 1308/2170/1362 1311/2175/1365 1312/2176/1366
f 1308/2170/1362 1312/2176/1366 1309/2171/1363
f 1312/2176/1366 1313/2177/1367 1314/2178/1368
f 1309/2171/1363 1312/2176/1366 1314/2178/1368
f 1256/2179/1310 1312/2176/1366 1311/2175/1365
f 1256/2179/1310 1315/2180/1369 1312/2176/1366
f 1312/2176/1366 1315/2180/1369 1316/2181/1370
f 1312/2176/1366 1316/2181/1370 1313/2177/1367
f 1316/2182/1370 1317/2183/1371 1318/2184/1372
f 1316/2182/1370 1318/2184/1372 1319/2185/1373
f 1316/2182/1370 1319/2185/1373 1320/2186/1374
f 1313/2187/1367 1316/2182/1370 1320/2186/1374
f 1253/2188/1307 1316/2182/1370 1315/2189/1369
f 1253/2188/1307 1317/2183/1371 1316/2182/1370
f 1320/2186/1374 1321/2190/1375 1322/2191/1376
f 1320/2186/1374 1322/2191/1376 1323/2192/1377
f 1314/2178/1368 1320/2193/1374 1323/2194/1377
f 1313/2177/1367 1320/2193/1374 1314/2178/1368
f 1319/2185/1373 1324/2195/1378 1320/2186/1374
f 1320/2186/1374 1324/2195/1378 1321/2190/1375
f 1055/1689/1109 1324/2195/1378 1057/1690/1111
f 1055/1689/1109 1325/2196/1379 1324/2195/1378
f 1324/2195/1378 1325/2196/1379 1326/2197/1380
f 1321/2190/1375 1324/2195/1378 1326/2197/1380
f 1318/2184/1372 1324/2195/1378 1319/2185/1373
f 1057/1690/1111 1324/2195/1378 1318/2184/1372
f 1326/2197/1380 1327/2198/1381 1328/2199/1382
f 1326/2197/1380 1328/2199/1382 1329/2200/1383
f 1322/2191/1376 1326/2197/1380 1329/2200/1383
f 1321/2190/1375 1326/2197/1380 1322/2191/1376
f 1325/2196/1379 1330/2201/1384 1326/2197/1380
f 1326/2197/1380 1330/2201/1384 1327/2198/1381
f 1049/1677/1103 1331/2202/1385 1330/2203/1384
f 1327/2204/1381 1330/2203/1384 1331/2202/1385
f 1055/1689/1109 1330/2201/1384 1325/2196/1379
f 1053/2205/1107 1330/2201/1384 1055/1689/1109
f 1050/2206/1104 1330/2207/1384 1053/2208/1107
f 1049/1677/1103 1330/2203/1384 1050/1678/1104
f 1031/2209/1085 1331/2202/1385 1332/2210/1386
f 1031/2209/1085 1333/2211/1387 1331/2202/1385
f 1328/2212/1382 1331/2202/1385 1333/2211/1387
f 1327/2204/1381 1331/2202/1385 1328/2212/1382
f 1047/1674/1101 1331/2202/1385 1049/1677/1103
f 1047/1674/1101 1332/2210/1386 1331/2202/1385
f 1030/1642/1084 1333/2213/1387 1031/1643/1085
f 1030/2214/1084 1334/2215/1388 1333/2211/1387
f 1333/2211/1387 1334/2215/1388 1335/2216/1389
f 1328/2212/1382 1333/2211/1387 1335/2216/1389
f 212/2217/135 1335/2216/1389 1334/2215/1388
f 212/2217/135 1336/2218/1390 1335/2216/1389
f 1335/2219/1389 1336/2220/1390 1337/2221/1391
f 1335/2219/1389 1337/2221/1391 1338/2222/1392
f 1329/2223/1383 1335/2219/1389 1338/2222/1392
f 1328/2199/1382 1335/2224/1389 1329/2200/1383
f 270/2225/207 1338/2222/1392 1337/2221/1391
f 270/2225/207 1339/2226/1393 1338/2222/1392
f 1322/2227/1376 1338/2222/1392 1339/2226/1393
f 1322/2227/1376 1329/2223/1383 1338/2222/1392
f 269/299/206 1339/2228/1393 270/300/207
f 269/299/206 1340/2229/1394 1339/2228/1393
f 1323/2192/1377 1339/2230/1393 1340/2231/1394
f 1322/2191/1376 1339/2230/1393 1323/2192/1377
f 269/2232/206 1341/2233/1395 1340/2234/1394
f 1340/2234/1394 1341/2233/1395 1342/2235/1396
f 1314/2178/1368 1340/2234/1394 1342/2235/1396
f 1314/2178/1368 1323/2194/1377 1340/2234/1394
f 1341/2233/1395 1343/2236/1397 1342/2235/1396
f 1310/2172/1364 1342/2235/1396 1343/2236/1397
f 1309/2171/1363 1342/2235/1396 1310/2172/1364
f 1309/2171/1363 1314/2178/1368 1342/2235/1396
f 1341/2233/1395 1344/2237/1398 1343/2236/1397
f 1343/2236/1397 1344/2237/1398 1345/2238/1399
f 216/196/140 1343/2236/1397 1345/2238/1399
f 216/196/140 1306/2162/1360 1343/2236/1397
f 1305/2161/1359 1343/2236/1397 1306/2162/1360
f 1305/2161/1359 1310/2172/1364 1343/2236/1397
f 1344/2237/1398 1346/2239/1400 1345/2238/1399
f 1345/2238/1399 1346/2239/1400 1347/2240/1401
f 21/194/137 1345/2238/1399 1347/2240/1401
f 21/194/137 216/196/140 1345/2238/1399
f 1346/2239/1400 1348/2241/1402 1347/2240/1401
f 1347/2240/1401 1348/2241/1402 1349/2242/1403
f 219/2243/143 1347/2240/1401 1349/2242/1403
f 21/199/137 1347/2244/1401 219/200/143
f 1348/2245/1402 1350/2246/1404 1349/2247/1403
f 1349/2247/1403 1350/2246/1404 1351/2248/1405
f 1349/2249/1403 1351/2250/1405 1352/2251/1406
f 219/200/143 1349/2249/1403 1352/2251/1406
f 922/2252/975 1352/2253/1406 1351/2248/1405
f 921/1417/974 1352/2254/1406 922/2255/975
f 206/1416/125 1352/2254/1406 921/1417/974
f 19/171/122 1352/2256/1406 206/175/125
f 19/171/122 205/173/124 1352/2256/1406
f 205/201/124 219/200/143 1352/2251/1406
f 1350/2246/1404 1353/2257/1407 1351/2248/1405
f 922/2252/975 1351/2248/1405 1353/2257/1407
f 1350/2246/1404 1354/2258/1408 1353/2257/1407
f 1353/2257/1407 1354/2258/1408 1355/2259/1409
f 1353/2260/1407 1355/2261/1409 1356/2262/1410
f 918/2263/971 1353/2260/1407 1356/2262/1410
f 917/1410/970 1353/2260/1407 918/2263/971
f 917/1410/970 922/1412/975 1353/2260/1407
f 1355/2261/1409 1357/2264/1411 1356/2262/1410
f 1356/2262/1410 1357/2264/1411 1358/2265/1412
f 1356/2262/1410 1358/2265/1412 1359/2266/1413
f 1356/2262/1410 1359/2266/1413 1360/2267/1414
f 919/2268/972 1356/2269/1410 1360/2270/1414
f 918/2263/971 1356/2262/1410 919/2271/972
f 1359/2272/1413 1361/2273/1415 1360/2274/1414
f 1360/2274/1414 1361/2273/1415 1362/2275/1416
f 912/1390/965 1360/2274/1414 1362/2275/1416
f 912/1390/965 919/2276/972 1360/2274/1414
f 1361/2273/1415 1363/2277/1417 1362/2275/1416
f 907/2278/960 1362/2275/1416 1363/2277/1417
f 906/1391/959 1362/2275/1416 907/2278/960
f 906/1391/959 912/1390/965 1362/2275/1416
f 1361/2273/1415 1364/2279/1418 1363/2277/1417
f 1363/2277/1417 1364/2279/1418 1365/2280/1419
f 1363/2281/1417 1365/2282/1419 1366/2283/1420
f 902/2284/955 1363/2281/1417 1366/2283/1420
f 901/1383/954 1363/2281/1417 902/2284/955
f 901/1383/954 907/1382/960 1363/2281/1417
f 1365/2282/1419 1367/2285/1421 1366/2283/1420
f 1366/2283/1420 1367/2285/1421 1368/2286/1422
f 1366/2287/1420 1368/2288/1422 1369/2289/1423
f 897/1364/950 1366/2287/1420 1369/2289/1423
f 896/1363/949 1366/2287/1420 897/1364/950
f 896/1363/949 902/1373/955 1366/2287/1420
f 1368/2286/1422 1370/2290/1424 1369/2291/1423
f 1369/2289/1423 1370/2292/1424 1371/2293/1425
f 1369/2289/1423 1371/2293/1425 1372/2294/1426
f 892/2295/945 1369/2289/1423 1372/2294/1426
f 891/1365/944 1369/2289/1423 892/2295/945
f 891/1365/944 897/1364/950 1369/2289/1423
f 1371/2293/1425 1373/2296/1427 1372/2294/1426
f 1372/2294/1426 1373/2296/1427 1374/2297/1428
f 482/633/456 1372/2298/1426 1374/2299/1428
f 482/633/456 485/636/459 1372/2298/1426
f 485/636/459 888/2300/941 1372/2298/1426
f 888/2300/941 892/2301/945 1372/2298/1426
f 1373/2296/1427 1375/2302/1429 1374/2297/1428
f 1374/2297/1428 1375/2302/1429 1376/2303/1430
f 483/634/457 1374/2299/1428 1376/2304/1430
f 482/633/456 1374/2299/1428 483/634/457
f 1375/2302/1429 1377/2305/1431 1376/2303/1430
f 1376/2303/1430 1377/2305/1431 1378/2306/1432
f 885/1339/938 1376/2304/1430 1378/2307/1432
f 483/634/457 1376/2304/1430 885/1339/938
f 1377/2308/1431 1379/2309/1433 1378/2310/1432
f 1378/2311/1432 1379/2312/1433 1380/2313/1434
f 886/1340/939 1378/2307/1432 1380/2314/1434
f 885/1339/938 1378/2307/1432 886/1340/939
f 1379/2309/1433 1381/2315/1435 1380/2316/1434
f 1380/2317/1434 1381/2318/1435 1382/2319/1436
f 1380/2314/1434 1382/2320/1436 1383/2321/1437
f 886/1340/939 1380/2314/1434 1383/2321/1437
f 1382/2320/1436 1384/2322/1438 1383/2321/1437
f 1383/2321/1437 1384/2322/1438 1385/2323/1439
f 1383/2321/1437 1385/2323/1439 1386/2324/1440
f 881/2325/934 1383/2321/1437 1386/2324/1440
f 880/1341/933 1383/2321/1437 881/2325/934
f 880/1341/933 886/1340/939 1383/2321/1437
f 1385/2323/1439 1387/2326/1441 1386/2324/1440
f 1386/2324/1440 1387/2326/1441 1388/2327/1442
f 1386/2328/1440 1388/2329/1442 1389/2330/1443
f 876/1326/929 1386/2328/1440 1389/2330/1443
f 875/1325/928 1386/2328/1440 876/1326/929
f 875/1325/928 881/1334/934 1386/2328/1440
f 1388/2329/1442 1390/2331/1444 1389/2330/1443
f 1389/2330/1443 1390/2331/1444 1391/2332/1445
f 1389/2330/1443 1391/2332/1445 1392/2333/1446
f 871/1319/924 1389/2330/1443 1392/2333/1446
f 870/1318/923 1389/2330/1443 871/1319/924
f 870/1318/923 876/1326/929 1389/2330/1443
f 1391/2332/1445 1393/2334/1447 1392/2333/1446
f 1392/2333/1446 1393/2334/1447 1394/2335/1448
f 1392/2336/1446 1394/2337/1448 1395/2338/1449
f 866/1313/919 1392/2339/1446 1395/2340/1449
f 865/1312/918 1392/2339/1446 866/1313/919
f 865/2341/918 871/1319/924 1392/2333/1446
f 475/622/448 1395/2338/1449 1394/2337/1448
f 475/2342/448 1396/2343/1450 1395/2340/1449
f 1395/2340/1449 1396/2343/1450 1397/2344/1451
f 861/1304/914 1395/2340/1449 1397/2344/1451
f 860/1303/913 1395/2340/1449 861/1304/914
f 860/1303/913 866/1313/919 1395/2340/1449
f 474/621/447 1397/2344/1451 1396/2343/1450
f 474/2345/447 1398/2346/1452 1397/2347/1451
f 1397/2347/1451 1398/2346/1452 1399/2348/1453
f 856/1298/909 1397/2347/1451 1399/2348/1453
f 855/1297/908 1397/2347/1451 856/1298/909
f 855/1297/908 861/1305/914 1397/2347/1451
f 1398/2346/1452 1400/2349/1454 1399/2348/1453
f 1399/2348/1453 1400/2349/1454 1401/2350/1455
f 1399/2348/1453 1401/2350/1455 1402/2351/1456
f 851/1289/904 1399/2348/1453 1402/2351/1456
f 850/1288/903 1399/2348/1453 851/1289/904
f 850/1288/903 856/1298/909 1399/2348/1453
f 498/653/473 1402/2351/1456 1401/2350/1455
f 498/653/473 1403/2352/1457 1402/2351/1456
f 1402/2353/1456 1403/2354/1457 1404/2355/1458
f 846/1283/899 1402/2353/1456 1404/2355/1458
f 845/1282/898 1402/2353/1456 846/1283/899
f 845/1290/898 851/1289/904 1402/2351/1456
f 1403/2354/1457 1405/2356/1459 1404/2355/1458
f 1404/2357/1458 1405/2358/1459 1406/2359/1460
f 1404/2357/1458 1406/2359/1460 1407/2360/1461
f 842/2361/895 1404/2357/1458 1407/2360/1461
f 841/1276/894 1404/2355/1458 842/1277/895
f 841/1276/894 846/1283/899 1404/2355/1458
f 1406/2359/1460 1408/2362/1462 1407/2360/1461
f 1407/2360/1461 1408/2362/1462 1409/2363/1463
f 1407/2364/1461 1409/2365/1463 1410/2366/1464
f 838/1272/891 1407/2364/1461 1410/2366/1464
f 837/1271/890 1407/2364/1461 838/1272/891
f 837/2367/890 842/2361/895 1407/2360/1461
f 1409/2363/1463 1411/2368/1465 1410/2369/1464
f 1410/2369/1464 1411/2368/1465 1412/2370/1466
f 543/2371/542 1410/2366/1464 1412/2372/1466
f 542/739/541 1410/2366/1464 543/2371/542
f 542/739/541 835/1269/888 1410/2366/1464
f 835/1269/888 838/1272/891 1410/2366/1464
f 765/1113/802 1412/2373/1466 1411/2374/1465
f 765/1113/802 1413/2375/1467 1412/2373/1466
f 546/749/545 1412/2376/1466 1413/2377/1467
f 543/748/542 1412/2376/1466 546/749/545
f 1408/2362/1462 1411/2368/1465 1409/2363/1463
f 760/1105/797 1411/2368/1465 1408/2362/1462
f 759/1104/796 1411/2368/1465 760/1105/797
f 759/1109/796 765/1113/802 1411/2374/1465
f 761/1106/798 1408/2362/1462 1414/2378/1468
f 760/1105/797 1408/2362/1462 761/1106/798
f 1405/2358/1459 1408/2362/1462 1406/2359/1460
f 1405/2358/1459 1414/2378/1468 1408/2362/1462
f 500/656/475 762/1107/799 1414/2378/1468
f 761/1106/798 1414/2378/1468 762/1107/799
f 500/656/475 1414/2378/1468 1405/2358/1459
f 497/657/472 500/656/475 1405/2358/1459
f 498/2379/473 1405/2356/1459 1403/2354/1457
f 497/2380/472 1405/2356/1459 498/2379/473
f 499/654/474 1401/2350/1455 1400/2349/1454
f 498/653/473 1401/2350/1455 499/654/474
f 473/2381/446 1415/2382/1469 1400/2349/1454
f 499/654/474 1400/2349/1454 1415/2382/1469
f 474/2345/447 1400/2349/1454 1398/2346/1452
f 473/2381/446 1400/2349/1454 474/2345/447
f 1415/2383/1469 1416/2384/1470 1417/2385/1471
f 1415/2386/1469 1417/2387/1471 1418/2388/1472
f 496/649/470 1415/2382/1469 1418/2389/1472
f 496/649/470 499/654/474 1415/2382/1469
f 472/2390/445 1415/2391/1469 473/2392/446
f 472/617/445 1416/2384/1470 1415/2383/1469
f 1417/2393/1471 1419/2394/1473 1418/2395/1472
f 1418/2395/1472 1419/2394/1473 1420/2396/1474
f 492/2397/465 1418/2398/1472 1420/2399/1474
f 492/650/465 496/649/470 1418/2389/1472
f 1419/2394/1473 1421/2400/1475 1420/2396/1474
f 1420/2396/1474 1421/2400/1475 1422/2401/1476
f 493/2402/466 1420/2403/1474 1422/2404/1476
f 492/2405/465 1420/2406/1474 493/2407/466
f 1421/2408/1475 1423/2409/1477 1422/2410/1476
f 1422/2411/1476 1423/2412/1477 1424/2413/1478
f 1422/2414/1476 1424/2415/1478 1425/2416/1479
f 493/2402/466 1422/2404/1476 1425/2417/1479
f 1424/2415/1478 1426/2418/1480 1425/2416/1479
f 1425/2419/1479 1426/2420/1480 1427/2421/1481
f 1425/2419/1479 1427/2421/1481 1428/2422/1482
f 1425/2423/1479 1428/2424/1482 1429/2425/1483
f 494/2426/467 1425/2423/1479 1429/2425/1483
f 493/2402/466 1425/2417/1479 494/2427/467
f 1428/2424/1482 1430/2428/1484 1429/2425/1483
f 1429/2425/1483 1430/2428/1484 1431/2429/1485
f 495/2430/468 1429/2425/1483 1431/2429/1485
f 494/644/467 1429/2431/1483 495/645/468
f 1430/2432/1484 1432/2433/1486 1431/2434/1485
f 1431/2434/1485 1432/2433/1486 1433/2435/1487
f 501/660/476 1431/2436/1485 1433/2437/1487
f 495/645/468 1431/2438/1485 501/658/476
f 1432/2433/1486 1434/2439/1488 1433/2435/1487
f 1433/2435/1487 1434/2439/1488 1435/2440/1489
f 1433/2437/1487 1435/2441/1489 1436/2442/1490
f 501/660/476 1433/2437/1487 1436/2442/1490
f 1435/2441/1489 1437/2443/1491 1436/2442/1490
f 737/2444/773 1436/2442/1490 1437/2443/1491
f 736/1063/772 1436/2442/1490 737/2444/773
f 736/1063/772 742/1065/778 1436/2442/1490
f 502/661/477 1436/2442/1490 742/1065/778
f 501/660/476 1436/2442/1490 502/661/477
f 1434/2439/1488 1437/2445/1491 1435/2440/1489
f 1434/2446/1488 1438/2447/1492 1437/2448/1491
f 1437/2448/1491 1438/2447/1492 1439/2449/1493
f 732/1044/768 1437/2450/1491 1439/2451/1493
f 731/1043/767 1437/2450/1491 732/1044/768
f 731/1043/767 737/1052/773 1437/2450/1491
f 1438/2447/1492 1440/2452/1494 1439/2449/1493
f 1439/2449/1493 1440/2452/1494 1441/2453/1495
f 1439/2454/1493 1441/2455/1495 1442/2456/1496
f 727/1039/763 1439/2454/1493 1442/2456/1496
f 726/2457/762 1439/2458/1493 727/2459/763
f 726/1037/762 732/1044/768 1439/2451/1493
f 1441/2455/1495 1443/2460/1497 1442/2456/1496
f 1442/2456/1496 1443/2460/1497 1444/2461/1498
f 1442/2456/1496 1444/2461/1498 1445/2462/1499
f 722/1030/758 1442/2456/1496 1445/2462/1499
f 721/1029/757 1442/2456/1496 722/1030/758
f 721/1029/757 727/1039/763 1442/2456/1496
f 1444/2463/1498 1446/2464/1500 1445/2465/1499
f 1445/2465/1499 1446/2464/1500 1447/2466/1501
f 1445/2465/1499 1447/2466/1501 1448/2467/1502
f 717/2468/753 1445/2465/1499 1448/2467/1502
f 716/1024/752 1445/2462/1499 717/1025/753
f 716/1024/752 722/1030/758 1445/2462/1499
f 1447/2466/1501 1449/2469/1503 1448/2467/1502
f 1448/2470/1502 1449/2471/1503 1450/2472/1504
f 1448/2470/1502 1450/2472/1504 1451/2473/1505
f 712/1017/748 1448/2467/1502 1451/2474/1505
f 711/1016/747 1448/2467/1502 712/1017/748
f 711/1016/747 717/2468/753 1448/2467/1502
f 1450/2472/1504 1452/2475/1506 1451/2473/1505
f 1451/2473/1505 1452/2475/1506 1453/2476/1507
f 1451/2473/1505 1453/2476/1507 1454/2477/1508
f 707/2478/743 1451/2473/1505 1454/2477/1508
f 706/1008/742 1451/2479/1505 707/1009/743
f 706/1015/742 712/1017/748 1451/2474/1505
f 1453/2476/1507 1455/2480/1509 1454/2477/1508
f 1454/2477/1508 1455/2480/1509 1456/2481/1510
f 1454/2477/1508 1456/2481/1510 1457/2482/1511
f 702/1004/738 1454/2483/1508 1457/2484/1511
f 701/1003/737 1454/2483/1508 702/1004/738
f 701/1003/737 707/1009/743 1454/2483/1508
f 1456/2485/1510 1458/2486/1512 1457/2487/1511
f 1457/2487/1511 1458/2486/1512 1459/2488/1513
f 1457/2489/1511 1459/2490/1513 1460/2491/1514
f 697/996/733 1457/2489/1511 1460/2491/1514
f 696/995/732 1457/2489/1511 697/996/733
f 696/1002/732 702/1004/738 1457/2484/1511
f 1459/2488/1513 1461/2492/1515 1460/2493/1514
f 1460/2493/1514 1461/2492/1515 1462/2494/1516
f 1460/2491/1514 1462/2495/1516 1463/2496/1517
f 692/991/728 1460/2491/1514 1463/2496/1517
f 691/990/727 1460/2491/1514 692/991/728
f 691/990/727 697/996/733 1460/2491/1514
f 1462/2495/1516 1464/2497/1518 1463/2496/1517
f 570/2498/594 1463/2496/1517 1464/2497/1518
f 566/804/590 1463/2499/1517 570/808/594
f 566/804/590 687/2500/723 1463/2499/1517
f 686/984/722 1463/2496/1517 687/985/723
f 686/984/722 692/991/728 1463/2496/1517
f 1464/2501/1518 1465/2502/1519 1466/2503/1520
f 1464/2501/1518 1466/2503/1520 1467/2504/1521
f 567/805/591 1464/2505/1518 1467/2506/1521
f 567/805/591 570/808/594 1464/2505/1518
f 1461/2492/1515 1464/2507/1518 1462/2494/1516
f 1461/2492/1515 1465/2508/1519 1464/2507/1518
f 1466/2503/1520 1468/2509/1522 1467/2504/1521
f 1467/2506/1521 1468/2510/1522 1469/2511/1523
f 568/806/592 1467/2506/1521 1469/2511/1523
f 567/805/591 1467/2506/1521 568/806/592
f 1468/2512/1522 1470/2513/1524 1469/2514/1523
f 1469/2514/1523 1470/2513/1524 1471/2515/1525
f 1469/2514/1523 1471/2515/1525 1472/2516/1526
f 568/2517/592 1469/2514/1523 1472/2516/1526
f 1471/2515/1525 1473/2518/1527 1472/2516/1526
f 1472/2516/1526 1473/2518/1527 1474/2519/1528
f 1472/2516/1526 1474/2519/1528 1475/2520/1529
f 1472/2516/1526 1475/2520/1529 1476/2521/1530
f 569/2522/593 1472/2516/1526 1476/2521/1530
f 568/2517/592 1472/2516/1526 569/2522/593
f 1475/2520/1529 1477/2523/1531 1476/2521/1530
f 1476/2521/1530 1477/2523/1531 1478/2524/1532
f 1476/2521/1530 1478/2524/1532 1479/2525/1533
f 569/2522/593 1476/2521/1530 1479/2525/1533
f 1478/2524/1532 1480/2526/1534 1479/2525/1533
f 1479/2525/1533 1480/2526/1534 1481/2527/1535
f 1479/2525/1533 1481/2527/1535 1482/2528/1536
f 1479/2525/1533 1482/2528/1536 1483/2529/1537
f 85/801/587 1479/2530/1533 1483/2531/1537
f 85/2532/587 569/2522/593 1479/2525/1533
f 1482/2533/1536 1484/2534/1538 1483/2531/1537
f 1483/2531/1537 1484/2534/1538 1485/2535/1539
f 564/802/588 1483/2531/1537 1485/2535/1539
f 85/801/587 1483/2531/1537 564/802/588
f 1484/2536/1538 1486/2537/1540 1485/2538/1539
f 1485/2538/1539 1486/2537/1540 1487/2539/1541
f 678/970/714 1485/2538/1539 1487/2539/1541
f 564/2540/588 1485/2538/1539 678/970/714
f 658/2541/694 1487/2539/1541 1486/2537/1540
f 658/941/694 673/2542/709 1487/2543/1541
f 672/968/708 1487/2539/1541 673/2544/709
f 672/968/708 678/970/714 1487/2539/1541
f 1484/2536/1538 1488/2545/1542 1486/2537/1540
f 1486/2546/1540 1488/2547/1542 1489/2548/1543
f 654/937/690 1486/2546/1540 1489/2548/1543
f 654/937/690 658/941/694 1486/2546/1540
f 1488/2549/1542 1490/2550/1544 1489/2551/1543
f 1489/2551/1543 1490/2550/1544 1491/2552/1545
f 655/938/691 1489/2548/1543 1491/2553/1545
f 654/937/690 1489/2548/1543 655/938/691
f 1490/2550/1544 1492/2554/1546 1491/2552/1545
f 626/893/660 1491/2555/1545 1492/2556/1546
f 625/892/659 1491/2555/1545 626/893/660
f 625/892/659 655/2557/691 1491/2555/1545
f 1490/2550/1544 1493/2558/1547 1492/2554/1546
f 1492/2554/1546 1493/2558/1547 1494/2559/1548
f 1492/2554/1546 1494/2559/1548 1495/2560/1549
f 1492/2554/1546 1495/2560/1549 1496/2561/1550
f 622/888/656 1492/2554/1546 1496/2561/1550
f 622/888/656 626/2562/660 1492/2554/1546
f 1495/2560/1549 1497/2563/1551 1496/2561/1550
f 1496/2561/1550 1497/2563/1551 1498/2564/1552
f 623/889/657 1496/2561/1550 1498/2564/1552
f 622/888/656 1496/2561/1550 623/889/657
f 1497/2563/1551 1499/2565/1553 1498/2564/1552
f 1498/2564/1552 1499/2565/1553 1500/2566/1554
f 1498/2564/1552 1500/2566/1554 1501/2567/1555
f 623/889/657 1498/2564/1552 1501/2567/1555
f 1500/2566/1554 1502/2568/1556 1501/2567/1555
f 641/913/677 1501/2569/1555 1502/2570/1556
f 640/912/676 1501/2569/1555 641/913/677
f 640/2571/676 646/2572/682 1501/2567/1555
f 624/890/658 1501/2567/1555 646/2572/682
f 623/889/657 1501/2567/1555 624/890/658
f 1499/2573/1553 1502/2574/1556 1500/2575/1554
f 1499/2573/1553 1503/2576/1557 1502/2574/1556
f 1502/2574/1556 1503/2576/1557 1504/2577/1558
f 638/909/674 1502/2574/1556 1504/2577/1558
f 637/908/673 1502/2574/1556 638/909/674
f 637/914/673 641/913/677 1502/2570/1556
f 1503/2578/1557 1505/2579/1559 1504/2580/1558
f 1504/2581/1558 1505/2582/1559 1506/2583/1560
f 1504/2584/1558 1506/2585/1560 1507/2586/1561
f 1504/2584/1558 1507/2586/1561 1508/2587/1562
f 634/905/670 1504/2577/1558 1508/2588/1562
f 634/905/670 638/909/674 1504/2577/1558
f 1507/2586/1561 1509/2589/1563 1508/2587/1562
f 1508/2587/1562 1509/2589/1563 1510/2590/1564
f 635/2591/671 1508/2587/1562 1510/2590/1564
f 634/905/670 1508/2588/1562 635/906/671
f 1509/2589/1563 1511/2592/1565 1510/2590/1564
f 1510/2590/1564 1511/2592/1565 1512/2593/1566
f 1510/2590/1564 1512/2593/1566 1513/2594/1567
f 635/906/671 1510/2595/1564 1513/2596/1567
f 636/907/672 1513/2596/1567 642/915/678
f 635/906/671 1513/2596/1567 636/907/672
f 1512/2593/1566 1514/2597/1568 1513/2594/1567
f 1513/2594/1567 1514/2597/1568 1515/2598/1569
f 1513/2599/1567 1515/2600/1569 1516/2601/1570
f 642/2602/678 1513/2599/1567 1516/2601/1570
f 643/923/679 1516/2603/1570 647/924/683
f 642/915/678 1516/2604/1570 643/916/679
f 1515/2600/1569 1517/2605/1571 1516/2601/1570
f 1516/2603/1570 1517/2606/1571 1518/2607/1572
f 1516/2603/1570 1518/2607/1572 1519/2608/1573
f 647/924/683 1516/2603/1570 1519/2608/1573
f 648/926/684 1519/2608/1573 651/933/687
f 647/924/683 1519/2608/1573 648/926/684
f 1518/2607/1572 1520/2609/1574 1519/2608/1573
f 1519/2608/1573 1520/2609/1574 1521/2610/1575
f 659/943/695 1519/2608/1573 1521/2610/1575
f 651/933/687 1519/2608/1573 659/943/695
f 1520/2609/1574 1522/2611/1576 1521/2610/1575
f 1521/2610/1575 1522/2611/1576 1523/2612/1577
f 660/944/696 1521/2610/1575 1523/2612/1577
f 659/943/695 1521/2610/1575 660/944/696
f 1522/2611/1576 1524/2613/1578 1523/2612/1577
f 1523/2612/1577 1524/2613/1578 1525/2614/1579
f 663/948/699 1523/2612/1577 1525/2614/1579
f 660/944/696 1523/2612/1577 663/948/699
f 1524/2615/1578 1526/2616/1580 1525/2617/1579
f 1525/2617/1579 1526/2616/1580 1527/2618/1581
f 666/952/702 1525/2614/1579 1527/2619/1581
f 663/948/699 1525/2614/1579 666/952/702
f 1526/2616/1580 1528/2620/1582 1527/2618/1581
f 1527/2618/1581 1528/2620/1582 1529/2621/1583
f 669/958/705 1527/2622/1581 1529/2623/1583
f 666/954/702 1527/2622/1581 669/958/705
f 1528/2620/1582 1530/2624/1584 1529/2621/1583
f 1529/2621/1583 1530/2624/1584 1531/2625/1585
f 1529/2621/1583 1531/2625/1585 1532/2626/1586
f 669/958/705 1529/2623/1583 1532/2627/1586
f 670/959/706 1532/2627/1586 674/963/710
f 669/958/705 1532/2627/1586 670/959/706
f 629/899/664 1532/2626/1586 1531/2625/1585
f 629/899/664 1533/2628/1587 1532/2626/1586
f 1532/2627/1586 1533/2629/1587 1534/2630/1588
f 674/963/710 1532/2627/1586 1534/2630/1588
f 675/964/711 1534/2630/1588 679/2631/715
f 674/963/710 1534/2630/1588 675/964/711
f 1533/2632/1587 1535/2633/1589 1534/2634/1588
f 1534/2634/1588 1535/2633/1589 1536/2635/1590
f 1534/2630/1588 1536/2636/1590 1537/2637/1591
f 679/2631/715 1534/2630/1588 1537/2637/1591
f 680/2638/716 1537/2639/1591 683/978/719
f 679/971/715 1537/2640/1591 680/972/716
f 1536/2635/1590 1538/2641/1592 1537/2642/1591
f 1537/2642/1591 1538/2641/1592 1539/2643/1593
f 1537/2639/1591 1539/2644/1593 1540/2645/1594
f 683/978/719 1537/2639/1591 1540/2645/1594
f 684/979/720 1540/2645/1594 688/986/724
f 683/978/719 1540/2645/1594 684/979/720
f 1539/2644/1593 1541/2646/1595 1540/2645/1594
f 1540/2645/1594 1541/2646/1595 1542/2647/1596
f 1540/2645/1594 1542/2647/1596 1543/2648/1597
f 688/986/724 1540/2645/1594 1543/2648/1597
f 689/987/725 1543/2648/1597 693/2649/729
f 688/986/724 1543/2648/1597 689/987/725
f 1542/2647/1596 1544/2650/1598 1543/2648/1597
f 1543/2648/1597 1544/2650/1598 1545/2651/1599
f 1543/2648/1597 1545/2651/1599 1546/2652/1600
f 693/2649/729 1543/2648/1597 1546/2652/1600
f 694/993/730 1546/2653/1600 698/997/734
f 693/992/729 1546/2653/1600 694/993/730
f 1545/2651/1599 1547/2654/1601 1546/2652/1600
f 1546/2652/1600 1547/2654/1601 1548/2655/1602
f 1546/2656/1600 1548/2657/1602 1549/2658/1603
f 698/999/734 1546/2656/1600 1549/2658/1603
f 699/1000/735 1549/2658/1603 703/1005/739
f 698/999/734 1549/2658/1603 699/1000/735
f 1548/2659/1602 1550/2660/1604 1549/2661/1603
f 1549/2661/1603 1550/2660/1604 1551/2662/1605
f 1549/2661/1603 1551/2662/1605 1552/2663/1606
f 703/2664/739 1549/2661/1603 1552/2663/1606
f 704/2665/740 1552/2663/1606 708/2666/744
f 703/2664/739 1552/2663/1606 704/2665/740
f 1551/2662/1605 1553/2667/1607 1552/2663/1606
f 1552/2663/1606 1553/2667/1607 1554/2668/1608
f 1552/2663/1606 1554/2668/1608 1555/2669/1609
f 708/2666/744 1552/2663/1606 1555/2669/1609
f 709/1018/745 1555/2670/1609 713/1019/749
f 708/2671/744 1555/2670/1609 709/1018/745
f 1554/2668/1608 1556/2672/1610 1555/2669/1609
f 1555/2669/1609 1556/2672/1610 1557/2673/1611
f 1555/2670/1609 1557/2674/1611 1558/2675/1612
f 713/1019/749 1555/2670/1609 1558/2675/1612
f 714/1021/750 1558/2675/1612 718/1026/754
f 713/1019/749 1558/2675/1612 714/1021/750
f 1557/2674/1611 1559/2676/1613 1558/2675/1612
f 1558/2675/1612 1559/2676/1613 1560/2677/1614
f 1558/2675/1612 1560/2677/1614 1561/2678/1615
f 718/1026/754 1558/2675/1612 1561/2678/1615
f 719/2679/755 1561/2680/1615 723/1033/759
f 718/1026/754 1561/2678/1615 719/1027/755
f 1560/2681/1614 1562/2682/1616 1561/2683/1615
f 1561/2683/1615 1562/2682/1616 1563/2684/1617
f 1561/2685/1615 1563/2686/1617 1564/2687/1618
f 723/1033/759 1561/2680/1615 1564/2688/1618
f 724/1034/760 1564/2688/1618 728/1040/764
f 723/1033/759 1564/2688/1618 724/1034/760
f 1563/2686/1617 1565/2689/1619 1564/2687/1618
f 1564/2687/1618 1565/2689/1619 1566/2690/1620
f 1564/2691/1618 1566/2692/1620 1567/2693/1621
f 728/2694/764 1564/2691/1618 1567/2693/1621
f 729/1045/765 1567/2693/1621 733/1046/769
f 728/2694/764 1567/2693/1621 729/1045/765
f 1566/2692/1620 1568/2695/1622 1567/2693/1621
f 1567/2693/1621 1568/2695/1622 1569/2696/1623
f 1567/2693/1621 1569/2696/1623 1570/2697/1624
f 733/1046/769 1567/2693/1621 1570/2697/1624
f 734/1048/770 1570/2697/1624 738/1053/774
f 733/1046/769 1570/2697/1624 734/1048/770
f 1569/2696/1623 1571/2698/1625 1570/2697/1624
f 1570/2697/1624 1571/2698/1625 1572/2699/1626
f 1570/2700/1624 1572/2701/1626 1573/2702/1627
f 738/1053/774 1570/2697/1624 1573/2703/1627
f 739/1055/775 1573/2703/1627 743/2704/779
f 738/1053/774 1573/2703/1627 739/1055/775
f 1572/2701/1626 1574/2705/1628 1573/2702/1627
f 1573/2702/1627 1574/2705/1628 1575/2706/1629
f 1573/2702/1627 1575/2706/1629 1576/2707/1630
f 743/2708/779 1573/2702/1627 1576/2707/1630
f 744/2709/780 1576/2707/1630 748/2710/784
f 743/2708/779 1576/2707/1630 744/2709/780
f 1575/2706/1629 1577/2711/1631 1576/2707/1630
f 1576/2707/1630 1577/2711/1631 1578/2712/1632
f 1576/2707/1630 1578/2712/1632 1579/2713/1633
f 748/2710/784 1576/2707/1630 1579/2713/1633
f 749/2714/785 1579/2715/1633 1580/2716/1634
f 748/2717/784 1579/2715/1633 749/2714/785
f 1578/2712/1632 1581/2718/1635 1579/2713/1633
f 1579/2713/1633 1581/2718/1635 1582/2719/1636
f 1579/2715/1633 1582/2720/1636 1583/2721/1637
f 1579/2715/1633 1583/2721/1637 1580/2716/1634
f 512/2722/488 1583/2721/1637 1584/2723/1638
f 512/2722/488 1580/2716/1634 1583/2721/1637
f 1582/2720/1636 1585/2724/1639 1583/2721/1637
f 1583/2725/1637 1585/2726/1639 1586/2727/1640
f 1583/2728/1637 1586/2729/1640 1587/2730/1641
f 1583/2721/1637 1587/2731/1641 1584/2723/1638
f 1587/2730/1641 1588/2732/1642 1589/2733/1643
f 1584/2723/1638 1587/2731/1641 1589/2734/1643
f 1586/2729/1640 1590/2735/1644 1587/2730/1641
f 1587/2730/1641 1590/2735/1644 1591/2736/1645
f 1587/2730/1641 1591/2736/1645 1592/2737/1646
f 1587/2730/1641 1592/2737/1646 1588/2732/1642
f 1592/2738/1646 1593/2739/1647 1594/2740/1648
f 1588/2741/1642 1592/2738/1646 1594/2740/1648
f 1591/2736/1645 1595/2742/1649 1592/2737/1646
f 1592/2737/1646 1595/2742/1649 1596/2743/1650
f 1592/2737/1646 1596/2743/1650 1597/2744/1651
f 1592/2745/1646 1597/2746/1651 1593/2747/1647
f 480/628/453 1597/2748/1651 1598/2749/1652
f 480/2750/453 1593/2747/1647 1597/2746/1651
f 1596/2743/1650 1599/2751/1653 1597/2744/1651
f 1597/2752/1651 1599/2753/1653 1600/2754/1654
f 1597/2752/1651 1600/2754/1654 1601/2755/1655
f 1597/2748/1651 1601/2756/1655 1598/2749/1652
f 1601/2756/1655 1602/2757/1656 1603/2758/1657
f 1598/2749/1652 1601/2756/1655 1603/2758/1657
f 1600/2754/1654 1604/2759/1658 1601/2755/1655
f 459/2760/430 1601/2756/1655 1604/2761/1658
f 458/2762/429 1601/2756/1655 459/2760/430
f 458/2762/429 1602/2757/1656 1601/2756/1655
f 1599/2753/1653 1604/2759/1658 1600/2754/1654
f 1599/2763/1653 1605/2764/1659 1604/2765/1658
f 1604/2765/1658 1605/2764/1659 1606/2766/1660
f 1604/2767/1658 1606/2768/1660 1607/2769/1661
f 460/2770/431 1604/2767/1658 1607/2769/1661
f 459/596/430 1604/2771/1658 460/597/431
f 1606/2766/1660 1608/2772/1662 1607/2773/1661
f 1607/2769/1661 1608/2774/1662 1609/2775/1663
f 463/2776/434 1607/2769/1661 1609/2775/1663
f 460/2770/431 1607/2769/1661 463/2776/434
f 1430/2428/1484 1609/2777/1663 1608/2778/1662
f 1428/2424/1482 1609/2777/1663 1430/2428/1484
f 1427/2779/1481 1609/2777/1663 1428/2424/1482
f 463/2780/434 1609/2781/1663 1427/2782/1481
f 1606/2766/1660 1610/2783/1664 1608/2772/1662
f 1608/2772/1662 1610/2783/1664 1611/2784/1665
f 1432/2433/1486 1608/2772/1662 1611/2784/1665
f 1430/2432/1484 1608/2772/1662 1432/2433/1486
f 1610/2783/1664 1612/2785/1666 1611/2784/1665
f 1611/2784/1665 1612/2785/1666 1613/2786/1667
f 1434/2439/1488 1611/2784/1665 1613/2786/1667
f 1432/2433/1486 1611/2784/1665 1434/2439/1488
f 1612/2787/1666 1614/2788/1668 1613/2789/1667
f 1440/2452/1494 1613/2790/1667 1614/2791/1668
f 1438/2447/1492 1613/2790/1667 1440/2452/1494
f 1434/2439/1488 1613/2786/1667 1438/2792/1492
f 1612/2787/1666 1615/2793/1669 1614/2788/1668
f 1614/2794/1668 1615/2795/1669 1616/2796/1670
f 1614/2794/1668 1616/2796/1670 1617/2797/1671
f 1443/2798/1497 1614/2794/1668 1617/2797/1671
f 1441/2455/1495 1614/2799/1668 1443/2460/1497
f 1440/2452/1494 1614/2791/1668 1441/2453/1495
f 1616/2796/1670 1618/2800/1672 1617/2797/1671
f 1617/2801/1671 1618/2802/1672 1619/2803/1673
f 1617/2801/1671 1619/2803/1673 1620/2804/1674
f 1446/2464/1500 1617/2797/1671 1620/2805/1674
f 1444/2463/1498 1617/2797/1671 1446/2464/1500
f 1443/2798/1497 1617/2797/1671 1444/2463/1498
f 1619/2803/1673 1621/2806/1675 1620/2804/1674
f 1620/2807/1674 1621/2808/1675 1622/2809/1676
f 1620/2807/1674 1622/2809/1676 1623/2810/1677
f 1449/2471/1503 1620/2807/1674 1623/2810/1677
f 1447/2811/1501 1620/2812/1674 1449/2813/1503
f 1446/2464/1500 1620/2805/1674 1447/2466/1501
f 1622/2809/1676 1624/2814/1678 1623/2810/1677
f 1623/2810/1677 1624/2814/1678 1625/2815/1679
f 1623/2810/1677 1625/2815/1679 1626/2816/1680
f 1452/2475/1506 1623/2810/1677 1626/2816/1680
f 1450/2472/1504 1623/2810/1677 1452/2475/1506
f 1449/2471/1503 1623/2810/1677 1450/2472/1504
f 1625/2815/1679 1627/2817/1681 1626/2816/1680
f 1626/2818/1680 1627/2819/1681 1628/2820/1682
f 1626/2818/1680 1628/2820/1682 1629/2821/1683
f 1455/2480/1509 1626/2816/1680 1629/2822/1683
f 1453/2476/1507 1626/2816/1680 1455/2480/1509
f 1452/2475/1506 1626/2816/1680 1453/2476/1507
f 1628/2820/1682 1630/2823/1684 1629/2821/1683
f 1629/2821/1683 1630/2823/1684 1631/2824/1685
f 1629/2821/1683 1631/2824/1685 1632/2825/1686
f 1458/2486/1512 1629/2821/1683 1632/2825/1686
f 1456/2485/1510 1629/2821/1683 1458/2486/1512
f 1455/2480/1509 1629/2822/1683 1456/2481/1510
f 1631/2824/1685 1633/2826/1687 1632/2825/1686
f 1632/2825/1686 1633/2826/1687 1634/2827/1688
f 1465/2508/1519 1632/2825/1686 1634/2827/1688
f 1461/2492/1515 1632/2825/1686 1465/2508/1519
f 1459/2488/1513 1632/2825/1686 1461/2492/1515
f 1458/2486/1512 1632/2825/1686 1459/2488/1513
f 1633/2826/1687 1635/2828/1689 1634/2827/1688
f 1634/2829/1688 1635/2830/1689 1636/2831/1690
f 1466/2503/1520 1634/2829/1688 1636/2831/1690
f 1465/2502/1519 1634/2829/1688 1466/2503/1520
f 1635/2830/1689 1637/2832/1691 1636/2831/1690
f 1636/2831/1690 1637/2832/1691 1638/2833/1692
f 1468/2509/1522 1636/2831/1690 1638/2833/1692
f 1466/2503/1520 1636/2831/1690 1468/2509/1522
f 1568/2834/1622 1638/2835/1692 1637/2836/1691
f 1568/2834/1622 1639/2837/1693 1638/2835/1692
f 1470/2838/1524 1638/2835/1692 1639/2837/1693
f 1468/2839/1522 1638/2835/1692 1470/2838/1524
f 1566/2690/1620 1639/2837/1693 1568/2834/1622
f 1565/2689/1619 1639/2837/1693 1566/2690/1620
f 1565/2689/1619 1640/2840/1694 1639/2837/1693
f 1470/2838/1524 1639/2837/1693 1640/2840/1694
f 1563/2686/1617 1640/2840/1694 1565/2689/1619
f 1562/2841/1616 1640/2840/1694 1563/2686/1617
f 1562/2682/1616 1641/2842/1695 1640/2843/1694
f 1473/2518/1527 1640/2844/1694 1641/2845/1695
f 1471/2515/1525 1640/2844/1694 1473/2518/1527
f 1470/2838/1524 1640/2840/1694 1471/2846/1525
f 1560/2681/1614 1641/2842/1695 1562/2682/1616
f 1559/2676/1613 1641/2847/1695 1560/2677/1614
f 1559/2848/1613 1642/2849/1696 1641/2850/1695
f 1641/2845/1695 1642/2851/1696 1643/2852/1697
f 1474/2519/1528 1641/2845/1695 1643/2852/1697
f 1473/2518/1527 1641/2845/1695 1474/2519/1528
f 1642/2849/1696 1644/2853/1698 1643/2854/1697
f 1643/2854/1697 1644/2853/1698 1645/2855/1699
f 1475/2520/1529 1643/2852/1697 1645/2856/1699
f 1474/2519/1528 1643/2852/1697 1475/2520/1529
f 1644/2853/1698 1646/2857/1700 1645/2855/1699
f 1645/2855/1699 1646/2857/1700 1647/2858/1701
f 1477/2523/1531 1645/2856/1699 1647/2859/1701
f 1475/2520/1529 1645/2856/1699 1477/2523/1531
f 1646/2857/1700 1648/2860/1702 1647/2858/1701
f 1647/2858/1701 1648/2860/1702 1649/2861/1703
f 1647/2859/1701 1649/2862/1703 1650/2863/1704
f 1477/2523/1531 1647/2859/1701 1650/2863/1704
f 1649/2864/1703 1651/2865/1705 1650/2866/1704
f 1650/2866/1704 1651/2865/1705 1652/2867/1706
f 1650/2866/1704 1652/2867/1706 1653/2868/1707
f 1480/2869/1534 1650/2866/1704 1653/2868/1707
f 1478/2524/1532 1650/2863/1704 1480/2526/1534
f 1477/2523/1531 1650/2863/1704 1478/2524/1532
f 587/2870/615 1653/2868/1707 1652/2867/1706
f 586/2871/614 1653/2868/1707 587/2870/615
f 586/2871/614 1654/2872/1708 1653/2868/1707
f 1653/2868/1707 1654/2872/1708 1655/2873/1709
f 1481/2874/1535 1653/2868/1707 1655/2873/1709
f 1480/2869/1534 1653/2868/1707 1481/2874/1535
f 1493/2875/1547 1655/2873/1709 1654/2872/1708
f 1493/2875/1547 1656/2876/1710 1655/2873/1709
f 1482/2877/1536 1655/2873/1709 1656/2876/1710
f 1481/2874/1535 1655/2873/1709 1482/2877/1536
f 1490/2550/1544 1656/2878/1710 1493/2558/1547
f 1488/2549/1542 1656/2878/1710 1490/2550/1544
f 1484/2879/1538 1656/2876/1710 1488/2880/1542
f 1482/2877/1536 1656/2876/1710 1484/2879/1538
f 585/832/613 1654/2881/1708 586/833/614
f 585/832/613 1657/2882/1711 1654/2881/1708
f 1494/2883/1548 1654/2881/1708 1657/2882/1711
f 1493/2558/1547 1654/2884/1708 1494/2559/1548
f 584/831/612 1657/2882/1711 585/832/613
f 584/831/612 592/840/621 1657/2882/1711
f 592/2885/621 1495/2560/1549 1657/2886/1711
f 1494/2559/1548 1657/2886/1711 1495/2560/1549
f 588/2887/616 1652/2867/1706 1651/2865/1705
f 587/2870/615 1652/2867/1706 588/2887/616
f 1648/2888/1702 1651/2889/1705 1649/2890/1703
f 1648/2888/1702 1658/2891/1712 1651/2889/1705
f 1651/2889/1705 1658/2891/1712 1659/2892/1713
f 588/2893/616 1651/2889/1705 1659/2892/1713
f 1658/2891/1712 1660/2894/1714 1659/2892/1713
f 1659/2892/1713 1660/2894/1714 1661/2895/1715
f 1659/2896/1713 1661/2897/1715 1662/2898/1716
f 1659/2896/1713 1662/2898/1716 1663/2899/1717
f 589/2900/617 1659/2896/1713 1663/2899/1717
f 588/2901/616 1659/2896/1713 589/2900/617
f 1662/2898/1716 1664/2902/1718 1663/2899/1717
f 1663/2899/1717 1664/2902/1718 1665/2903/1719
f 1663/2899/1717 1665/2903/1719 1666/2904/1720
f 589/2900/617 1663/2899/1717 1666/2904/1720
f 1665/2903/1719 1667/2905/1721 1666/2904/1720
f 1666/2904/1720 1667/2905/1721 1668/2906/1722
f 1666/2907/1720 1668/2908/1722 1669/2909/1723
f 1666/2910/1720 1669/2911/1723 1670/2912/1724
f 89/829/610 1666/2913/1720 1670/2914/1724
f 89/829/610 589/836/617 1666/2913/1720
f 1669/2909/1723 1671/2915/1725 1670/2916/1724
f 1670/2916/1724 1671/2915/1725 1672/2917/1726
f 583/830/611 1670/2914/1724 1672/2918/1726
f 89/829/610 1670/2914/1724 583/830/611
f 1671/2915/1725 1673/2919/1727 1672/2917/1726
f 1672/2920/1726 1673/2921/1727 1674/2922/1728
f 590/842/619 1672/2920/1726 1674/2922/1728
f 583/830/611 1672/2918/1726 590/838/619
f 1506/2583/1560 1674/2922/1728 1673/2921/1727
f 1505/2582/1559 1674/2922/1728 1506/2583/1560
f 593/843/622 1674/2922/1728 1505/2582/1559
f 590/842/619 1674/2922/1728 593/843/622
f 621/886/654 1673/2919/1727 1671/2915/1725
f 621/886/654 1675/2923/1729 1673/2919/1727
f 1507/2924/1561 1673/2921/1727 1675/2925/1729
f 1506/2583/1560 1673/2921/1727 1507/2924/1561
f 620/885/653 1675/2923/1729 621/886/654
f 620/885/653 1676/2926/1730 1675/2923/1729
f 1509/2927/1563 1675/2925/1729 1676/2928/1730
f 1507/2924/1561 1675/2925/1729 1509/2927/1563
f 619/883/652 1676/2929/1730 620/884/653
f 619/883/652 1677/2930/1731 1676/2929/1730
f 1511/2931/1565 1676/2928/1730 1677/2932/1731
f 1509/2927/1563 1676/2928/1730 1511/2931/1565
f 619/883/652 1678/2933/1732 1677/2930/1731
f 1677/2930/1731 1678/2933/1732 1679/2934/1733
f 1677/2930/1731 1679/2934/1733 1680/2935/1734
f 1511/2931/1565 1677/2932/1731 1680/2936/1734
f 1512/2593/1566 1680/2937/1734 1514/2597/1568
f 1511/2592/1565 1680/2937/1734 1512/2593/1566
f 1679/2934/1733 1681/2938/1735 1680/2935/1734
f 1680/2935/1734 1681/2938/1735 1682/2939/1736
f 1680/2937/1734 1682/2940/1736 1683/2941/1737
f 1514/2597/1568 1680/2937/1734 1683/2941/1737
f 1515/2598/1569 1683/2941/1737 1517/2942/1571
f 1514/2597/1568 1683/2941/1737 1515/2598/1569
f 1682/2940/1736 1684/2943/1738 1683/2941/1737
f 1683/2941/1737 1684/2943/1738 1685/2944/1739
f 1683/2945/1737 1685/2946/1739 1686/2947/1740
f 1517/2606/1571 1683/2945/1737 1686/2947/1740
f 1518/2607/1572 1686/2947/1740 1520/2609/1574
f 1517/2606/1571 1686/2947/1740 1518/2607/1572
f 1685/2948/1739 1687/2949/1741 1686/2950/1740
f 1686/2950/1740 1687/2949/1741 1688/2951/1742
f 1522/2611/1576 1686/2947/1740 1688/2952/1742
f 1520/2609/1574 1686/2947/1740 1522/2611/1576
f 1687/2949/1741 1689/2953/1743 1688/2951/1742
f 1688/2951/1742 1689/2953/1743 1690/2954/1744
f 1524/2615/1578 1688/2951/1742 1690/2954/1744
f 1522/2955/1576 1688/2951/1742 1524/2615/1578
f 1689/2953/1743 1691/2956/1745 1690/2954/1744
f 1690/2954/1744 1691/2956/1745 1692/2957/1746
f 1526/2616/1580 1690/2954/1744 1692/2957/1746
f 1524/2615/1578 1690/2954/1744 1526/2616/1580
f 1691/2956/1745 1693/2958/1747 1692/2957/1746
f 1692/2957/1746 1693/2958/1747 1694/2959/1748
f 1528/2620/1582 1692/2957/1746 1694/2959/1748
f 1526/2616/1580 1692/2957/1746 1528/2620/1582
f 613/2960/645 1694/2959/1748 1693/2958/1747
f 613/2960/645 1695/2961/1749 1694/2959/1748
f 1530/2624/1584 1694/2959/1748 1695/2961/1749
f 1528/2620/1582 1694/2959/1748 1530/2624/1584
f 612/2962/644 1695/2961/1749 613/2960/645
f 612/2962/644 633/903/668 1695/2961/1749
f 630/900/665 1695/2961/1749 633/903/668
f 630/900/665 1530/2624/1584 1695/2961/1749
f 1691/2963/1745 1696/2964/1750 1693/2965/1747
f 1693/2965/1747 1696/2964/1750 1697/2966/1751
f 614/875/646 1693/2965/1747 1697/2966/1751
f 613/874/645 1693/2965/1747 614/875/646
f 1696/2964/1750 1698/2967/1752 1697/2966/1751
f 1697/2966/1751 1698/2967/1752 1699/2968/1753
f 615/876/647 1697/2966/1751 1699/2968/1753
f 614/875/646 1697/2966/1751 615/876/647
f 607/2969/638 1699/2968/1753 1698/2967/1752
f 601/859/631 1699/2968/1753 607/2969/638
f 596/850/626 1699/2968/1753 601/859/631
f 596/850/626 615/876/647 1699/2968/1753
f 1696/2964/1750 1700/2970/1754 1698/2967/1752
f 1698/2967/1752 1700/2970/1754 1701/2971/1755
f 608/868/639 1698/2972/1752 1701/2973/1755
f 607/867/638 1698/2972/1752 608/868/639
f 1700/2970/1754 1702/2974/1756 1701/2971/1755
f 1701/2973/1755 1702/2975/1756 1703/2976/1757
f 609/869/640 1701/2973/1755 1703/2976/1757
f 608/868/639 1701/2973/1755 609/869/640
f 1684/2977/1738 1703/2976/1757 1702/2975/1756
f 1684/2978/1738 1704/2979/1758 1703/2980/1757
f 1703/2980/1757 1704/2979/1758 1705/2981/1759
f 609/869/640 1703/2976/1757 1705/2982/1759
f 1681/2938/1735 1705/2981/1759 1704/2979/1758
f 1681/2938/1735 1706/2983/1760 1705/2981/1759
f 1705/2981/1759 1706/2983/1760 1707/2984/1761
f 1705/2981/1759 1707/2984/1761 1708/2985/1762
f 604/864/635 1705/2982/1759 1708/2986/1762
f 604/864/635 609/869/640 1705/2982/1759
f 605/865/636 1708/2986/1762 1709/2987/1763
f 604/864/635 1708/2986/1762 605/865/636
f 1707/2984/1761 1710/2988/1764 1708/2985/1762
f 1708/2985/1762 1710/2988/1764 1709/2989/1763
f 1710/2988/1764 1711/2990/1765 1712/2991/1766
f 1709/2989/1763 1710/2988/1764 1712/2991/1766
f 1707/2984/1761 1713/2992/1767 1710/2988/1764
f 1710/2988/1764 1713/2992/1767 1714/2993/1768
f 1667/2994/1721 1710/2988/1764 1714/2993/1768
f 1667/2994/1721 1711/2990/1765 1710/2988/1764
f 618/882/651 1714/2993/1768 1713/2992/1767
f 617/879/650 1714/2995/1768 618/880/651
f 617/879/650 1668/2908/1722 1714/2995/1768
f 1667/2996/1721 1714/2995/1768 1668/2908/1722
f 1706/2983/1760 1713/2992/1767 1707/2984/1761
f 1678/2933/1732 1713/2992/1767 1706/2983/1760
f 619/883/652 1713/2992/1767 1678/2933/1732
f 618/882/651 1713/2992/1767 619/883/652
f 599/856/629 1712/2997/1766 1715/2998/1769
f 599/856/629 603/862/633 1712/2997/1766
f 603/2999/633 605/865/636 1712/3000/1766
f 605/865/636 1709/2987/1763 1712/3000/1766
f 1664/3001/1718 1712/2991/1766 1711/2990/1765
f 1664/3001/1718 1715/3002/1769 1712/2991/1766
f 600/857/630 1715/2998/1769 1716/3003/1770
f 599/856/629 1715/2998/1769 600/857/630
f 1662/3004/1716 1715/2998/1769 1664/3005/1718
f 1662/3004/1716 1716/3003/1770 1715/2998/1769
f 1716/3003/1770 1717/3006/1771 1718/3007/1772
f 600/857/630 1716/3003/1770 1718/3007/1772
f 1661/3008/1715 1716/3003/1770 1662/3004/1716
f 1661/3008/1715 1717/3006/1771 1716/3003/1770
f 1718/3009/1772 1719/3010/1773 1720/3011/1774
f 1718/3009/1772 1720/3011/1774 1721/3012/1775
f 597/858/627 1718/3007/1772 1721/3013/1775
f 597/858/627 600/857/630 1718/3007/1772
f 1717/3014/1771 1722/3015/1776 1718/3009/1772
f 1718/3009/1772 1722/3015/1776 1719/3010/1773
f 1722/3015/1776 1723/3016/1777 1724/3017/1778
f 1719/3010/1773 1722/3015/1776 1724/3017/1778
f 1661/2895/1715 1722/3015/1776 1717/3014/1771
f 1660/2894/1714 1722/3015/1776 1661/2895/1715
f 1660/2894/1714 1725/3018/1779 1722/3015/1776
f 1722/3015/1776 1725/3018/1779 1723/3016/1777
f 1725/3019/1779 1726/3020/1780 1727/3021/1781
f 1723/3022/1777 1725/3019/1779 1727/3021/1781
f 1658/2891/1712 1725/3018/1779 1660/2894/1714
f 1648/2888/1702 1725/3018/1779 1658/2891/1712
f 1646/3023/1700 1725/3018/1779 1648/2888/1702
f 1646/2857/1700 1726/3020/1780 1725/3019/1779
f 1551/2662/1605 1727/3021/1781 1553/2667/1607
f 1550/2660/1604 1727/3021/1781 1551/2662/1605
f 1550/2660/1604 1724/3024/1778 1727/3021/1781
f 1723/3022/1777 1727/3021/1781 1724/3024/1778
f 1726/3020/1780 1728/3025/1782 1727/3021/1781
f 1553/2667/1607 1727/3021/1781 1728/3025/1782
f 1554/2668/1608 1728/3025/1782 1556/2672/1610
f 1553/2667/1607 1728/3025/1782 1554/2668/1608
f 1646/2857/1700 1728/3025/1782 1726/3020/1780
f 1644/2853/1698 1728/3025/1782 1646/2857/1700
f 1642/2849/1696 1728/3025/1782 1644/2853/1698
f 1556/2672/1610 1728/3025/1782 1642/2849/1696
f 1548/2659/1602 1724/3024/1778 1550/2660/1604
f 1547/3026/1601 1724/3024/1778 1548/2659/1602
f 1547/3026/1601 1720/3027/1774 1724/3024/1778
f 1719/3010/1773 1724/3017/1778 1720/3011/1774
f 1544/2650/1598 1721/3028/1775 1720/3029/1774
f 1544/2650/1598 1729/3030/1783 1721/3028/1775
f 598/853/628 1721/3031/1775 1729/3032/1783
f 597/852/627 1721/3031/1775 598/853/628
f 1542/2647/1596 1729/3030/1783 1544/2650/1598
f 1541/2646/1595 1729/3030/1783 1542/2647/1596
f 1541/3033/1595 1730/3034/1784 1729/3032/1783
f 598/853/628 1729/3032/1783 1730/3034/1784
f 1539/3035/1593 1730/3034/1784 1541/3033/1595
f 1538/3036/1592 1730/3034/1784 1539/3035/1593
f 1538/3036/1592 1731/3037/1785 1730/3034/1784
f 1730/3034/1784 1731/3037/1785 1732/3038/1786
f 594/854/624 1730/3034/1784 1732/3038/1786
f 594/854/624 598/853/628 1730/3034/1784
f 632/3039/667 1732/3040/1786 1731/3041/1785
f 632/3042/667 1733/3043/1787 1732/3044/1786
f 595/849/625 1732/3045/1786 1733/3046/1787
f 594/854/624 1732/3038/1786 595/3047/625
f 631/901/666 1733/3048/1787 632/902/667
f 611/872/643 1733/3046/1787 631/3049/666
f 610/871/642 1733/3046/1787 611/872/643
f 595/849/625 1733/3046/1787 610/871/642
f 1536/2635/1590 1731/3041/1785 1538/2641/1592
f 1535/2633/1589 1731/3041/1785 1536/2635/1590
f 628/3050/663 1731/3041/1785 1535/2633/1589
f 628/3050/663 632/3039/667 1731/3041/1785
f 1545/2651/1599 1720/3029/1774 1547/2654/1601
f 1544/2650/1598 1720/3029/1774 1545/2651/1599
f 1665/2903/1719 1711/3051/1765 1667/2905/1721
f 1664/2902/1718 1711/3051/1765 1665/2903/1719
f 1679/2934/1733 1706/2983/1760 1681/2938/1735
f 1678/2933/1732 1706/2983/1760 1679/2934/1733
f 1682/2939/1736 1704/2979/1758 1684/2978/1738
f 1681/2938/1735 1704/2979/1758 1682/2939/1736
f 1685/3052/1739 1702/2974/1756 1687/3053/1741
f 1684/3054/1738 1702/3055/1756 1685/3056/1739
f 1689/3057/1743 1702/2974/1756 1700/2970/1754
f 1687/3053/1741 1702/2974/1756 1689/3057/1743
f 1691/2963/1745 1700/2970/1754 1696/2964/1750
f 1689/3057/1743 1700/2970/1754 1691/2963/1745
f 616/878/649 1671/2915/1725 1669/2909/1723
f 616/878/649 621/886/654 1671/2915/1725
f 617/879/650 1669/2909/1723 1668/2908/1722
f 616/878/649 1669/2909/1723 617/879/650
f 1557/2673/1611 1642/2849/1696 1559/2848/1613
f 1556/2672/1610 1642/2849/1696 1557/2673/1611
f 1569/2696/1623 1637/3058/1691 1571/2698/1625
f 1568/2695/1622 1637/3058/1691 1569/2696/1623
f 1635/2830/1689 1734/3059/1788 1637/2832/1691
f 1571/3060/1625 1637/2832/1691 1734/3059/1788
f 1572/2701/1626 1734/3059/1788 1574/2705/1628
f 1571/3060/1625 1734/3059/1788 1572/2701/1626
f 1633/3061/1687 1734/3059/1788 1635/2830/1689
f 1633/3061/1687 1735/3062/1789 1734/3059/1788
f 1734/3059/1788 1735/3062/1789 1736/3063/1790
f 1574/2705/1628 1734/3059/1788 1736/3063/1790
f 1575/2706/1629 1736/3063/1790 1577/2711/1631
f 1574/2705/1628 1736/3063/1790 1575/2706/1629
f 1630/2823/1684 1736/3064/1790 1735/3065/1789
f 1630/2823/1684 1737/3066/1791 1736/3064/1790
f 1736/3064/1790 1737/3066/1791 1738/3067/1792
f 1577/2711/1631 1736/3063/1790 1738/3068/1792
f 1578/2712/1632 1738/3068/1792 1581/2718/1635
f 1577/2711/1631 1738/3068/1792 1578/2712/1632
f 1627/2819/1681 1738/3067/1792 1737/3066/1791
f 1627/2819/1681 1739/3069/1793 1738/3067/1792
f 1738/3067/1792 1739/3069/1793 1740/3070/1794
f 1581/3071/1635 1738/3072/1792 1740/3073/1794
f 1582/3074/1636 1740/3073/1794 1585/2726/1639
f 1581/3071/1635 1740/3073/1794 1582/3074/1636
f 1624/3075/1678 1740/3076/1794 1739/3077/1793
f 1624/2814/1678 1741/3078/1795 1740/3079/1794
f 1740/3073/1794 1741/3080/1795 1742/3081/1796
f 1585/2726/1639 1740/3073/1794 1742/3081/1796
f 1586/2727/1640 1742/3081/1796 1590/3082/1644
f 1585/2726/1639 1742/3081/1796 1586/2727/1640
f 1621/2808/1675 1742/3083/1796 1741/3078/1795
f 1621/2808/1675 1743/3084/1797 1742/3083/1796
f 1742/3085/1796 1743/3086/1797 1744/3087/1798
f 1590/3088/1644 1742/3085/1796 1744/3087/1798
f 1591/2736/1645 1744/3089/1798 1595/2742/1649
f 1590/2735/1644 1744/3089/1798 1591/2736/1645
f 1618/2802/1672 1744/3087/1798 1743/3086/1797
f 1618/2802/1672 1745/3090/1799 1744/3087/1798
f 1744/3091/1798 1745/3092/1799 1746/3093/1800
f 1595/3094/1649 1744/3091/1798 1746/3093/1800
f 1596/2743/1650 1746/3095/1800 1599/2751/1653
f 1595/2742/1649 1746/3095/1800 1596/2743/1650
f 1615/3096/1669 1746/3093/1800 1745/3092/1799
f 1615/2793/1669 1747/3097/1801 1746/3098/1800
f 1605/3099/1659 1746/3098/1800 1747/3097/1801
f 1599/2751/1653 1746/3095/1800 1605/3100/1659
f 1612/2787/1666 1747/3097/1801 1615/2793/1669
f 1610/2783/1664 1747/3101/1801 1612/2785/1666
f 1606/2766/1660 1747/3101/1801 1610/2783/1664
f 1605/2764/1659 1747/3101/1801 1606/2766/1660
f 1616/3102/1670 1745/3090/1799 1618/2802/1672
f 1615/3103/1669 1745/3104/1799 1616/3105/1670
f 1619/2803/1673 1743/3086/1797 1621/2806/1675
f 1618/2802/1672 1743/3086/1797 1619/2803/1673
f 1622/2809/1676 1741/3078/1795 1624/2814/1678
f 1621/2808/1675 1741/3078/1795 1622/2809/1676
f 1625/3106/1679 1739/3107/1793 1627/3108/1681
f 1624/2814/1678 1739/3109/1793 1625/2815/1679
f 1628/2820/1682 1737/3066/1791 1630/2823/1684
f 1627/2819/1681 1737/3066/1791 1628/2820/1682
f 1631/2824/1685 1735/3065/1789 1633/2826/1687
f 1630/2823/1684 1735/3065/1789 1631/2824/1685
f 1603/3110/1657 1748/3111/1802 1749/3112/1803
f 481/3113/454 1603/3110/1657 1749/3112/1803
f 480/628/453 1603/2758/1657 481/629/454
f 480/628/453 1598/2749/1652 1603/2758/1657
f 1602/2757/1656 1750/3114/1804 1603/2758/1657
f 1603/3110/1657 1750/3115/1804 1748/3111/1802
f 1750/3115/1804 1751/3116/1805 1752/3117/1806
f 1748/3111/1802 1750/3115/1804 1752/3117/1806
f 458/3118/429 1750/3115/1804 1602/3119/1656
f 457/3120/428 1750/3115/1804 458/3118/429
f 457/3120/428 1753/3121/1807 1750/3115/1804
f 1750/3115/1804 1753/3121/1807 1751/3116/1805
f 1753/3121/1807 1754/3122/1808 1755/3123/1809
f 1751/3116/1805 1753/3121/1807 1755/3123/1809
f 456/590/426 1753/3124/1807 457/592/428
f 456/590/426 1756/3125/1810 1753/3124/1807
f 1753/3124/1807 1756/3125/1810 1757/3126/1811
f 1753/3124/1807 1757/3126/1811 1754/3127/1808
f 1757/3128/1811 1758/3129/1812 1759/3130/1813
f 1754/3131/1808 1757/3132/1811 1759/3133/1813
f 1756/3125/1810 1760/3134/1814 1757/3126/1811
f 1757/3126/1811 1760/3134/1814 1761/3135/1815
f 1757/3126/1811 1761/3135/1815 1762/3136/1816
f 1757/3128/1811 1762/3137/1816 1758/3129/1812
f 1762/3137/1816 1763/3138/1817 1764/3139/1818
f 1758/3129/1812 1762/3137/1816 1764/3139/1818
f 1761/3135/1815 1765/3140/1819 1762/3136/1816
f 1762/3141/1816 1765/3142/1819 1766/3143/1820
f 1762/3141/1816 1766/3143/1820 1767/3144/1821
f 1762/3141/1816 1767/3144/1821 1763/3145/1817
f 1767/3144/1821 1768/3146/1822 1769/3147/1823
f 1763/3145/1817 1767/3144/1821 1769/3147/1823
f 1766/3143/1820 1770/3148/1824 1767/3144/1821
f 1767/3144/1821 1770/3148/1824 1771/3149/1825
f 1767/3144/1821 1771/3149/1825 1772/3150/1826
f 1767/3144/1821 1772/3150/1826 1768/3146/1822
f 1772/3151/1826 1773/3152/1827 1774/3153/1828
f 1768/3154/1822 1772/3151/1826 1774/3153/1828
f 1771/3149/1825 1775/3155/1829 1772/3150/1826
f 1772/3150/1826 1775/3155/1829 1776/3156/1830
f 1772/3151/1826 1776/3157/1830 1777/3158/1831
f 1772/3151/1826 1777/3158/1831 1773/3152/1827
f 1777/3158/1831 1778/3159/1832 1779/3160/1833
f 1773/3152/1827 1777/3158/1831 1779/3160/1833
f 1776/3161/1830 1780/3162/1834 1777/3163/1831
f 1777/3163/1831 1780/3162/1834 1781/3164/1835
f 1777/3163/1831 1781/3164/1835 1782/3165/1836
f 1777/3163/1831 1782/3165/1836 1778/3166/1832
f 1782/3167/1836 1783/3168/1837 1784/3169/1838
f 1782/3167/1836 1784/3169/1838 1785/3170/1839
f 1782/3167/1836 1785/3170/1839 1786/3171/1840
f 1778/3172/1832 1782/3167/1836 1786/3171/1840
f 1781/3164/1835 1787/3173/1841 1782/3165/1836
f 1782/3165/1836 1787/3173/1841 1783/3174/1837
f 1780/3162/1834 1787/3173/1841 1781/3164/1835
f 1780/3162/1834 1788/3175/1842 1787/3173/1841
f 1787/3173/1841 1788/3175/1842 1789/3176/1843
f 1787/3173/1841 1789/3176/1843 1790/3177/1844
f 1787/3173/1841 1790/3177/1844 1791/3178/1845
f 1783/3174/1837 1787/3173/1841 1791/3178/1845
f 1784/3169/1838 1791/3179/1845 1792/3180/1846
f 1783/3168/1837 1791/3179/1845 1784/3169/1838
f 1790/3177/1844 1793/3181/1847 1791/3178/1845
f 1791/3178/1845 1793/3181/1847 1794/3182/1848
f 1791/3179/1845 1794/3183/1848 1795/3184/1849
f 1791/3179/1845 1795/3184/1849 1792/3180/1846
f 1795/3184/1849 1796/3185/1850 1797/3186/1851
f 1795/3184/1849 1797/3186/1851 1798/3187/1852
f 1795/3184/1849 1798/3187/1852 1799/3188/1853
f 1792/3180/1846 1795/3184/1849 1799/3188/1853
f 1794/3189/1848 1800/3190/1854 1795/3191/1849
f 1795/3184/1849 1800/3192/1854 1796/3185/1850
f 1793/3193/1847 1800/3190/1854 1794/3189/1848
f 1793/3193/1847 1801/3194/1855 1800/3190/1854
f 1800/3190/1854 1801/3194/1855 1802/3195/1856
f 1800/3190/1854 1802/3195/1856 1803/3196/1857
f 1800/3190/1854 1803/3196/1857 1804/3197/1858
f 1796/3185/1850 1800/3192/1854 1804/3198/1858
f 1804/3198/1858 1805/3199/1859 1806/3200/1860
f 1804/3198/1858 1806/3200/1860 1807/3201/1861
f 1797/3186/1851 1804/3198/1858 1807/3201/1861
f 1796/3185/1850 1804/3198/1858 1797/3186/1851
f 1803/3196/1857 1808/3202/1862 1804/3197/1858
f 1804/3198/1858 1808/3203/1862 1805/3199/1859
f 1802/3195/1856 1808/3202/1862 1803/3196/1857
f 1802/3195/1856 1809/3204/1863 1808/3202/1862
f 1808/3202/1862 1809/3204/1863 1810/3205/1864
f 1808/3206/1862 1810/3207/1864 1811/3208/1865
f 1808/3206/1862 1811/3208/1865 1812/3209/1866
f 1805/3210/1859 1808/3211/1862 1812/3212/1866
f 1812/3213/1866 1813/3214/1867 1814/3215/1868
f 1812/3213/1866 1814/3215/1868 1815/3216/1869
f 1806/3217/1860 1812/3212/1866 1815/3218/1869
f 1805/3210/1859 1812/3212/1866 1806/3217/1860
f 1811/3208/1865 1816/3219/1870 1812/3209/1866
f 1812/3213/1866 1816/3220/1870 1813/3214/1867
f 1810/3207/1864 1816/3219/1870 1811/3208/1865
f 1810/3207/1864 1817/3221/1871 1816/3219/1870
f 1816/3219/1870 1817/3221/1871 1818/3222/1872
f 1816/3219/1870 1818/3222/1872 1819/3223/1873
f 1816/3219/1870 1819/3223/1873 1820/3224/1874
f 1813/3214/1867 1816/3220/1870 1820/3225/1874
f 1820/3225/1874 1821/3226/1875 1822/3227/1876
f 1820/3225/1874 1822/3227/1876 1823/3228/1877
f 1814/3215/1868 1820/3225/1874 1823/3228/1877
f 1813/3214/1867 1820/3225/1874 1814/3215/1868
f 1819/3223/1873 1824/3229/1878 1820/3224/1874
f 1820/3225/1874 1824/3230/1878 1821/3226/1875
f 1818/3222/1872 1824/3229/1878 1819/3223/1873
f 1818/3222/1872 1825/3231/1879 1824/3229/1878
f 1769/3232/1823 1824/3229/1878 1825/3231/1879
f 1769/3232/1823 1826/3233/1880 1824/3229/1878
f 1824/3229/1878 1826/3233/1880 1827/3234/1881
f 1821/3226/1875 1824/3230/1878 1827/3235/1881
f 1827/3235/1881 1828/3236/1882 1829/3237/1883
f 1827/3235/1881 1829/3237/1883 1830/3238/1884
f 1822/3227/1876 1827/3235/1881 1830/3238/1884
f 1821/3226/1875 1827/3235/1881 1822/3227/1876
f 1774/3239/1828 1827/3234/1881 1826/3233/1880
f 1774/3240/1828 1828/3236/1882 1827/3235/1881
f 1829/3237/1883 1831/3241/1885 1830/3238/1884
f 1830/3242/1884 1831/3243/1885 1832/3244/1886
f 1830/3242/1884 1832/3244/1886 1833/3245/1887
f 1822/3227/1876 1830/3238/1884 1833/3246/1887
f 1832/3244/1886 1834/3247/1888 1833/3245/1887
f 1833/3245/1887 1834/3247/1888 1835/3248/1889
f 1833/3245/1887 1835/3248/1889 1836/3249/1890
f 1833/3245/1887 1836/3249/1890 1837/3250/1891
f 1823/3251/1877 1833/3245/1887 1837/3250/1891
f 1822/3227/1876 1833/3246/1887 1823/3228/1877
f 1836/3252/1890 1838/3253/1892 1837/3254/1891
f 1837/3254/1891 1838/3253/1892 1839/3255/1893
f 1814/3256/1868 1837/3254/1891 1839/3255/1893
f 1814/3257/1868 1823/3258/1877 1837/3259/1891
f 1838/3253/1892 1840/3260/1894 1839/3255/1893
f 1839/3255/1893 1840/3260/1894 1841/3261/1895
f 1815/3262/1869 1839/3255/1893 1841/3261/1895
f 1814/3215/1868 1839/3263/1893 1815/3216/1869
f 1840/3260/1894 1842/3264/1896 1841/3261/1895
f 1841/3261/1895 1842/3264/1896 1843/3265/1897
f 1806/3266/1860 1841/3261/1895 1843/3265/1897
f 1806/3217/1860 1815/3218/1869 1841/3267/1895
f 1842/3268/1896 1844/3269/1898 1843/3270/1897
f 1843/3270/1897 1844/3269/1898 1845/3271/1899
f 1807/3272/1861 1843/3270/1897 1845/3271/1899
f 1806/3200/1860 1843/3273/1897 1807/3201/1861
f 1844/3269/1898 1846/3274/1900 1845/3271/1899
f 1845/3271/1899 1846/3274/1900 1847/3275/1901
f 1797/3276/1851 1845/3271/1899 1847/3275/1901
f 1797/3276/1851 1807/3272/1861 1845/3271/1899
f 1846/3274/1900 1848/3277/1902 1847/3275/1901
f 1847/3275/1901 1848/3277/1902 1849/3278/1903
f 1798/3279/1852 1847/3275/1901 1849/3278/1903
f 1797/3276/1851 1847/3275/1901 1798/3279/1852
f 1848/3277/1902 1850/3280/1904 1849/3278/1903
f 1849/3278/1903 1850/3280/1904 1851/3281/1905
f 1799/3282/1853 1849/3278/1903 1851/3281/1905
f 1798/3279/1852 1849/3278/1903 1799/3282/1853
f 1850/3280/1904 1852/3283/1906 1851/3281/1905
f 1851/3281/1905 1852/3283/1906 1853/3284/1907
f 1851/3281/1905 1853/3284/1907 1854/3285/1908
f 1799/3282/1853 1851/3281/1905 1854/3285/1908
f 1853/3284/1907 1855/3286/1909 1854/3285/1908
f 1854/3285/1908 1855/3286/1909 1856/3287/1910
f 1785/3170/1839 1854/3288/1908 1856/3289/1910
f 1784/3169/1838 1854/3288/1908 1785/3170/1839
f 1784/3169/1838 1792/3180/1846 1854/3288/1908
f 1792/3180/1846 1799/3188/1853 1854/3288/1908
f 1855/3286/1909 1857/3290/1911 1856/3287/1910
f 1856/3287/1910 1857/3290/1911 1858/3291/1912
f 1786/3171/1840 1856/3289/1910 1858/3292/1912
f 1785/3170/1839 1856/3289/1910 1786/3171/1840
f 1857/3290/1911 1859/3293/1913 1858/3291/1912
f 1858/3294/1912 1859/3295/1913 1860/3296/1914
f 1858/3297/1912 1860/3298/1914 1861/3299/1915
f 1786/3171/1840 1858/3292/1912 1861/3300/1915
f 1831/3241/1885 1861/3299/1915 1860/3298/1914
f 1829/3237/1883 1861/3299/1915 1831/3241/1885
f 1828/3236/1882 1861/3299/1915 1829/3237/1883
f 1779/3301/1833 1861/3299/1915 1828/3236/1882
f 1778/3302/1832 1861/3299/1915 1779/3301/1833
f 1778/3172/1832 1786/3171/1840 1861/3300/1915
f 1859/3295/1913 1862/3303/1916 1860/3296/1914
f 1831/3243/1885 1860/3296/1914 1862/3303/1916
f 1859/3295/1913 1863/3304/1917 1862/3303/1916
f 1862/3303/1916 1863/3304/1917 1864/3305/1918
f 1862/3303/1916 1864/3305/1918 1865/3306/1919
f 1834/3247/1888 1862/3303/1916 1865/3306/1919
f 1832/3244/1886 1862/3303/1916 1834/3247/1888
f 1831/3243/1885 1862/3303/1916 1832/3244/1886
f 1864/3307/1918 1866/3308/1920 1865/3309/1919
f 1865/3309/1919 1866/3308/1920 1867/3310/1921
f 1865/3309/1919 1867/3310/1921 1868/3311/1922
f 1865/3309/1919 1868/3311/1922 1869/3312/1923
f 1835/3313/1889 1865/3309/1919 1869/3312/1923
f 1834/3247/1888 1865/3306/1919 1835/3248/1889
f 1868/3311/1922 1870/3314/1924 1869/3312/1923
f 1869/3312/1923 1870/3314/1924 1871/3315/1925
f 1836/3316/1890 1869/3312/1923 1871/3315/1925
f 1835/3248/1889 1869/3317/1923 1836/3249/1890
f 1870/3314/1924 1872/3318/1926 1871/3315/1925
f 1871/3315/1925 1872/3318/1926 1873/3319/1927
f 1838/3320/1892 1871/3315/1925 1873/3319/1927
f 1836/3252/1890 1871/3321/1925 1838/3253/1892
f 1872/3318/1926 1874/3322/1928 1873/3319/1927
f 1873/3319/1927 1874/3322/1928 1875/3323/1929
f 1840/3324/1894 1873/3319/1927 1875/3323/1929
f 1838/3320/1892 1873/3319/1927 1840/3324/1894
f 1874/3322/1928 1876/3325/1930 1875/3323/1929
f 1875/3323/1929 1876/3325/1930 1877/3326/1931
f 1842/3327/1896 1875/3323/1929 1877/3326/1931
f 1840/3324/1894 1875/3323/1929 1842/3327/1896
f 1876/3328/1930 1878/3329/1932 1877/3330/1931
f 1877/3330/1931 1878/3329/1932 1879/3331/1933
f 1844/3332/1898 1877/3326/1931 1879/3333/1933
f 1842/3327/1896 1877/3326/1931 1844/3332/1898
f 1878/3329/1932 1880/3334/1934 1879/3331/1933
f 1879/3331/1933 1880/3334/1934 1881/3335/1935
f 1846/3336/1900 1879/3331/1933 1881/3335/1935
f 1844/3332/1898 1879/3333/1933 1846/3337/1900
f 1880/3334/1934 1882/3338/1936 1881/3335/1935
f 1881/3335/1935 1882/3338/1936 1883/3339/1937
f 1848/3340/1902 1881/3335/1935 1883/3339/1937
f 1846/3336/1900 1881/3335/1935 1848/3340/1902
f 1882/3338/1936 1884/3341/1938 1883/3339/1937
f 1883/3339/1937 1884/3341/1938 1885/3342/1939
f 1850/3343/1904 1883/3339/1937 1885/3342/1939
f 1848/3340/1902 1883/3339/1937 1850/3343/1904
f 1884/3341/1938 1886/3344/1940 1885/3342/1939
f 1885/3342/1939 1886/3344/1940 1887/3345/1941
f 1852/3346/1906 1885/3342/1939 1887/3345/1941
f 1850/3343/1904 1885/3342/1939 1852/3346/1906
f 1886/3344/1940 1888/3347/1942 1887/3345/1941
f 1887/3345/1941 1888/3347/1942 1889/3348/1943
f 1887/3345/1941 1889/3348/1943 1890/3349/1944
f 1852/3346/1906 1887/3345/1941 1890/3349/1944
f 1889/3348/1943 1891/3350/1945 1890/3349/1944
f 1890/3349/1944 1891/3350/1945 1892/3351/1946
f 1857/3290/1911 1890/3352/1944 1892/3353/1946
f 1855/3286/1909 1890/3352/1944 1857/3290/1911
f 1853/3284/1907 1890/3352/1944 1855/3286/1909
f 1852/3283/1906 1890/3352/1944 1853/3284/1907
f 1891/3350/1945 1893/3354/1947 1892/3351/1946
f 1863/3355/1917 1892/3356/1946 1893/3357/1947
f 1859/3295/1913 1892/3358/1946 1863/3304/1917
f 1857/3290/1911 1892/3353/1946 1859/3293/1913
f 1891/3350/1945 1894/3359/1948 1893/3354/1947
f 1893/3354/1947 1894/3359/1948 1895/3360/1949
f 1893/3354/1947 1895/3360/1949 1896/3361/1950
f 1866/3308/1920 1893/3357/1947 1896/3362/1950
f 1864/3307/1918 1893/3357/1947 1866/3308/1920
f 1863/3355/1917 1893/3357/1947 1864/3307/1918
f 1895/3363/1949 1897/3364/1951 1896/3365/1950
f 1896/3365/1950 1897/3364/1951 1898/3366/1952
f 1896/3365/1950 1898/3366/1952 1899/3367/1953
f 1896/3365/1950 1899/3367/1953 1900/3368/1954
f 1867/3310/1921 1896/3362/1950 1900/3369/1954
f 1866/3308/1920 1896/3362/1950 1867/3310/1921
f 1899/3367/1953 1901/3370/1955 1900/3368/1954
f 1900/3368/1954 1901/3370/1955 1902/3371/1956
f 1868/3311/1922 1900/3369/1954 1902/3372/1956
f 1867/3310/1921 1900/3369/1954 1868/3311/1922
f 1901/3370/1955 1903/3373/1957 1902/3371/1956
f 1902/3371/1956 1903/3373/1957 1904/3374/1958
f 1870/3314/1924 1902/3372/1956 1904/3375/1958
f 1868/3311/1922 1902/3372/1956 1870/3314/1924
f 1903/3373/1957 1905/3376/1959 1904/3374/1958
f 1904/3374/1958 1905/3376/1959 1906/3377/1960
f 1872/3318/1926 1904/3375/1958 1906/3378/1960
f 1870/3314/1924 1904/3375/1958 1872/3318/1926
f 1905/3376/1959 1907/3379/1961 1906/3377/1960
f 1906/3377/1960 1907/3379/1961 1908/3380/1962
f 1874/3322/1928 1906/3378/1960 1908/3381/1962
f 1872/3318/1926 1906/3378/1960 1874/3322/1928
f 1907/3379/1961 1909/3382/1963 1908/3380/1962
f 1908/3380/1962 1909/3382/1963 1910/3383/1964
f 1876/3328/1930 1908/3384/1962 1910/3385/1964
f 1874/3322/1928 1908/3381/1962 1876/3325/1930
f 1909/3382/1963 1911/3386/1965 1910/3383/1964
f 1910/3387/1964 1911/3388/1965 1912/3389/1966
f 1878/3329/1932 1910/3385/1964 1912/3390/1966
f 1876/3328/1930 1910/3385/1964 1878/3329/1932
f 1911/3388/1965 1913/3391/1967 1912/3389/1966
f 1912/3389/1966 1913/3391/1967 1914/3392/1968
f 1880/3334/1934 1912/3390/1966 1914/3393/1968
f 1878/3329/1932 1912/3390/1966 1880/3334/1934
f 1913/3391/1967 1915/3394/1969 1914/3392/1968
f 1914/3392/1968 1915/3394/1969 1916/3395/1970
f 1882/3338/1936 1914/3393/1968 1916/3396/1970
f 1880/3334/1934 1914/3393/1968 1882/3338/1936
f 1915/3394/1969 1917/3397/1971 1916/3395/1970
f 1916/3395/1970 1917/3397/1971 1918/3398/1972
f 1884/3341/1938 1916/3396/1970 1918/3399/1972
f 1882/3338/1936 1916/3396/1970 1884/3341/1938
f 1917/3397/1971 1919/3400/1973 1918/3398/1972
f 1918/3398/1972 1919/3400/1973 1920/3401/1974
f 1886/3402/1940 1918/3398/1972 1920/3401/1974
f 1884/3341/1938 1918/3399/1972 1886/3344/1940
f 1919/3400/1973 1921/3403/1975 1920/3401/1974
f 1920/3401/1974 1921/3403/1975 1922/3404/1976
f 1888/3405/1942 1920/3401/1974 1922/3404/1976
f 1886/3344/1940 1920/3406/1974 1888/3347/1942
f 1921/3403/1975 1923/3407/1977 1922/3404/1976
f 1922/3404/1976 1923/3407/1977 1924/3408/1978
f 1894/3409/1948 1922/3404/1976 1924/3408/1978
f 1888/3347/1942 1922/3410/1976 1894/3359/1948
f 1923/3407/1977 1925/3411/1979 1924/3408/1978
f 1897/3412/1951 1924/3408/1978 1925/3411/1979
f 1895/3413/1949 1924/3408/1978 1897/3412/1951
f 1894/3359/1948 1924/3414/1978 1895/3360/1949
f 1923/3407/1977 1926/3415/1980 1925/3411/1979
f 1925/3416/1979 1926/3417/1980 1927/3418/1981
f 1925/3416/1979 1927/3418/1981 1928/3419/1982
f 1925/3420/1979 1928/3421/1982 1929/3422/1983
f 1898/3366/1952 1925/3420/1979 1929/3422/1983
f 1897/3364/1951 1925/3420/1979 1898/3366/1952
f 1928/3419/1982 1930/3423/1984 1929/3424/1983
f 1929/3422/1983 1930/3425/1984 1931/3426/1985
f 1899/3367/1953 1929/3422/1983 1931/3426/1985
f 1898/3366/1952 1929/3422/1983 1899/3367/1953
f 1930/3427/1984 1932/3428/1986 1931/3429/1985
f 1931/3426/1985 1932/3430/1986 1933/3431/1987
f 1901/3370/1955 1931/3426/1985 1933/3431/1987
f 1899/3367/1953 1931/3426/1985 1901/3370/1955
f 1932/3428/1986 1934/3432/1988 1933/3433/1987
f 1933/3431/1987 1934/3434/1988 1935/3435/1989
f 1903/3373/1957 1933/3431/1987 1935/3435/1989
f 1901/3370/1955 1933/3431/1987 1903/3373/1957
f 1934/3434/1988 1936/3436/1990 1935/3435/1989
f 1935/3435/1989 1936/3436/1990 1937/3437/1991
f 1905/3376/1959 1935/3435/1989 1937/3437/1991
f 1903/3373/1957 1935/3435/1989 1905/3376/1959
f 1936/3438/1990 1938/3439/1992 1937/3440/1991
f 1937/3437/1991 1938/3441/1992 1939/3442/1993
f 1907/3379/1961 1937/3437/1991 1939/3442/1993
f 1905/3376/1959 1937/3437/1991 1907/3379/1961
f 1938/3439/1992 1940/3443/1994 1939/3444/1993
f 1939/3442/1993 1940/3445/1994 1941/3446/1995
f 1909/3382/1963 1939/3442/1993 1941/3446/1995
f 1907/3379/1961 1939/3442/1993 1909/3382/1963
f 1940/3443/1994 1942/3447/1996 1941/3448/1995
f 1941/3446/1995 1942/3449/1996 1943/3450/1997
f 1911/3386/1965 1941/3446/1995 1943/3450/1997
f 1909/3382/1963 1941/3446/1995 1911/3386/1965
f 1942/3451/1996 1944/3452/1998 1943/3453/1997
f 1943/3453/1997 1944/3452/1998 1945/3454/1999
f 1913/3391/1967 1943/3455/1997 1945/3456/1999
f 1911/3388/1965 1943/3455/1997 1913/3391/1967
f 1944/3457/1998 1946/3458/2000 1945/3459/1999
f 1945/3460/1999 1946/3461/2000 1947/3462/2001
f 1915/3394/1969 1945/3456/1999 1947/3463/2001
f 1913/3391/1967 1945/3456/1999 1915/3394/1969
f 1946/3464/2000 1948/3465/2002 1947/3466/2001
f 1947/3466/2001 1948/3465/2002 1949/3467/2003
f 1917/3397/1971 1947/3463/2001 1949/3468/2003
f 1915/3394/1969 1947/3463/2001 1917/3397/1971
f 1948/3465/2002 1950/3469/2004 1949/3467/2003
f 1949/3467/2003 1950/3469/2004 1951/3470/2005
f 1919/3400/1973 1949/3468/2003 1951/3471/2005
f 1917/3397/1971 1949/3468/2003 1919/3400/1973
f 393/3472/354 1951/3470/2005 1950/3469/2004
f 393/3472/354 1952/3473/2006 1951/3470/2005
f 1921/3403/1975 1951/3471/2005 1952/3474/2006
f 1919/3400/1973 1951/3471/2005 1921/3403/1975
f 392/3475/353 1952/3473/2006 393/3472/354
f 392/3475/353 1926/3476/1980 1952/3473/2006
f 1923/3477/1977 1952/3478/2006 1926/3479/1980
f 1921/3403/1975 1952/3474/2006 1923/3407/1977
f 368/455/324 1950/3469/2004 1948/3465/2002
f 368/455/324 1953/3480/2007 1950/3469/2004
f 387/3481/348 1950/3469/2004 1953/3480/2007
f 387/3481/348 393/3472/354 1950/3469/2004
f 367/454/323 1953/3480/2007 368/455/324
f 367/454/323 1954/3482/2008 1953/3480/2007
f 388/487/349 1953/3483/2007 1954/3484/2008
f 387/486/348 1953/3483/2007 388/487/349
f 1954/3484/2008 1955/3485/2009 1956/3486/2010
f 388/487/349 1954/3484/2008 1956/3486/2010
f 366/453/322 1954/3482/2008 367/454/323
f 366/453/322 1955/3487/2009 1954/3482/2008
f 1956/3488/2010 1957/3489/2011 1958/3490/2012
f 1956/3491/2010 1958/3492/2012 1959/3493/2013
f 389/488/350 1956/3486/2010 1959/3494/2013
f 388/487/349 1956/3486/2010 389/488/350
f 1955/3495/2009 1960/3496/2014 1956/3488/2010
f 1956/3488/2010 1960/3496/2014 1957/3489/2011
f 1960/3496/2014 1961/3497/2015 1962/3498/2016
f 1957/3489/2011 1960/3496/2014 1962/3498/2016
f 366/3499/322 1960/3496/2014 1955/3495/2009
f 366/3499/322 1963/3500/2017 1960/3496/2014
f 1960/3496/2014 1963/3500/2017 1964/3501/2018
f 1960/3496/2014 1964/3501/2018 1961/3497/2015
f 1964/3502/2018 1965/3503/2019 1966/3504/2020
f 1961/3497/2015 1964/3501/2018 1966/3505/2020
f 1963/3500/2017 1967/3506/2021 1964/3501/2018
f 1964/3501/2018 1967/3506/2021 1968/3507/2022
f 1964/3501/2018 1968/3507/2022 1969/3508/2023
f 1964/3501/2018 1969/3508/2023 1965/3509/2019
f 1969/3510/2023 1970/3511/2024 1971/3512/2025
f 1965/3513/2019 1969/3510/2023 1971/3512/2025
f 1968/3507/2022 1972/3514/2026 1969/3508/2023
f 1969/3510/2023 1972/3515/2026 1973/3516/2027
f 1969/3510/2023 1973/3516/2027 1974/3517/2028
f 1969/3510/2023 1974/3517/2028 1970/3511/2024
f 1974/3517/2028 1975/3518/2029 1976/3519/2030
f 1970/3511/2024 1974/3517/2028 1976/3519/2030
f 327/391/276 1974/3517/2028 1973/3516/2027
f 326/390/275 1974/3517/2028 327/391/276
f 277/308/214 1974/3517/2028 326/390/275
f 277/308/214 1975/3518/2029 1974/3517/2028
f 931/1433/984 1976/3520/2030 932/1434/985
f 931/1433/984 1977/3521/2031 1976/3520/2030
f 1971/3522/2025 1976/3520/2030 1977/3521/2031
f 1970/3511/2024 1976/3519/2030 1971/3512/2025
f 934/1439/987 1976/3520/2030 1975/3523/2029
f 932/1434/985 1976/3520/2030 934/1439/987
f 930/1431/983 1977/3521/2031 931/1433/984
f 930/1431/983 1978/3524/2032 1977/3521/2031
f 1977/3521/2031 1978/3524/2032 1979/3525/2033
f 1971/3522/2025 1977/3521/2031 1979/3525/2033
f 1978/3524/2032 1980/3526/2034 1979/3525/2033
f 1979/3525/2033 1980/3526/2034 1981/3527/2035
f 1979/3525/2033 1981/3527/2035 1982/3528/2036
f 1966/3529/2020 1979/3530/2033 1982/3531/2036
f 1965/3513/2019 1979/3530/2033 1966/3529/2020
f 1965/3513/2019 1971/3512/2025 1979/3530/2033
f 1981/3527/2035 1983/3532/2037 1982/3528/2036
f 1982/3528/2036 1983/3532/2037 1984/3533/2038
f 1982/3534/2036 1984/3535/2038 1985/3536/2039
f 1962/3537/2016 1982/3534/2036 1985/3536/2039
f 1961/3538/2015 1982/3534/2036 1962/3537/2016
f 1961/3538/2015 1966/3539/2020 1982/3534/2036
f 1984/3535/2038 1986/3540/2040 1985/3536/2039
f 1985/3536/2039 1986/3540/2040 1987/3541/2041
f 1985/3536/2039 1987/3541/2041 1988/3542/2042
f 1958/3492/2012 1985/3536/2039 1988/3542/2042
f 1957/3543/2011 1985/3536/2039 1958/3492/2012
f 1957/3543/2011 1962/3537/2016 1985/3536/2039
f 1987/3541/2041 1989/3544/2043 1988/3542/2042
f 1988/3545/2042 1989/3546/2043 1990/3547/2044
f 1988/3548/2042 1990/3549/2044 1991/3550/2045
f 1988/3542/2042 1991/3551/2045 1992/3552/2046
f 1959/3493/2013 1988/3542/2042 1992/3552/2046
f 1958/3492/2012 1988/3542/2042 1959/3493/2013
f 1991/3553/2045 1993/3554/2047 1992/3555/2046
f 394/3556/355 1992/3557/2046 1993/3558/2047
f 389/3559/350 1992/3552/2046 394/3560/355
f 389/3559/350 1959/3493/2013 1992/3552/2046
f 1991/3553/2045 1994/3561/2048 1993/3554/2047
f 439/3562/407 1993/3554/2047 1994/3561/2048
f 66/567/400 1993/3563/2047 439/568/407
f 66/3564/400 1995/3565/2049 1993/3566/2047
f 395/3567/356 1993/3566/2047 1995/3565/2049
f 394/3556/355 1993/3558/2047 395/3568/356
f 66/556/400 398/558/358 1995/3569/2049
f 397/505/359 1995/3570/2049 398/506/358
f 395/3571/356 1995/3572/2049 397/3573/359
f 395/498/356 397/3574/359 396/499/357
f 1994/3575/2048 1996/3576/2050 1997/3577/2051
f 1994/3561/2048 1997/3578/2051 1998/3579/2052
f 440/3580/408 1994/3561/2048 1998/3579/2052
f 439/3562/407 1994/3561/2048 440/3580/408
f 1990/3547/2044 1994/3575/2048 1991/3581/2045
f 1990/3547/2044 1996/3576/2050 1994/3575/2048
f 1997/3582/2051 1999/3583/2053 1998/3584/2052
f 1998/3584/2052 1999/3583/2053 2000/3585/2054
f 1998/3584/2052 2000/3585/2054 2001/3586/2055
f 440/570/408 1998/3584/2052 2001/3586/2055
f 2000/3587/2054 2002/3588/2056 2001/3589/2055
f 2001/3589/2055 2002/3588/2056 2003/3590/2057
f 2001/3589/2055 2003/3590/2057 2004/3591/2058
f 2001/3592/2055 2004/3593/2058 2005/3594/2059
f 436/562/404 2001/3586/2055 2005/3595/2059
f 436/562/404 440/570/408 2001/3586/2055
f 2004/3593/2058 2006/3596/2060 2005/3594/2059
f 2005/3594/2059 2006/3596/2060 2007/3597/2061
f 437/563/405 2005/3595/2059 2007/3598/2061
f 436/562/404 2005/3595/2059 437/563/405
f 2006/3596/2060 2008/3599/2062 2007/3597/2061
f 2007/3597/2061 2008/3599/2062 2009/3600/2063
f 2007/3598/2061 2009/3601/2063 2010/3602/2064
f 437/563/405 2007/3598/2061 2010/3602/2064
f 438/3603/406 2010/3604/2064 2011/3605/2065
f 437/563/405 2010/3602/2064 438/3606/406
f 2009/3600/2063 2012/3607/2066 2010/3608/2064
f 2010/3608/2064 2012/3607/2066 2013/3609/2067
f 2010/3610/2064 2013/3611/2067 2014/3612/2068
f 2010/3604/2064 2014/3613/2068 2011/3605/2065
f 2014/3613/2068 2015/3614/2069 2016/3615/2070
f 2011/3605/2065 2014/3613/2068 2016/3615/2070
f 2013/3616/2067 2017/3617/2071 2014/3618/2068
f 2014/3619/2068 2017/3620/2071 2018/3621/2072
f 2014/3619/2068 2018/3621/2072 2019/3622/2073
f 2014/3613/2068 2019/3623/2073 2015/3614/2069
f 2019/3623/2073 2020/3624/2074 2021/3625/2075
f 2015/3614/2069 2019/3623/2073 2021/3625/2075
f 2018/3621/2072 2022/3626/2076 2019/3622/2073
f 2019/3622/2073 2022/3626/2076 2023/3627/2077
f 2019/3623/2073 2023/3628/2077 2024/3629/2078
f 2019/3623/2073 2024/3629/2078 2020/3624/2074
f 379/472/338 2025/3630/2079 2024/3629/2078
f 2024/3629/2078 2025/3630/2079 2026/3631/2080
f 2024/3629/2078 2026/3631/2080 2027/3632/2081
f 2020/3624/2074 2024/3629/2078 2027/3632/2081
f 380/473/339 2024/3629/2078 2023/3628/2077
f 379/472/338 2024/3629/2078 380/473/339
f 2026/3633/2080 2028/3634/2082 2027/3635/2081
f 2027/3635/2081 2028/3634/2082 2029/3636/2083
f 2027/3635/2081 2029/3636/2083 2030/3637/2084
f 2027/3635/2081 2030/3637/2084 2031/3638/2085
f 2021/3625/2075 2027/3632/2081 2031/3639/2085
f 2020/3624/2074 2027/3632/2081 2021/3625/2075
f 2030/3640/2084 2032/3641/2086 2031/3642/2085
f 2031/3642/2085 2032/3641/2086 2033/3643/2087
f 2031/3642/2085 2033/3643/2087 2034/3644/2088
f 2021/3625/2075 2031/3639/2085 2034/3645/2088
f 2033/3643/2087 2035/3646/2089 2034/3644/2088
f 2034/3644/2088 2035/3646/2089 2036/3647/2090
f 2034/3644/2088 2036/3647/2090 2037/3648/2091
f 2016/3615/2070 2034/3645/2088 2037/3649/2091
f 2015/3614/2069 2034/3645/2088 2016/3615/2070
f 2015/3614/2069 2021/3625/2075 2034/3645/2088
f 2036/3647/2090 2038/3650/2092 2037/3648/2091
f 434/3651/402 2037/3652/2091 2038/3653/2092
f 66/564/400 2037/3654/2091 434/3655/402
f 66/564/400 438/566/406 2037/3654/2091
f 438/3603/406 2011/3605/2065 2037/3649/2091
f 2011/3605/2065 2016/3615/2070 2037/3649/2091
f 2035/3646/2089 2038/3650/2092 2036/3647/2090
f 2035/3646/2089 2039/3656/2093 2038/3650/2092
f 373/463/331 2038/3653/2092 2039/3657/2093
f 373/463/331 376/467/334 2038/3653/2092
f 376/467/334 435/3658/403 2038/3653/2092
f 434/3651/402 2038/3653/2092 435/3658/403
f 2035/3646/2089 2040/3659/2094 2039/3656/2093
f 2039/3656/2093 2040/3659/2094 2041/3660/2095
f 374/464/332 2039/3657/2093 2041/3661/2095
f 373/463/331 2039/3657/2093 374/464/332
f 2040/3659/2094 2042/3662/2096 2041/3660/2095
f 340/410/291 2041/3663/2095 2042/3664/2096
f 339/409/290 2041/3663/2095 340/410/291
f 339/409/290 374/3665/332 2041/3663/2095
f 2042/3666/2096 2043/3667/2097 2044/3668/2098
f 2042/3666/2096 2044/3668/2098 2045/3669/2099
f 341/411/292 2042/3664/2096 2045/3670/2099
f 340/410/291 2042/3664/2096 341/411/292
f 2032/3641/2086 2042/3662/2096 2040/3659/2094
f 2032/3641/2086 2043/3671/2097 2042/3662/2096
f 2044/3668/2098 2046/3672/2100 2045/3669/2099
f 2045/3669/2099 2046/3672/2100 2047/3673/2101
f 2045/3670/2099 2047/3674/2101 2048/3675/2102
f 341/411/292 2045/3670/2099 2048/3675/2102
f 2047/3674/2101 2049/3676/2103 2048/3675/2102
f 2048/3675/2102 2049/3676/2103 2050/3677/2104
f 2048/3675/2102 2050/3677/2104 2051/3678/2105
f 336/3679/287 2048/3675/2102 2051/3678/2105
f 47/408/286 2048/3675/2102 336/3679/287
f 47/408/286 341/411/292 2048/3675/2102
f 301/343/243 2051/3678/2105 2050/3677/2104
f 301/343/243 307/356/249 2051/3678/2105
f 307/355/249 2052/3680/2106 2051/3681/2105
f 2051/3681/2105 2052/3680/2106 2053/3682/2107
f 337/3683/288 2051/3681/2105 2053/3682/2107
f 336/3684/287 2051/3681/2105 337/3683/288
f 1938/3439/1992 2053/3682/2107 2052/3680/2106
f 1936/3438/1990 2053/3682/2107 1938/3439/1992
f 1934/3685/1988 2053/3682/2107 1936/3438/1990
f 337/3683/288 2053/3682/2107 1934/3685/1988
f 305/354/247 2052/3680/2106 307/355/249
f 305/354/247 2054/3686/2108 2052/3680/2106
f 1940/3443/1994 2052/3680/2106 2054/3686/2108
f 1938/3439/1992 2052/3680/2106 1940/3443/1994
f 304/347/246 2054/3687/2108 305/348/247
f 304/347/246 2055/3688/2109 2054/3687/2108
f 1942/3689/1996 2054/3687/2108 2055/3688/2109
f 1940/3443/1994 2054/3686/2108 1942/3447/1996
f 304/347/246 362/3690/318 2055/3688/2109
f 362/3690/318 364/3691/320 2055/3688/2109
f 364/3691/320 1944/3457/1998 2055/3688/2109
f 1942/3689/1996 2055/3688/2109 1944/3457/1998
f 302/344/244 2050/3677/2104 2049/3676/2103
f 301/343/243 2050/3677/2104 302/344/244
f 2049/3692/2103 2056/3693/2110 2057/3694/2111
f 302/3695/244 2049/3692/2103 2057/3694/2111
f 2046/3672/2100 2049/3692/2103 2047/3673/2101
f 2046/3672/2100 2056/3693/2110 2049/3692/2103
f 2057/3696/2111 2058/3697/2112 2059/3698/2113
f 2057/3694/2111 2059/3699/2113 2060/3700/2114
f 298/3701/240 2057/3694/2111 2060/3700/2114
f 298/3701/240 302/3695/244 2057/3694/2111
f 2056/3693/2110 2061/3702/2115 2057/3694/2111
f 2057/3696/2111 2061/3703/2115 2058/3697/2112
f 2061/3703/2115 2062/3704/2116 2063/3705/2117
f 2058/3697/2112 2061/3703/2115 2063/3705/2117
f 2046/3672/2100 2061/3702/2115 2056/3693/2110
f 2046/3672/2100 2064/3706/2118 2061/3702/2115
f 2061/3703/2115 2064/3707/2118 2065/3708/2119
f 2061/3703/2115 2065/3708/2119 2062/3704/2116
f 2065/3708/2119 2066/3709/2120 2067/3710/2121
f 2062/3704/2116 2065/3708/2119 2067/3710/2121
f 2064/3707/2118 2068/3711/2122 2065/3708/2119
f 2065/3708/2119 2068/3711/2122 2069/3712/2123
f 2065/3708/2119 2069/3712/2123 2070/3713/2124
f 2065/3708/2119 2070/3713/2124 2066/3709/2120
f 2070/3714/2124 2071/3715/2125 2072/3716/2126
f 2066/3709/2120 2070/3713/2124 2072/3717/2126
f 2069/3712/2123 2073/3718/2127 2070/3713/2124
f 2070/3713/2124 2073/3718/2127 2074/3719/2128
f 2070/3714/2124 2074/3720/2128 2075/3721/2129
f 2070/3714/2124 2075/3721/2129 2071/3715/2125
f 2075/3721/2129 2076/3722/2130 2077/3723/2131
f 2071/3715/2125 2075/3721/2129 2077/3723/2131
f 2028/3634/2082 2075/3721/2129 2074/3720/2128
f 2028/3634/2082 2078/3724/2132 2075/3721/2129
f 2075/3721/2129 2078/3724/2132 2079/3725/2133
f 2075/3721/2129 2079/3725/2133 2076/3722/2130
f 2079/3725/2133 2080/3726/2134 2081/3727/2135
f 2076/3722/2130 2079/3725/2133 2081/3727/2135
f 2025/3728/2079 2079/3725/2133 2078/3724/2132
f 2025/3729/2079 2082/3730/2136 2079/3731/2133
f 2079/3731/2133 2082/3730/2136 2083/3732/2137
f 2079/3731/2133 2083/3732/2137 2080/3733/2134
f 2083/3732/2137 2084/3734/2138 2085/3735/2139
f 2080/3733/2134 2083/3732/2137 2085/3735/2139
f 378/3736/337 2083/3732/2137 2082/3730/2136
f 378/3736/337 383/3737/341 2083/3732/2137
f 383/3737/341 2086/3738/2140 2083/3732/2137
f 2083/3732/2137 2086/3738/2140 2084/3734/2138
f 172/3739/87 2086/3738/2140 173/3740/88
f 172/3739/87 2084/3734/2138 2086/3738/2140
f 382/3741/340 2086/3738/2140 383/3737/341
f 382/3741/340 2087/3742/2141 2086/3738/2140
f 2086/3738/2140 2087/3742/2141 2088/3743/2142
f 173/3744/88 2086/3745/2140 2088/3746/2142
f 174/3747/89 2088/3748/2142 2089/3749/2143
f 173/3744/88 2088/3746/2142 174/3750/89
f 2087/3751/2141 2090/3752/2144 2088/3753/2142
f 2088/3753/2142 2090/3752/2144 2091/3754/2145
f 2088/3753/2142 2091/3754/2145 2092/3755/2146
f 2088/3748/2142 2092/3756/2146 2089/3749/2143
f 2092/3757/2146 2093/3758/2147 2094/3759/2148
f 2089/3760/2143 2092/3757/2146 2094/3759/2148
f 2091/3754/2145 2095/3761/2149 2092/3755/2146
f 2092/3762/2146 2095/3763/2149 2096/3764/2150
f 2092/3762/2146 2096/3764/2150 2097/3765/2151
f 2092/3757/2146 2097/3766/2151 2093/3758/2147
f 2097/3766/2151 2098/3767/2152 2099/3768/2153
f 2093/3758/2147 2097/3766/2151 2099/3768/2153
f 2096/3764/2150 2100/3769/2154 2097/3765/2151
f 2097/3765/2151 2100/3769/2154 2101/3770/2155
f 236/3771/161 2097/3766/2151 2101/3772/2155
f 236/3771/161 2098/3767/2152 2097/3766/2151
f 2100/3769/2154 2102/3773/2156 2101/3770/2155
f 2101/3770/2155 2102/3773/2156 2103/3774/2157
f 234/228/159 2101/3775/2155 2103/3776/2157
f 234/228/159 236/231/161 2101/3775/2155
f 2102/3773/2156 2104/3777/2158 2103/3774/2157
f 2103/3774/2157 2104/3777/2158 2105/3778/2159
f 235/229/160 2103/3776/2157 2105/3779/2159
f 234/228/159 2103/3776/2157 235/229/160
f 2104/3777/2158 2106/3780/2160 2105/3778/2159
f 2105/3778/2159 2106/3780/2160 2107/3781/2161
f 2105/3779/2159 2107/3782/2161 2108/3783/2162
f 235/229/160 2105/3779/2159 2108/3783/2162
f 232/230/157 2108/3783/2162 2109/3784/2163
f 232/230/157 235/229/160 2108/3783/2162
f 2107/3782/2161 2110/3785/2164 2108/3783/2162
f 2108/3783/2162 2110/3785/2164 2111/3786/2165
f 2108/3783/2162 2111/3786/2165 2112/3787/2166
f 2108/3783/2162 2112/3787/2166 2109/3784/2163
f 2112/3788/2166 2113/3789/2167 2114/3790/2168
f 2109/3791/2163 2112/3792/2166 2114/3793/2168
f 2111/3786/2165 2115/3794/2169 2112/3787/2166
f 2112/3788/2166 2115/3795/2169 2116/3796/2170
f 2112/3788/2166 2116/3796/2170 2117/3797/2171
f 2112/3788/2166 2117/3797/2171 2113/3789/2167
f 2116/3796/2170 2118/3798/2172 2117/3797/2171
f 308/358/251 2117/3797/2171 2118/3798/2172
f 41/357/250 2117/3797/2171 308/358/251
f 41/357/250 312/368/257 2117/3797/2171
f 312/368/257 2119/3799/2173 2117/3797/2171
f 2113/3789/2167 2117/3797/2171 2119/3799/2173
f 311/367/256 2119/3799/2173 312/368/257
f 311/367/256 314/371/260 2119/3799/2173
f 314/371/260 317/376/263 2119/3799/2173
f 317/376/263 2120/3800/2174 2119/3799/2173
f 2114/3790/2168 2119/3799/2173 2120/3800/2174
f 2113/3789/2167 2119/3799/2173 2114/3790/2168
f 317/3801/263 2121/3802/2175 2120/3803/2174
f 2120/3803/2174 2121/3802/2175 2122/3804/2176
f 233/3805/158 2120/3800/2174 2122/3806/2176
f 233/3805/158 2114/3790/2168 2120/3800/2174
f 2121/3802/2175 2123/3807/2177 2122/3804/2176
f 2122/3804/2176 2123/3807/2177 2124/3808/2178
f 211/3809/132 2122/3804/2176 2124/3808/2178
f 211/184/132 233/227/158 2122/3810/2176
f 2123/3807/2177 2125/3811/2179 2124/3808/2178
f 241/241/167 2124/3808/2178 2125/3811/2179
f 20/3812/127 2124/3808/2178 241/241/167
f 20/3813/127 211/3814/132 2124/3815/2178
f 2123/3816/2177 2126/3817/2180 2125/3818/2179
f 2125/3818/2179 2126/3817/2180 2127/3819/2181
f 2125/3818/2179 2127/3819/2181 2128/3820/2182
f 2125/3818/2179 2128/3820/2182 2129/3821/2183
f 27/186/134 2125/3811/2179 2129/3822/2183
f 27/186/134 241/241/167 2125/3811/2179
f 1337/2221/1391 2129/3821/2183 2128/3820/2182
f 1336/2220/1390 2129/3821/2183 1337/2221/1391
f 212/2217/135 2129/3823/2183 1336/2218/1390
f 27/186/134 2129/3822/2183 212/187/135
f 267/3824/204 2128/3820/2182 2127/3819/2181
f 266/3825/203 2128/3820/2182 267/3824/204
f 266/3825/203 270/2225/207 2128/3820/2182
f 270/2225/207 1337/2221/1391 2128/3820/2182
f 2126/3817/2180 2130/3826/2184 2127/3819/2181
f 267/3824/204 2127/3819/2181 2130/3826/2184
f 2126/3817/2180 2131/3827/2185 2130/3826/2184
f 2130/3826/2184 2131/3827/2185 2132/3828/2186
f 2130/3829/2184 2132/3830/2186 2133/3831/2187
f 2130/3829/2184 2133/3831/2187 2134/3832/2188
f 268/298/205 2130/3829/2184 2134/3832/2188
f 267/297/204 2130/3829/2184 268/298/205
f 2133/3831/2187 2135/3833/2189 2134/3832/2188
f 2134/3832/2188 2135/3833/2189 2136/3834/2190
f 271/301/208 2134/3832/2188 2136/3834/2190
f 268/298/205 2134/3832/2188 271/301/208
f 2135/3833/2189 2137/3835/2191 2136/3834/2190
f 2136/3834/2190 2137/3835/2191 2138/3836/2192
f 2136/3837/2190 2138/3838/2192 2139/3839/2193
f 271/3840/208 2136/3837/2190 2139/3839/2193
f 2138/3838/2192 2140/3841/2194 2139/3839/2193
f 2139/3839/2193 2140/3841/2194 2141/3842/2195
f 1354/2258/1408 2139/3839/2193 2141/3842/2195
f 1354/2258/1408 2142/3843/2196 2139/3839/2193
f 272/3844/209 2139/3839/2193 2142/3843/2196
f 271/3840/208 2139/3839/2193 272/3844/209
f 1350/2246/1404 2142/3843/2196 1354/2258/1408
f 1348/2245/1402 2142/3843/2196 1350/2246/1404
f 1346/3845/1400 2142/3843/2196 1348/2245/1402
f 272/3844/209 2142/3843/2196 1346/3845/1400
f 2140/3841/2194 2143/3846/2197 2141/3842/2195
f 1357/3847/1411 2141/3842/2195 2143/3846/2197
f 1355/2259/1409 2141/3842/2195 1357/3847/1411
f 1354/2258/1408 2141/3842/2195 1355/2259/1409
f 2140/3841/2194 2144/3848/2198 2143/3846/2197
f 2143/3849/2197 2144/3850/2198 2145/3851/2199
f 2143/3849/2197 2145/3851/2199 2146/3852/2200
f 2143/3849/2197 2146/3852/2200 2147/3853/2201
f 1358/2265/1412 2143/3849/2197 2147/3853/2201
f 1357/2264/1411 2143/3849/2197 1358/2265/1412
f 2146/3852/2200 2148/3854/2202 2147/3853/2201
f 2147/3853/2201 2148/3854/2202 2149/3855/2203
f 1359/2266/1413 2147/3853/2201 2149/3855/2203
f 1358/2265/1412 2147/3853/2201 1359/2266/1413
f 2148/3856/2202 2150/3857/2204 2149/3858/2203
f 1364/2279/1418 2149/3858/2203 2150/3857/2204
f 1361/2273/1415 2149/3858/2203 1364/2279/1418
f 1359/2272/1413 2149/3858/2203 1361/2273/1415
f 2148/3856/2202 2151/3859/2205 2150/3857/2204
f 2150/3857/2204 2151/3859/2205 2152/3860/2206
f 2150/3857/2204 2152/3860/2206 2153/3861/2207
f 1367/3862/1421 2150/3857/2204 2153/3861/2207
f 1365/2280/1419 2150/3857/2204 1367/3862/1421
f 1364/2279/1418 2150/3857/2204 1365/2280/1419
f 2152/3860/2206 2154/3863/2208 2153/3861/2207
f 2153/3861/2207 2154/3863/2208 2155/3864/2209
f 2153/3865/2207 2155/3866/2209 2156/3867/2210
f 1370/2290/1424 2153/3865/2207 2156/3867/2210
f 1368/2286/1422 2153/3865/2207 1370/2290/1424
f 1367/2285/1421 2153/3865/2207 1368/2286/1422
f 2155/3866/2209 2157/3868/2211 2156/3867/2210
f 2156/3869/2210 2157/3870/2211 2158/3871/2212
f 1375/3872/1429 2156/3869/2210 2158/3871/2212
f 1373/3873/1427 2156/3869/2210 1375/3872/1429
f 1371/3874/1425 2156/3869/2210 1373/3873/1427
f 1370/3875/1424 2156/3869/2210 1371/3874/1425
f 2157/3870/2211 2159/3876/2213 2158/3871/2212
f 2158/3871/2212 2159/3876/2213 2160/3877/2214
f 1377/2308/1431 2158/3871/2212 2160/3877/2214
f 1375/3872/1429 2158/3871/2212 1377/2308/1431
f 2159/3878/2213 2161/3879/2215 2160/3880/2214
f 2160/3877/2214 2161/3881/2215 2162/3882/2216
f 1379/2309/1433 2160/3877/2214 2162/3882/2216
f 1377/2308/1431 2160/3877/2214 1379/2309/1433
f 2161/3879/2215 2163/3883/2217 2162/3884/2216
f 2162/3882/2216 2163/3885/2217 2164/3886/2218
f 1381/2315/1435 2162/3882/2216 2164/3886/2218
f 1379/2309/1433 2162/3882/2216 1381/2315/1435
f 2163/3883/2217 2165/3887/2219 2164/3888/2218
f 2164/3886/2218 2165/3889/2219 2166/3890/2220
f 2164/3886/2218 2166/3890/2220 2167/3891/2221
f 1381/2315/1435 2164/3886/2218 2167/3891/2221
f 2166/3890/2220 2168/3892/2222 2167/3891/2221
f 2167/3891/2221 2168/3892/2222 2169/3893/2223
f 2167/3891/2221 2169/3893/2223 2170/3894/2224
f 1384/3895/1438 2167/3891/2221 2170/3894/2224
f 1382/3896/1436 2167/3891/2221 1384/3895/1438
f 1381/2315/1435 2167/3891/2221 1382/3896/1436
f 2169/3893/2223 2171/3897/2225 2170/3894/2224
f 2170/3894/2224 2171/3897/2225 2172/3898/2226
f 2170/3899/2224 2172/3900/2226 2173/3901/2227
f 1387/2326/1441 2170/3899/2224 2173/3901/2227
f 1385/2323/1439 2170/3899/2224 1387/2326/1441
f 1384/2322/1438 2170/3899/2224 1385/2323/1439
f 2172/3900/2226 2174/3902/2228 2173/3901/2227
f 2173/3901/2227 2174/3902/2228 2175/3903/2229
f 2173/3901/2227 2175/3903/2229 2176/3904/2230
f 1390/3905/1444 2173/3901/2227 2176/3904/2230
f 1388/2327/1442 2173/3901/2227 1390/3905/1444
f 1387/2326/1441 2173/3901/2227 1388/2327/1442
f 2175/3903/2229 2177/3906/2231 2176/3904/2230
f 2176/3907/2230 2177/3908/2231 2178/3909/2232
f 476/3910/449 2176/3907/2230 2178/3909/2232
f 476/3910/449 1393/3911/1447 2176/3907/2230
f 1391/2332/1445 2176/3912/2230 1393/2334/1447
f 1390/2331/1444 2176/3912/2230 1391/2332/1445
f 2177/3908/2231 2179/3913/2233 2178/3909/2232
f 2178/3909/2232 2179/3913/2233 2180/3914/2234
f 477/3915/450 2178/3909/2232 2180/3914/2234
f 476/3910/449 2178/3909/2232 477/3915/450
f 2179/3913/2233 2181/3916/2235 2180/3914/2234
f 2180/3914/2234 2181/3916/2235 2182/3917/2236
f 2180/3914/2234 2182/3917/2236 2183/3918/2237
f 477/3915/450 2180/3914/2234 2183/3918/2237
f 2182/3917/2236 2184/3919/2238 2183/3918/2237
f 2183/3918/2237 2184/3919/2238 2185/3920/2239
f 2183/3918/2237 2185/3920/2239 2186/3921/2240
f 470/3922/443 2183/3918/2237 2186/3921/2240
f 71/614/442 2183/3923/2237 470/615/443
f 71/614/442 477/624/450 2183/3923/2237
f 2186/3924/2240 2187/3925/2241 2188/3926/2242
f 2186/3927/2240 2188/3928/2242 2189/3929/2243
f 471/616/444 2186/3927/2240 2189/3929/2243
f 470/615/443 2186/3927/2240 471/616/444
f 2185/3920/2239 2190/3930/2244 2186/3921/2240
f 2186/3921/2240 2190/3930/2244 2187/3931/2241
f 2190/3932/2244 2191/3933/2245 2192/3934/2246
f 2187/3925/2241 2190/3932/2244 2192/3934/2246
f 2184/3919/2238 2190/3930/2244 2185/3920/2239
f 2184/3919/2238 2193/3935/2247 2190/3930/2244
f 449/580/418 2190/3932/2244 2193/3936/2247
f 449/580/418 2191/3933/2245 2190/3932/2244
f 450/581/419 2193/3936/2247 2194/3937/2248
f 449/580/418 2193/3936/2247 450/581/419
f 2184/3919/2238 2195/3938/2249 2193/3935/2247
f 2193/3936/2247 2195/3939/2249 2194/3937/2248
f 2195/3940/2249 2196/3941/2250 2197/3942/2251
f 2194/3937/2248 2195/3939/2249 2197/3943/2251
f 2182/3917/2236 2195/3938/2249 2184/3919/2238
f 2181/3916/2235 2195/3938/2249 2182/3917/2236
f 2181/3916/2235 2198/3944/2252 2195/3938/2249
f 2195/3940/2249 2198/3945/2252 2196/3941/2250
f 2198/3946/2252 2199/3947/2253 2200/3948/2254
f 2196/3941/2250 2198/3945/2252 2200/3949/2254
f 2179/3913/2233 2198/3944/2252 2181/3916/2235
f 2179/3913/2233 2201/3950/2255 2198/3944/2252
f 2198/3946/2252 2201/3951/2255 2202/3952/2256
f 2198/3946/2252 2202/3952/2256 2199/3947/2253
f 2202/3952/2256 2203/3953/2257 2204/3954/2258
f 2199/3947/2253 2202/3952/2256 2204/3954/2258
f 2201/3951/2255 2205/3955/2259 2202/3952/2256
f 2202/3952/2256 2205/3955/2259 2206/3956/2260
f 2202/3952/2256 2206/3956/2260 2207/3957/2261
f 2202/3952/2256 2207/3957/2261 2203/3953/2257
f 2207/3958/2261 2208/3959/2262 2209/3960/2263
f 2203/3953/2257 2207/3957/2261 2209/3961/2263
f 2206/3956/2260 2210/3962/2264 2207/3957/2261
f 2207/3957/2261 2210/3962/2264 2211/3963/2265
f 2207/3958/2261 2211/3964/2265 2212/3965/2266
f 2207/3958/2261 2212/3965/2266 2208/3959/2262
f 2212/3965/2266 2213/3966/2267 2214/3967/2268
f 2208/3959/2262 2212/3965/2266 2214/3967/2268
f 2211/3964/2265 2215/3968/2269 2212/3965/2266
f 2212/3969/2266 2215/3970/2269 2216/3971/2270
f 2212/3972/2266 2216/3973/2270 2217/3974/2271
f 2212/3975/2266 2217/3976/2271 2213/3977/2267
f 2217/3978/2271 2218/3979/2272 2219/3980/2273
f 2213/3981/2267 2217/3978/2271 2219/3980/2273
f 2216/3971/2270 2220/3982/2274 2217/3983/2271
f 414/3984/379 2217/3983/2271 2220/3982/2274
f 413/3985/378 2217/3978/2271 414/3986/379
f 413/3985/378 2218/3979/2272 2217/3978/2271
f 2215/3970/2269 2220/3982/2274 2216/3971/2270
f 2168/3987/2222 2220/3982/2274 2215/3970/2269
f 2166/3988/2220 2220/3982/2274 2168/3987/2222
f 2165/3989/2219 2220/3982/2274 2166/3988/2220
f 62/3990/374 2220/3982/2274 2165/3989/2219
f 62/3990/374 414/3984/379 2220/3982/2274
f 2219/3991/2273 2221/3992/2275 2222/3993/2276
f 2219/3991/2273 2222/3993/2276 2223/3994/2277
f 2214/3995/2268 2219/3991/2273 2223/3994/2277
f 2213/3996/2267 2219/3991/2273 2214/3995/2268
f 2218/3997/2272 2224/3998/2278 2219/3991/2273
f 2219/3991/2273 2224/3998/2278 2221/3992/2275
f 346/420/298 349/425/301 2224/3998/2278
f 349/425/301 2221/3992/2275 2224/3998/2278
f 413/3985/378 2224/3999/2278 2218/3979/2272
f 413/3985/378 2225/4000/2279 2224/3999/2278
f 347/423/299 2224/3999/2278 2225/4000/2279
f 346/4001/298 2224/3999/2278 347/423/299
f 411/4002/376 2225/4000/2279 413/3985/378
f 411/4002/376 2226/4003/2280 2225/4000/2279
f 385/483/345 2225/4000/2279 2226/4003/2280
f 347/423/299 2225/4000/2279 385/483/345
f 410/4004/375 2226/4003/2280 411/4002/376
f 410/4004/375 2227/4005/2281 2226/4003/2280
f 386/484/346 2226/4003/2280 2227/4005/2281
f 385/483/345 2226/4003/2280 386/484/346
f 410/524/375 412/526/377 2227/4006/2281
f 412/526/377 2228/4007/2282 2227/4006/2281
f 2227/4006/2281 2228/4007/2282 2229/4008/2283
f 386/484/346 2227/4005/2281 2229/4009/2283
f 2228/4007/2282 2230/4010/2284 2229/4008/2283
f 2229/4008/2283 2230/4010/2284 2231/4011/2285
f 2229/4008/2283 2231/4011/2285 2232/4012/2286
f 2229/4009/2283 2232/4013/2286 2233/4014/2287
f 384/481/344 2229/4009/2283 2233/4014/2287
f 384/481/344 386/484/346 2229/4009/2283
f 2232/4015/2286 2234/4016/2288 2233/4017/2287
f 319/380/265 2233/4017/2287 2234/4016/2288
f 318/379/264 2233/4017/2287 319/380/265
f 318/379/264 384/4018/344 2233/4017/2287
f 2232/4015/2286 2235/4019/2289 2234/4016/2288
f 2234/4016/2288 2235/4019/2289 2236/4020/2290
f 2234/4016/2288 2236/4020/2290 2237/4021/2291
f 2234/4016/2288 2237/4021/2291 2238/4022/2292
f 42/377/259 2234/4016/2288 2238/4022/2292
f 42/377/259 319/380/265 2234/4016/2288
f 2237/4021/2291 2239/4023/2293 2238/4022/2292
f 2238/4022/2292 2239/4023/2293 2240/4024/2294
f 316/4025/262 2238/4022/2292 2240/4024/2294
f 42/377/259 2238/4022/2292 316/4025/262
f 2133/3831/2187 2240/4026/2294 2239/4027/2293
f 2132/3830/2186 2240/4026/2294 2133/3831/2187
f 2131/3827/2185 2240/4028/2294 2132/3828/2186
f 316/374/262 2240/4028/2294 2131/3827/2185
f 2237/4021/2291 2241/4029/2295 2239/4023/2293
f 2239/4023/2293 2241/4029/2295 2242/4030/2296
f 2135/3833/2189 2239/4027/2293 2242/4031/2296
f 2133/3831/2187 2239/4027/2293 2135/3833/2189
f 354/431/307 2242/4030/2296 2241/4029/2295
f 354/431/307 2243/4032/2297 2242/4030/2296
f 2137/4033/2191 2242/4030/2296 2243/4032/2297
f 2135/3833/2189 2242/4031/2296 2137/3835/2191
f 353/430/306 2243/4032/2297 354/431/307
f 353/430/306 2244/4034/2298 2243/4032/2297
f 2144/4035/2198 2243/4032/2297 2244/4034/2298
f 2137/4036/2191 2243/4037/2297 2144/4038/2198
f 353/430/306 2245/4039/2299 2244/4034/2298
f 2244/4034/2298 2245/4039/2299 2246/4040/2300
f 2145/4041/2199 2244/4034/2298 2246/4040/2300
f 2144/4035/2198 2244/4034/2298 2145/4041/2199
f 2245/4039/2299 2247/4042/2301 2246/4040/2300
f 2246/4040/2300 2247/4042/2301 2248/4043/2302
f 2146/4044/2200 2246/4040/2300 2248/4043/2302
f 2145/3851/2199 2246/4045/2300 2146/3852/2200
f 2247/4046/2301 2249/4047/2303 2248/4048/2302
f 2151/4049/2205 2248/4048/2302 2249/4047/2303
f 2148/3854/2202 2248/4050/2302 2151/4051/2205
f 2146/3852/2200 2248/4050/2302 2148/3854/2202
f 2247/4046/2301 2250/4052/2304 2249/4047/2303
f 2249/4047/2303 2250/4052/2304 2251/4053/2305
f 2249/4047/2303 2251/4053/2305 2252/4054/2306
f 2154/4055/2208 2249/4047/2303 2252/4054/2306
f 2152/4056/2206 2249/4047/2303 2154/4055/2208
f 2151/4049/2205 2249/4047/2303 2152/4056/2206
f 2251/4053/2305 2253/4057/2307 2252/4054/2306
f 2252/4054/2306 2253/4057/2307 2254/4058/2308
f 2159/3878/2213 2252/4059/2306 2254/4060/2308
f 2157/4061/2211 2252/4059/2306 2159/3878/2213
f 2155/4062/2209 2252/4059/2306 2157/4061/2211
f 2154/4063/2208 2252/4059/2306 2155/4062/2209
f 2253/4057/2307 2255/4064/2309 2254/4058/2308
f 2254/4058/2308 2255/4064/2309 2256/4065/2310
f 2161/3879/2215 2254/4060/2308 2256/4066/2310
f 2159/3878/2213 2254/4060/2308 2161/3879/2215
f 416/530/381 2256/4067/2310 2255/4068/2309
f 415/529/380 2256/4067/2310 416/530/381
f 415/4069/380 2163/3883/2217 2256/4066/2310
f 2161/3879/2215 2256/4066/2310 2163/3883/2217
f 2230/4010/2284 2255/4068/2309 2257/4070/2311
f 416/530/381 2255/4068/2309 2230/4010/2284
f 2253/4071/2307 2258/4072/2312 2255/4068/2309
f 2255/4068/2309 2258/4072/2312 2257/4070/2311
f 2258/4072/2312 2259/4073/2313 2260/4074/2314
f 2257/4070/2311 2258/4072/2312 2260/4074/2314
f 2251/4053/2305 2258/4075/2312 2253/4057/2307
f 2250/4052/2304 2258/4075/2312 2251/4053/2305
f 2250/4052/2304 2261/4076/2315 2258/4075/2312
f 2258/4072/2312 2261/4077/2315 2259/4073/2313
f 351/4078/304 2261/4077/2315 352/4079/305
f 351/4078/304 2259/4073/2313 2261/4077/2315
f 2247/4046/2301 2261/4076/2315 2250/4052/2304
f 2245/4039/2299 2261/4080/2315 2247/4042/2301
f 353/430/306 2261/4080/2315 2245/4039/2299
f 352/429/305 2261/4080/2315 353/430/306
f 2230/4010/2284 2260/4074/2314 2231/4011/2285
f 2230/4010/2284 2257/4070/2311 2260/4074/2314
f 351/4078/304 2260/4074/2314 2259/4073/2313
f 351/4078/304 2235/4081/2289 2260/4074/2314
f 2232/4012/2286 2260/4074/2314 2235/4081/2289
f 2231/4011/2285 2260/4074/2314 2232/4012/2286
f 2236/4020/2290 2241/4029/2295 2237/4021/2291
f 350/427/303 2241/4029/2295 2236/4020/2290
f 50/426/302 2241/4029/2295 350/427/303
f 50/426/302 354/431/307 2241/4029/2295
f 351/428/304 2236/4020/2290 2235/4019/2289
f 350/427/303 2236/4020/2290 351/428/304
f 412/526/377 2230/4010/2284 2228/4007/2282
f 412/526/377 416/530/381 2230/4010/2284
f 2222/3993/2276 2262/4082/2316 2223/3994/2277
f 2223/3994/2277 2262/4082/2316 2263/4083/2317
f 2223/4084/2277 2263/4085/2317 2264/4086/2318
f 2214/4087/2268 2223/4084/2277 2264/4086/2318
f 2263/4085/2317 2265/4088/2319 2264/4086/2318
f 2264/4086/2318 2265/4088/2319 2266/4089/2320
f 2264/4086/2318 2266/4089/2320 2267/4090/2321
f 2209/3960/2263 2264/4091/2318 2267/4092/2321
f 2208/3959/2262 2264/4091/2318 2209/3960/2263
f 2208/3959/2262 2214/3967/2268 2264/4091/2318
f 2266/4089/2320 2268/4093/2322 2267/4090/2321
f 2267/4094/2321 2268/4095/2322 2269/4096/2323
f 2267/4097/2321 2269/4098/2323 2270/4099/2324
f 2204/3954/2258 2267/4097/2321 2270/4099/2324
f 2203/3953/2257 2267/4097/2321 2204/3954/2258
f 2203/3953/2257 2209/3961/2263 2267/4097/2321
f 2269/4098/2323 2271/4100/2325 2270/4099/2324
f 2270/4099/2324 2271/4100/2325 2272/4101/2326
f 2270/4099/2324 2272/4101/2326 2273/4102/2327
f 2200/3948/2254 2270/4099/2324 2273/4102/2327
f 2199/3947/2253 2270/4099/2324 2200/3948/2254
f 2199/3947/2253 2204/3954/2258 2270/4099/2324
f 2272/4101/2326 2274/4103/2328 2273/4102/2327
f 2273/4102/2327 2274/4103/2328 2275/4104/2329
f 2273/4105/2327 2275/4106/2329 2276/4107/2330
f 2197/3942/2251 2273/4108/2327 2276/4109/2330
f 2196/3941/2250 2273/4108/2327 2197/3942/2251
f 2196/3941/2250 2200/3949/2254 2273/4108/2327
f 2275/4106/2329 2277/4110/2331 2276/4107/2330
f 2276/4111/2330 2277/4112/2331 2278/4113/2332
f 447/4114/416 2276/4115/2330 2278/4116/2332
f 447/4114/416 450/4117/419 2276/4115/2330
f 450/4118/419 2194/4119/2248 2276/4109/2330
f 2194/4119/2248 2197/3942/2251 2276/4109/2330
f 2277/4110/2331 2279/4120/2333 2278/4121/2332
f 2278/4116/2332 2279/4122/2333 2280/4123/2334
f 448/4124/417 2278/4116/2332 2280/4123/2334
f 447/4114/416 2278/4116/2332 448/4124/417
f 2279/4125/2333 2281/4126/2335 2280/4127/2334
f 2280/4128/2334 2281/4129/2335 2282/4130/2336
f 2280/4128/2334 2282/4130/2336 2283/4131/2337
f 448/4132/417 2280/4133/2334 2283/4134/2337
f 2282/4130/2336 2284/4135/2338 2283/4131/2337
f 2283/4136/2337 2284/4137/2338 2285/4138/2339
f 2192/3934/2246 2283/4139/2337 2285/4140/2339
f 2191/3933/2245 2283/4139/2337 2192/3934/2246
f 449/580/418 2283/4139/2337 2191/3933/2245
f 448/579/417 2283/4139/2337 449/580/418
f 2284/4135/2338 2286/4141/2340 2285/4142/2339
f 2285/4143/2339 2286/4144/2340 2287/4145/2341
f 2285/4140/2339 2287/4146/2341 2288/4147/2342
f 2192/3934/2246 2285/4140/2339 2288/4147/2342
f 2287/4146/2341 2289/4148/2343 2288/4147/2342
f 2288/4147/2342 2289/4148/2343 2290/4149/2344
f 2288/4147/2342 2290/4149/2344 2291/4150/2345
f 2188/3926/2242 2288/4147/2342 2291/4150/2345
f 2187/3925/2241 2288/4147/2342 2188/3926/2242
f 2187/3925/2241 2192/3934/2246 2288/4147/2342
f 2290/4149/2344 2292/4151/2346 2291/4150/2345
f 2291/4150/2345 2292/4151/2346 2293/4152/2347
f 2291/4153/2345 2293/4154/2347 2294/4155/2348
f 2291/4153/2345 2294/4155/2348 2295/4156/2349
f 2189/4157/2243 2291/4153/2345 2295/4156/2349
f 2188/4158/2242 2291/4153/2345 2189/4157/2243
f 2294/4155/2348 2296/4159/2350 2295/4156/2349
f 2295/4160/2349 2296/4161/2350 2297/4162/2351
f 471/616/444 2295/4160/2349 2297/4162/2351
f 471/616/444 2189/3929/2243 2295/4160/2349
f 1417/2385/1471 2297/4162/2351 2296/4161/2350
f 1416/2384/1470 2297/4162/2351 1417/2385/1471
f 472/617/445 2297/4162/2351 1416/2384/1470
f 471/616/444 2297/4162/2351 472/617/445
f 2294/4155/2348 2298/4163/2352 2296/4159/2350
f 2296/4159/2350 2298/4163/2352 2299/4164/2353
f 1419/2394/1473 2296/4165/2350 2299/4166/2353
f 1417/2393/1471 2296/4165/2350 1419/2394/1473
f 2298/4163/2352 2300/4167/2354 2299/4164/2353
f 2299/4164/2353 2300/4167/2354 2301/4168/2355
f 1421/4169/1475 2299/4164/2353 2301/4168/2355
f 1419/4170/1473 2299/4164/2353 1421/4169/1475
f 2300/4167/2354 2302/4171/2356 2301/4168/2355
f 2301/4172/2355 2302/4173/2356 2303/4174/2357
f 1423/2409/1477 2301/4172/2355 2303/4174/2357
f 1421/2408/1475 2301/4172/2355 1423/2409/1477
f 2302/4173/2356 2304/4175/2358 2303/4174/2357
f 2303/4174/2357 2304/4175/2358 2305/4176/2359
f 2303/4174/2357 2305/4176/2359 2306/4177/2360
f 1423/2409/1477 2303/4174/2357 2306/4177/2360
f 2305/4176/2359 2307/4178/2361 2306/4177/2360
f 462/4179/433 2306/4177/2360 2307/4178/2361
f 461/599/432 2306/4180/2360 462/600/433
f 461/599/432 1426/2418/1480 2306/4180/2360
f 1424/2415/1478 2306/4180/2360 1426/2418/1480
f 1423/2409/1477 2306/4177/2360 1424/4181/1478
f 2307/4178/2361 2308/4182/2362 2309/4183/2363
f 451/583/421 2307/4178/2361 2309/4183/2363
f 68/582/420 2307/4178/2361 451/583/421
f 68/582/420 462/4179/433 2307/4178/2361
f 2304/4175/2358 2307/4178/2361 2305/4176/2359
f 2304/4175/2358 2308/4182/2362 2307/4178/2361
f 2009/3600/2063 2309/4183/2363 2012/3607/2066
f 2008/3599/2062 2309/4183/2363 2009/3600/2063
f 452/584/422 2309/4183/2363 2008/3599/2062
f 451/583/421 2309/4183/2363 452/584/422
f 2308/4182/2362 2310/4184/2364 2309/4183/2363
f 2012/3607/2066 2309/4183/2363 2310/4184/2364
f 2013/3616/2067 2310/4185/2364 2017/3617/2071
f 2012/3607/2066 2310/4184/2364 2013/3609/2067
f 2304/4175/2358 2310/4184/2364 2308/4182/2362
f 2304/4175/2358 2311/4186/2365 2310/4184/2364
f 2310/4185/2364 2311/4187/2365 2312/4188/2366
f 2017/3617/2071 2310/4185/2364 2312/4188/2366
f 2018/3621/2072 2312/4189/2366 2022/3626/2076
f 2017/3617/2071 2312/4188/2366 2018/4190/2072
f 2311/4187/2365 2313/4191/2367 2312/4188/2366
f 2312/4188/2366 2313/4191/2367 2314/4192/2368
f 2312/4188/2366 2314/4192/2368 2315/4193/2369
f 2022/3626/2076 2312/4189/2366 2315/4194/2369
f 380/477/339 2023/3627/2077 2315/4194/2369
f 2022/3626/2076 2315/4194/2369 2023/3627/2077
f 2314/4195/2368 2316/4196/2370 2315/4197/2369
f 2315/4194/2369 2316/4198/2370 2317/4199/2371
f 381/478/342 2315/4194/2369 2317/4199/2371
f 380/477/339 2315/4194/2369 381/478/342
f 2316/4200/2370 2318/4201/2372 2317/4202/2371
f 2317/4202/2371 2318/4201/2372 2319/4203/2373
f 2317/4199/2371 2319/4204/2373 2320/4205/2374
f 381/478/342 2317/4199/2371 2320/4205/2374
f 382/4206/340 2320/4207/2374 2321/4208/2375
f 381/478/342 2320/4205/2374 382/479/340
f 2319/4204/2373 2322/4209/2376 2320/4205/2374
f 2320/4205/2374 2322/4209/2376 2323/4210/2377
f 2320/4207/2374 2323/4211/2377 2324/4212/2378
f 2320/4207/2374 2324/4212/2378 2321/4208/2375
f 2090/4213/2144 2324/4212/2378 2325/4214/2379
f 2090/4213/2144 2321/4208/2375 2324/4212/2378
f 2323/4211/2377 2326/4215/2380 2324/4212/2378
f 2324/4212/2378 2326/4215/2380 2327/4216/2381
f 2324/4212/2378 2327/4216/2381 2328/4217/2382
f 2324/4212/2378 2328/4217/2382 2325/4214/2379
f 2095/3761/2149 2328/4218/2382 2329/4219/2383
f 2095/3761/2149 2325/4220/2379 2328/4218/2382
f 2327/4216/2381 2330/4221/2384 2328/4217/2382
f 2328/4217/2382 2330/4221/2384 2331/4222/2385
f 2328/4218/2382 2331/4223/2385 2332/4224/2386
f 2328/4218/2382 2332/4224/2386 2329/4219/2383
f 2100/3769/2154 2332/4225/2386 2102/3773/2156
f 2100/4226/2154 2329/4219/2383 2332/4224/2386
f 2331/4223/2385 2333/4227/2387 2332/4224/2386
f 2332/4224/2386 2333/4227/2387 2334/4228/2388
f 2104/3777/2158 2332/4225/2386 2334/4229/2388
f 2102/3773/2156 2332/4225/2386 2104/3777/2158
f 2333/4227/2387 2335/4230/2389 2334/4228/2388
f 2334/4228/2388 2335/4230/2389 2336/4231/2390
f 2106/3780/2160 2334/4229/2388 2336/4232/2390
f 2104/3777/2158 2334/4229/2388 2106/3780/2160
f 2335/4230/2389 2337/4233/2391 2336/4231/2390
f 2336/4231/2390 2337/4233/2391 2338/4234/2392
f 2336/4232/2390 2338/4235/2392 2339/4236/2393
f 2106/3780/2160 2336/4232/2390 2339/4236/2393
f 2107/3781/2161 2339/4236/2393 2110/4237/2164
f 2106/3780/2160 2339/4236/2393 2107/3781/2161
f 2338/4235/2392 2340/4238/2394 2339/4236/2393
f 2339/4236/2393 2340/4238/2394 2341/4239/2395
f 2339/4236/2393 2341/4239/2395 2342/4240/2396
f 2110/4237/2164 2339/4236/2393 2342/4240/2396
f 2111/4241/2165 2342/4242/2396 2115/4243/2169
f 2110/4244/2164 2342/4242/2396 2111/4241/2165
f 2341/4239/2395 2343/4245/2397 2342/4240/2396
f 2342/4242/2396 2343/4246/2397 2344/4247/2398
f 2342/4242/2396 2344/4247/2398 2345/4248/2399
f 2115/4243/2169 2342/4242/2396 2345/4248/2399
f 2116/3796/2170 2345/4249/2399 2118/3798/2172
f 2115/3795/2169 2345/4249/2399 2116/3796/2170
f 2344/4247/2398 2346/4250/2400 2345/4248/2399
f 279/311/217 2345/4248/2399 2346/4250/2400
f 278/310/216 2345/4248/2399 279/311/217
f 278/310/216 2118/4251/2172 2345/4248/2399
f 2343/4246/2397 2346/4250/2400 2344/4247/2398
f 2343/4246/2397 2347/4252/2401 2346/4250/2400
f 2268/4093/2322 2346/4250/2400 2347/4252/2401
f 2268/4093/2322 2348/4253/2402 2346/4250/2400
f 280/312/218 2346/4250/2400 2348/4253/2402
f 279/311/217 2346/4250/2400 280/312/218
f 2266/4089/2320 2348/4253/2402 2268/4093/2322
f 2265/4088/2319 2348/4253/2402 2266/4089/2320
f 2265/4088/2319 2349/4254/2403 2348/4253/2402
f 280/312/218 2348/4253/2402 2349/4254/2403
f 36/309/215 2349/4254/2403 281/313/219
f 36/309/215 280/312/218 2349/4254/2403
f 2263/4085/2317 2349/4254/2403 2265/4088/2319
f 2262/4255/2316 2349/4254/2403 2263/4085/2317
f 2262/4255/2316 2350/4256/2404 2349/4254/2403
f 281/313/219 2349/4254/2403 2350/4256/2404
f 282/361/220 2350/4257/2404 309/362/252
f 281/313/219 2350/4256/2404 282/314/220
f 2222/3993/2276 2350/4257/2404 2262/4082/2316
f 2222/3993/2276 2351/4258/2405 2350/4257/2404
f 313/369/258 2350/4257/2404 2351/4258/2405
f 309/362/252 2350/4257/2404 313/369/258
f 2221/3992/2275 2351/4258/2405 2222/3993/2276
f 349/425/301 2351/4258/2405 2221/3992/2275
f 345/416/296 2351/4258/2405 349/425/301
f 313/369/258 2351/4258/2405 345/416/296
f 2343/4245/2397 2352/4259/2406 2347/4260/2401
f 2271/4261/2325 2347/4260/2401 2352/4259/2406
f 2269/4262/2323 2347/4260/2401 2271/4261/2325
f 2268/4093/2322 2347/4252/2401 2269/4263/2323
f 2341/4239/2395 2352/4259/2406 2343/4245/2397
f 2340/4238/2394 2352/4259/2406 2341/4239/2395
f 2340/4264/2394 2353/4265/2407 2352/4266/2406
f 2274/4267/2328 2352/4266/2406 2353/4265/2407
f 2272/4101/2326 2352/4268/2406 2274/4103/2328
f 2271/4261/2325 2352/4259/2406 2272/4269/2326
f 2338/4234/2392 2353/4265/2407 2340/4264/2394
f 2337/4233/2391 2353/4265/2407 2338/4234/2392
f 2279/4270/2333 2353/4271/2407 2337/4272/2391
f 2277/4110/2331 2353/4273/2407 2279/4120/2333
f 2275/4106/2329 2353/4273/2407 2277/4110/2331
f 2274/4103/2328 2353/4274/2407 2275/4104/2329
f 2281/4275/2335 2337/4276/2391 2335/4277/2389
f 2279/4125/2333 2337/4278/2391 2281/4126/2335
f 2333/4279/2387 2354/4280/2408 2335/4281/2389
f 2281/4282/2335 2335/4281/2389 2354/4280/2408
f 2331/4222/2385 2354/4280/2408 2333/4279/2387
f 2330/4221/2384 2354/4280/2408 2331/4222/2385
f 2286/4283/2340 2354/4280/2408 2330/4221/2384
f 2284/4135/2338 2354/4284/2408 2286/4141/2340
f 2282/4130/2336 2354/4284/2408 2284/4135/2338
f 2281/4282/2335 2354/4280/2408 2282/4285/2336
f 2326/4215/2380 2330/4221/2384 2327/4216/2381
f 2286/4286/2340 2330/4287/2384 2326/4288/2380
f 2096/3764/2150 2329/4289/2383 2100/3769/2154
f 2095/3761/2149 2329/4219/2383 2096/4290/2150
f 2322/4209/2376 2326/4291/2380 2323/4210/2377
f 2289/4292/2343 2326/4291/2380 2322/4209/2376
f 2287/4293/2341 2326/4291/2380 2289/4292/2343
f 2286/4286/2340 2326/4288/2380 2287/4294/2341
f 2091/3754/2145 2325/4220/2379 2095/3761/2149
f 2090/3752/2144 2325/4220/2379 2091/3754/2145
f 2318/4201/2372 2322/4295/2376 2319/4203/2373
f 2292/4151/2346 2322/4295/2376 2318/4201/2372
f 2290/4149/2344 2322/4295/2376 2292/4151/2346
f 2289/4148/2343 2322/4295/2376 2290/4149/2344
f 2087/4296/2141 2321/4208/2375 2090/4213/2144
f 382/4206/340 2321/4208/2375 2087/4296/2141
f 2316/4297/2370 2355/4298/2409 2318/4299/2372
f 2318/4299/2372 2355/4298/2409 2356/4300/2410
f 2293/4154/2347 2318/4299/2372 2356/4300/2410
f 2292/4151/2346 2318/4201/2372 2293/4152/2347
f 2300/4167/2354 2356/4300/2410 2355/4298/2409
f 2298/4163/2352 2356/4300/2410 2300/4167/2354
f 2294/4155/2348 2356/4300/2410 2298/4163/2352
f 2293/4154/2347 2356/4300/2410 2294/4155/2348
f 2314/4192/2368 2355/4298/2409 2316/4297/2370
f 2313/4191/2367 2355/4298/2409 2314/4192/2368
f 2302/4171/2356 2355/4298/2409 2313/4191/2367
f 2300/4167/2354 2355/4298/2409 2302/4171/2356
f 2304/4301/2358 2313/4191/2367 2311/4187/2365
f 2302/4171/2356 2313/4191/2367 2304/4301/2358
f 2210/4302/2264 2215/4303/2269 2211/4304/2265
f 2171/3897/2225 2215/4303/2269 2210/4302/2264
f 2169/3893/2223 2215/4303/2269 2171/3897/2225
f 2168/3892/2222 2215/4303/2269 2169/3893/2223
f 2205/3955/2259 2210/3962/2264 2206/3956/2260
f 2174/4305/2228 2210/4302/2264 2205/4306/2259
f 2172/3898/2226 2210/4302/2264 2174/4305/2228
f 2171/3897/2225 2210/4302/2264 2172/3898/2226
f 2179/3913/2233 2205/4307/2259 2201/3950/2255
f 2177/3908/2231 2205/4307/2259 2179/3913/2233
f 2175/3903/2229 2205/4308/2259 2177/3906/2231
f 2174/3902/2228 2205/4308/2259 2175/3903/2229
f 415/4069/380 2165/3887/2219 2163/3883/2217
f 62/4309/374 2165/3887/2219 415/4069/380
f 2138/3838/2192 2144/3848/2198 2140/3841/2194
f 2137/4310/2191 2144/3848/2198 2138/3838/2192
f 317/375/263 2131/3827/2185 2121/4311/2175
f 316/374/262 2131/3827/2185 317/375/263
f 2123/3816/2177 2131/3827/2185 2126/3817/2180
f 2121/4311/2175 2131/3827/2185 2123/3816/2177
f 278/4312/216 282/359/220 2118/3798/2172
f 282/359/220 308/358/251 2118/3798/2172
f 232/226/157 2114/3793/2168 233/227/158
f 232/226/157 2109/3791/2163 2114/3793/2168
f 238/234/164 1018/1611/1072 2099/3768/2153
f 1017/1609/1071 2099/3768/2153 1018/1611/1072
f 1017/1609/1071 2094/3759/2148 2099/3768/2153
f 2093/3758/2147 2099/3768/2153 2094/3759/2148
f 239/235/165 2099/3768/2153 2098/3767/2152
f 238/234/164 2099/3768/2153 239/235/165
f 231/225/156 2098/4313/2152 236/231/161
f 231/238/156 239/235/165 2098/3767/2152
f 1014/1608/1068 2094/3759/2148 1017/1609/1071
f 175/4314/90 2094/3759/2148 1014/1608/1068
f 174/4315/89 2094/3759/2148 175/4314/90
f 174/4315/89 2089/3760/2143 2094/3759/2148
f 171/4316/86 1012/4317/1066 2085/4318/2139
f 1011/4319/1065 2085/3735/2139 1012/4320/1066
f 1011/4319/1065 2081/4321/2135 2085/3735/2139
f 2080/3733/2134 2085/3735/2139 2081/4321/2135
f 172/3739/87 2085/3735/2139 2084/3734/2138
f 171/4322/86 2085/3735/2139 172/3739/87
f 379/472/338 2082/4323/2136 2025/3630/2079
f 378/471/337 2082/4323/2136 379/472/338
f 1008/1592/1062 2081/4321/2135 1011/4319/1065
f 1007/1591/1061 2081/4321/2135 1008/1592/1062
f 1007/4324/1061 2077/3723/2131 2081/3727/2135
f 2076/3722/2130 2081/3727/2135 2077/3723/2131
f 2026/3633/2080 2078/3724/2132 2028/3634/2082
f 2025/3728/2079 2078/3724/2132 2026/3633/2080
f 1005/4325/1059 2077/3723/2131 1007/4324/1061
f 1005/4325/1059 2357/4326/2411 2077/3723/2131
f 2072/3716/2126 2077/3723/2131 2357/4326/2411
f 2071/3715/2125 2077/3723/2131 2072/3716/2126
f 1003/4327/1057 2357/4326/2411 1005/4325/1059
f 1003/4327/1057 2358/4328/2412 2357/4326/2411
f 2357/4326/2411 2358/4328/2412 2359/4329/2413
f 2072/3716/2126 2357/4326/2411 2359/4329/2413
f 2358/4328/2412 2360/4330/2414 2359/4329/2413
f 2359/4331/2413 2360/4332/2414 2361/4333/2415
f 2359/4331/2413 2361/4333/2415 2362/4334/2416
f 2067/4335/2121 2359/4331/2413 2362/4334/2416
f 2066/3709/2120 2359/4336/2413 2067/3710/2121
f 2066/4337/2120 2072/4338/2126 2359/4339/2413
f 2361/4333/2415 2363/4340/2417 2362/4334/2416
f 2362/4334/2416 2363/4340/2417 2364/4341/2418
f 2362/4342/2416 2364/4343/2418 2365/4344/2419
f 2063/3705/2117 2362/4342/2416 2365/4344/2419
f 2062/3704/2116 2362/4342/2416 2063/3705/2117
f 2062/3704/2116 2067/3710/2121 2362/4342/2416
f 243/245/171 2365/4344/2419 2364/4343/2418
f 242/244/170 2365/4344/2419 243/245/171
f 242/244/170 246/251/174 2365/4344/2419
f 246/251/174 2059/3698/2113 2365/4344/2419
f 2058/3697/2112 2365/4344/2419 2059/3698/2113
f 2058/3697/2112 2063/3705/2117 2365/4344/2419
f 244/249/172 2364/4341/2418 2363/4340/2417
f 243/248/171 2364/4341/2418 244/249/172
f 2363/4340/2417 2366/4345/2420 2367/4346/2421
f 244/249/172 2363/4340/2417 2367/4346/2421
f 2360/4332/2414 2363/4340/2417 2361/4333/2415
f 2360/4332/2414 2366/4345/2420 2363/4340/2417
f 176/128/92 2366/4347/2420 1001/1577/1055
f 176/128/92 2367/4348/2421 2366/4347/2420
f 1002/1579/1056 2366/4347/2420 2360/4349/2414
f 1001/1577/1055 2366/4347/2420 1002/1579/1056
f 1003/4327/1057 2360/4330/2414 2358/4328/2412
f 1002/1579/1056 2360/4349/2414 1003/1580/1057
f 2029/3636/2083 2074/3720/2128 2073/4350/2127
f 2028/3634/2082 2074/3720/2128 2029/3636/2083
f 2068/3711/2122 2073/3718/2127 2069/3712/2123
f 2068/3711/2122 2368/4351/2422 2073/3718/2127
f 2030/3637/2084 2073/4350/2127 2368/4352/2422
f 2029/3636/2083 2073/4350/2127 2030/3637/2084
f 2044/3668/2098 2368/4353/2422 2068/4354/2122
f 2043/3667/2097 2368/4353/2422 2044/3668/2098
f 2032/3641/2086 2368/4355/2422 2043/3671/2097
f 2030/3640/2084 2368/4355/2422 2032/3641/2086
f 2046/3672/2100 2068/4354/2122 2064/3706/2118
f 2044/3668/2098 2068/4354/2122 2046/3672/2100
f 246/251/174 2060/4356/2114 2059/3698/2113
f 246/4357/174 2369/4358/2423 2060/4359/2114
f 299/4360/241 2060/3700/2114 2369/4361/2423
f 298/3701/240 2060/3700/2114 299/4360/241
f 245/250/173 2369/4362/2423 246/251/174
f 245/4363/173 2370/4364/2424 2369/4365/2423
f 2369/4365/2423 2370/4364/2424 2371/4366/2425
f 299/4360/241 2369/4361/2423 2371/4367/2425
f 2370/4364/2424 2372/4368/2426 2371/4366/2425
f 2371/4366/2425 2372/4368/2426 2373/4369/2427
f 2371/4366/2425 2373/4369/2427 2374/4370/2428
f 2371/4371/2425 2374/4372/2428 2375/4373/2429
f 300/342/242 2371/4371/2425 2375/4373/2429
f 299/341/241 2371/4371/2425 300/342/242
f 2374/4374/2428 2376/4375/2430 2375/4376/2429
f 358/437/312 2375/4376/2429 2376/4375/2430
f 306/351/248 2375/4376/2429 358/437/312
f 300/350/242 2375/4376/2429 306/351/248
f 2374/4374/2428 2377/4377/2431 2376/4375/2430
f 2376/4375/2430 2377/4377/2431 2378/4378/2432
f 2376/4379/2430 2378/4380/2432 2379/4381/2433
f 2376/4379/2430 2379/4381/2433 2380/4382/2434
f 355/4383/309 2376/4379/2430 2380/4382/2434
f 355/4384/309 358/437/312 2376/4375/2430
f 2379/4385/2433 2381/4386/2435 2380/4387/2434
f 2380/4387/2434 2381/4386/2435 2382/4388/2436
f 356/434/310 2380/4387/2434 2382/4388/2436
f 355/433/309 2380/4387/2434 356/434/310
f 2381/4389/2435 2383/4390/2437 2382/4391/2436
f 332/4392/281 2382/4391/2436 2383/4390/2437
f 331/4393/280 2382/4391/2436 332/4392/281
f 331/4394/280 356/434/310 2382/4388/2436
f 2381/4389/2435 2384/4395/2438 2383/4390/2437
f 2383/4390/2437 2384/4395/2438 2385/4396/2439
f 2383/4390/2437 2385/4396/2439 2386/4397/2440
f 2383/4390/2437 2386/4397/2440 2387/4398/2441
f 328/4399/277 2383/4390/2437 2387/4398/2441
f 328/4399/277 332/4392/281 2383/4390/2437
f 2386/4397/2440 2388/4400/2442 2387/4398/2441
f 2387/4398/2441 2388/4400/2442 2389/4401/2443
f 329/393/278 2387/4402/2441 2389/4403/2443
f 328/392/277 2387/4402/2441 329/393/278
f 2388/4400/2442 2390/4404/2444 2389/4401/2443
f 251/4405/184 2389/4403/2443 2390/4406/2444
f 250/294/183 2389/4403/2443 251/4405/184
f 250/294/183 329/393/278 2389/4403/2443
f 2388/4407/2442 2391/4408/2445 2390/4409/2444
f 2390/4409/2444 2391/4408/2445 2392/4410/2446
f 2390/4409/2444 2392/4410/2446 2393/4411/2447
f 2390/4409/2444 2393/4411/2447 2394/4412/2448
f 252/4413/185 2390/4409/2444 2394/4412/2448
f 251/262/184 2390/4414/2444 252/263/185
f 2393/4415/2447 2395/4416/2449 2394/4417/2448
f 2394/4417/2448 2395/4416/2449 2396/4418/2450
f 181/130/94 2394/4417/2448 2396/4418/2450
f 181/130/94 252/4419/185 2394/4417/2448
f 2395/4416/2449 2397/4420/2451 2396/4418/2450
f 2396/4418/2450 2397/4420/2451 2398/4421/2452
f 182/131/95 2396/4418/2450 2398/4421/2452
f 181/130/94 2396/4418/2450 182/131/95
f 2397/4420/2451 2399/4422/2453 2398/4421/2452
f 952/1474/1005 2398/4421/2452 2399/4422/2453
f 950/1473/1003 2398/4421/2452 952/1474/1005
f 182/131/95 2398/4421/2452 950/1473/1003
f 2397/4423/2451 2400/4424/2454 2399/4425/2453
f 2399/4425/2453 2400/4424/2454 2401/4426/2455
f 2399/4425/2453 2401/4426/2455 2402/4427/2456
f 955/4428/1008 2399/4425/2453 2402/4427/2456
f 953/1476/1006 2399/4422/2453 955/1479/1008
f 952/1474/1005 2399/4422/2453 953/1476/1006
f 2401/4426/2455 2403/4429/2457 2402/4427/2456
f 2402/4427/2456 2403/4429/2457 2404/4430/2458
f 2402/4427/2456 2404/4430/2458 2405/4431/2459
f 2402/4427/2456 2405/4431/2459 2406/4432/2460
f 956/4433/1009 2402/4427/2456 2406/4432/2460
f 955/4428/1008 2402/4427/2456 956/4433/1009
f 2405/4431/2459 2407/4434/2461 2406/4432/2460
f 2406/4432/2460 2407/4434/2461 2408/4435/2462
f 957/4436/1010 2406/4432/2460 2408/4435/2462
f 956/4433/1009 2406/4432/2460 957/4436/1010
f 2407/4434/2461 2409/4437/2463 2408/4435/2462
f 2408/4435/2462 2409/4437/2463 2410/4438/2464
f 959/4439/1012 2408/4435/2462 2410/4438/2464
f 957/4436/1010 2408/4435/2462 959/4439/1012
f 2409/4437/2463 2411/4440/2465 2410/4438/2464
f 2410/4438/2464 2411/4440/2465 2412/4441/2466
f 961/4442/1014 2410/4438/2464 2412/4441/2466
f 959/4439/1012 2410/4438/2464 961/4442/1014
f 2411/4440/2465 2413/4443/2467 2412/4441/2466
f 2412/4444/2466 2413/4445/2467 2414/4446/2468
f 2412/4444/2466 2414/4446/2468 2415/4447/2469
f 961/4442/1014 2412/4441/2466 2415/4448/2469
f 2414/4446/2468 2416/4449/2470 2415/4447/2469
f 2415/4447/2469 2416/4449/2470 2417/4450/2471
f 2415/4451/2469 2417/4452/2471 2418/4453/2472
f 964/1495/1017 2415/4451/2469 2418/4453/2472
f 962/1494/1015 2415/4451/2469 964/1495/1017
f 961/4454/1014 2415/4451/2469 962/1494/1015
f 2417/4452/2471 2419/4455/2473 2418/4453/2472
f 2418/4453/2472 2419/4455/2473 2420/4456/2474
f 2418/4453/2472 2420/4456/2474 2421/4457/2475
f 2418/4453/2472 2421/4457/2475 2422/4458/2476
f 965/1497/1018 2418/4453/2472 2422/4458/2476
f 964/1495/1017 2418/4453/2472 965/1497/1018
f 104/11/9 2422/4459/2476 2421/4460/2475
f 104/11/9 2423/4461/2477 2422/4459/2476
f 966/4462/1019 2422/4459/2476 2423/4461/2477
f 965/1499/1018 2422/4463/2476 966/1500/1019
f 98/10/4 2423/4461/2477 104/11/9
f 98/10/4 107/20/15 2423/4461/2477
f 107/4464/15 968/1503/1021 2423/4465/2477
f 966/1500/1019 2423/4465/2477 968/1503/1021
f 2420/4456/2474 2424/4466/2478 2421/4457/2475
f 2421/4457/2475 2424/4466/2478 2425/4467/2479
f 103/12/10 2421/4460/2475 2425/4468/2479
f 103/12/10 104/11/9 2421/4460/2475
f 2424/4466/2478 2426/4469/2480 2425/4467/2479
f 2425/4467/2479 2426/4469/2480 2427/4470/2481
f 99/5/5 2425/4468/2479 2427/4471/2481
f 99/5/5 103/12/10 2425/4468/2479
f 2426/4469/2480 2428/4472/2482 2427/4470/2481
f 2427/4470/2481 2428/4472/2482 2429/4473/2483
f 100/6/6 2427/4471/2481 2429/4474/2483
f 99/5/5 2427/4471/2481 100/6/6
f 2428/4472/2482 2430/4475/2484 2429/4473/2483
f 2429/4473/2483 2430/4475/2484 2431/4476/2485
f 2429/4473/2483 2431/4476/2485 2432/4477/2486
f 100/6/6 2429/4474/2483 2432/4478/2486
f 2431/4476/2485 2433/4479/2487 2432/4477/2486
f 2432/4477/2486 2433/4479/2487 2434/4480/2488
f 2432/4478/2486 2434/4481/2488 2435/4482/2489
f 2432/4478/2486 2435/4482/2489 2436/4483/2490
f 101/7/7 2432/4478/2486 2436/4483/2490
f 100/6/6 2432/4478/2486 101/7/7
f 997/4484/1051 2436/4483/2490 2435/4482/2489
f 996/1568/1050 2436/4483/2490 997/4484/1051
f 991/1548/1045 2436/4483/2490 996/1568/1050
f 101/7/7 2436/4483/2490 991/1548/1045
f 2434/4485/2488 2437/4486/2491 2435/4487/2489
f 14/127/91 2435/4487/2489 2437/4486/2491
f 14/127/91 177/129/93 2435/4487/2489
f 177/1573/93 997/1571/1051 2435/4488/2489
f 2433/4479/2487 2438/4489/2492 2434/4480/2488
f 2434/4485/2488 2438/4490/2492 2437/4486/2491
f 2433/4479/2487 2439/4491/2493 2438/4489/2492
f 2438/4489/2492 2439/4491/2493 2440/4492/2494
f 2438/4493/2492 2440/4494/2494 2441/4495/2495
f 2438/4490/2492 2441/4496/2495 2442/4497/2496
f 186/142/102 2438/4490/2492 2442/4497/2496
f 186/142/102 2437/4486/2491 2438/4490/2492
f 2441/4498/2495 2443/4499/2497 2442/4500/2496
f 2442/4500/2496 2443/4499/2497 2444/4501/2498
f 187/4502/103 2442/4503/2496 2444/4504/2498
f 186/4505/102 2442/4503/2496 187/4502/103
f 2443/4499/2497 2445/4506/2499 2444/4501/2498
f 2444/4501/2498 2445/4506/2499 2446/4507/2500
f 247/4508/175 2444/4504/2498 2446/4509/2500
f 187/4502/103 2444/4504/2498 247/4508/175
f 2445/4506/2499 2447/4510/2501 2446/4507/2500
f 2446/4507/2500 2447/4510/2501 2448/4511/2502
f 248/4512/176 2446/4507/2500 2448/4511/2502
f 247/4513/175 2446/4507/2500 248/4512/176
f 2447/4510/2501 2449/4514/2503 2448/4511/2502
f 2448/4511/2502 2449/4514/2503 2450/4515/2504
f 2372/4368/2426 2448/4511/2502 2450/4515/2504
f 248/4512/176 2448/4511/2502 2372/4368/2426
f 2449/4514/2503 2451/4516/2505 2450/4515/2504
f 2450/4515/2504 2451/4516/2505 2452/4517/2506
f 2373/4369/2427 2450/4515/2504 2452/4517/2506
f 2372/4368/2426 2450/4515/2504 2373/4369/2427
f 2451/4516/2505 2453/4518/2507 2452/4517/2506
f 2377/4519/2431 2452/4517/2506 2453/4518/2507
f 2374/4370/2428 2452/4517/2506 2377/4519/2431
f 2373/4369/2427 2452/4517/2506 2374/4370/2428
f 2451/4516/2505 2454/4520/2508 2453/4518/2507
f 2453/4521/2507 2454/4522/2508 2455/4523/2509
f 2453/4521/2507 2455/4523/2509 2456/4524/2510
f 2453/4525/2507 2456/4526/2510 2457/4527/2511
f 2378/4528/2432 2453/4525/2507 2457/4527/2511
f 2377/4519/2431 2453/4518/2507 2378/4529/2432
f 2456/4530/2510 2458/4531/2512 2457/4532/2511
f 2457/4533/2511 2458/4534/2512 2459/4535/2513
f 2379/4536/2433 2457/4533/2511 2459/4535/2513
f 2378/4528/2432 2457/4527/2511 2379/4537/2433
f 2458/4538/2512 2460/4539/2514 2459/4540/2513
f 2384/4395/2438 2459/4535/2513 2460/4541/2514
f 2381/4389/2435 2459/4535/2513 2384/4395/2438
f 2379/4536/2433 2459/4535/2513 2381/4389/2435
f 2458/4538/2512 2461/4542/2515 2460/4539/2514
f 2460/4539/2514 2461/4542/2515 2462/4543/2516
f 2460/4539/2514 2462/4543/2516 2463/4544/2517
f 2460/4539/2514 2463/4544/2517 2464/4545/2518
f 2385/4546/2439 2460/4547/2514 2464/4548/2518
f 2384/4395/2438 2460/4541/2514 2385/4396/2439
f 2463/4544/2517 2465/4549/2519 2464/4545/2518
f 2464/4545/2518 2465/4549/2519 2466/4550/2520
f 2386/4551/2440 2464/4552/2518 2466/4553/2520
f 2385/4396/2439 2464/4554/2518 2386/4397/2440
f 2465/4549/2519 2467/4555/2521 2466/4550/2520
f 2391/4556/2445 2466/4550/2520 2467/4555/2521
f 2388/4407/2442 2466/4553/2520 2391/4408/2445
f 2386/4551/2440 2466/4553/2520 2388/4407/2442
f 2465/4549/2519 2468/4557/2522 2467/4555/2521
f 2467/4558/2521 2468/4559/2522 2469/4560/2523
f 2467/4558/2521 2469/4560/2523 2470/4561/2524
f 2467/4562/2521 2470/4563/2524 2471/4564/2525
f 2392/4565/2446 2467/4562/2521 2471/4564/2525
f 2391/4556/2445 2467/4555/2521 2392/4566/2446
f 2470/4563/2524 2472/4567/2526 2471/4564/2525
f 2471/4564/2525 2472/4567/2526 2473/4568/2527
f 2393/4569/2447 2471/4564/2525 2473/4568/2527
f 2392/4565/2446 2471/4564/2525 2393/4569/2447
f 2472/4570/2526 2474/4571/2528 2473/4572/2527
f 2473/4572/2527 2474/4571/2528 2475/4573/2529
f 2395/4574/2449 2473/4572/2527 2475/4573/2529
f 2393/4575/2447 2473/4572/2527 2395/4574/2449
f 2474/4571/2528 2476/4576/2530 2475/4573/2529
f 2400/4577/2454 2475/4573/2529 2476/4576/2530
f 2397/4423/2451 2475/4578/2529 2400/4424/2454
f 2395/4579/2449 2475/4578/2529 2397/4423/2451
f 2474/4571/2528 2477/4580/2531 2476/4576/2530
f 2476/4576/2530 2477/4580/2531 2478/4581/2532
f 2476/4582/2530 2478/4583/2532 2479/4584/2533
f 2403/4585/2457 2476/4582/2530 2479/4584/2533
f 2401/4426/2455 2476/4586/2530 2403/4429/2457
f 2400/4424/2454 2476/4586/2530 2401/4426/2455
f 2478/4583/2532 2480/4587/2534 2479/4584/2533
f 2479/4584/2533 2480/4587/2534 2481/4588/2535
f 2479/4584/2533 2481/4588/2535 2482/4589/2536
f 2479/4584/2533 2482/4589/2536 2483/4590/2537
f 2404/4591/2458 2479/4584/2533 2483/4590/2537
f 2403/4585/2457 2479/4584/2533 2404/4591/2458
f 2482/4589/2536 2484/4592/2538 2483/4590/2537
f 2483/4590/2537 2484/4592/2538 2485/4593/2539
f 2405/4594/2459 2483/4590/2537 2485/4593/2539
f 2404/4430/2458 2483/4595/2537 2405/4431/2459
f 2484/4592/2538 2486/4596/2540 2485/4593/2539
f 2485/4593/2539 2486/4596/2540 2487/4597/2541
f 2407/4434/2461 2485/4598/2539 2487/4599/2541
f 2405/4431/2459 2485/4598/2539 2407/4434/2461
f 2486/4596/2540 2488/4600/2542 2487/4597/2541
f 2487/4597/2541 2488/4600/2542 2489/4601/2543
f 2409/4437/2463 2487/4599/2541 2489/4602/2543
f 2407/4434/2461 2487/4599/2541 2409/4437/2463
f 2488/4603/2542 2490/4604/2544 2489/4605/2543
f 2489/4602/2543 2490/4606/2544 2491/4607/2545
f 2411/4440/2465 2489/4602/2543 2491/4607/2545
f 2409/4437/2463 2489/4602/2543 2411/4440/2465
f 2490/4608/2544 2492/4609/2546 2491/4610/2545
f 2491/4611/2545 2492/4612/2546 2493/4613/2547
f 2413/4614/2467 2491/4611/2545 2493/4613/2547
f 2411/4440/2465 2491/4607/2545 2413/4443/2467
f 2492/4612/2546 2494/4615/2548 2493/4613/2547
f 2493/4613/2547 2494/4615/2548 2495/4616/2549
f 2493/4613/2547 2495/4616/2549 2496/4617/2550
f 2413/4445/2467 2493/4618/2547 2496/4619/2550
f 2495/4620/2549 2497/4621/2551 2496/4622/2550
f 2496/4619/2550 2497/4623/2551 2498/4624/2552
f 2496/4619/2550 2498/4624/2552 2499/4625/2553
f 2416/4449/2470 2496/4619/2550 2499/4625/2553
f 2414/4446/2468 2496/4619/2550 2416/4449/2470
f 2413/4445/2467 2496/4619/2550 2414/4446/2468
f 2498/4624/2552 2500/4626/2554 2499/4625/2553
f 2499/4625/2553 2500/4626/2554 2501/4627/2555
f 2499/4625/2553 2501/4627/2555 2502/4628/2556
f 2419/4629/2473 2499/4625/2553 2502/4628/2556
f 2417/4450/2471 2499/4625/2553 2419/4629/2473
f 2416/4449/2470 2499/4625/2553 2417/4450/2471
f 2501/4627/2555 2503/4630/2557 2502/4628/2556
f 2502/4628/2556 2503/4630/2557 2504/4631/2558
f 2426/4469/2480 2502/4632/2556 2504/4633/2558
f 2424/4466/2478 2502/4632/2556 2426/4469/2480
f 2420/4456/2474 2502/4632/2556 2424/4466/2478
f 2419/4455/2473 2502/4632/2556 2420/4456/2474
f 2503/4630/2557 2505/4634/2559 2504/4631/2558
f 2504/4631/2558 2505/4634/2559 2506/4635/2560
f 2428/4472/2482 2504/4633/2558 2506/4636/2560
f 2426/4469/2480 2504/4633/2558 2428/4472/2482
f 2505/4634/2559 2507/4637/2561 2506/4635/2560
f 2506/4635/2560 2507/4637/2561 2508/4638/2562
f 2430/4475/2484 2506/4636/2560 2508/4639/2562
f 2428/4472/2482 2506/4636/2560 2430/4475/2484
f 2507/4637/2561 2509/4640/2563 2508/4638/2562
f 2508/4638/2562 2509/4640/2563 2510/4641/2564
f 2439/4491/2493 2508/4639/2562 2510/4642/2564
f 2430/4475/2484 2508/4639/2562 2439/4491/2493
f 2509/4640/2563 2511/4643/2565 2510/4641/2564
f 2510/4641/2564 2511/4643/2565 2512/4644/2566
f 2440/4492/2494 2510/4642/2564 2512/4645/2566
f 2439/4491/2493 2510/4642/2564 2440/4492/2494
f 2511/4646/2565 2513/4647/2567 2512/4648/2566
f 2512/4648/2566 2513/4647/2567 2514/4649/2568
f 2441/4495/2495 2512/4650/2566 2514/4651/2568
f 2440/4494/2494 2512/4650/2566 2441/4495/2495
f 2513/4647/2567 2515/4652/2569 2514/4649/2568
f 2514/4653/2568 2515/4654/2569 2516/4655/2570
f 2443/4656/2497 2514/4651/2568 2516/4657/2570
f 2441/4495/2495 2514/4651/2568 2443/4656/2497
f 2515/4654/2569 2517/4658/2571 2516/4655/2570
f 2516/4655/2570 2517/4658/2571 2518/4659/2572
f 2445/4660/2499 2516/4657/2570 2518/4661/2572
f 2443/4656/2497 2516/4657/2570 2445/4660/2499
f 2517/4658/2571 2519/4662/2573 2518/4659/2572
f 2518/4659/2572 2519/4662/2573 2520/4663/2574
f 2447/4664/2501 2518/4665/2572 2520/4666/2574
f 2445/4660/2499 2518/4661/2572 2447/4667/2501
f 2519/4662/2573 2521/4668/2575 2520/4663/2574
f 2520/4663/2574 2521/4668/2575 2522/4669/2576
f 2449/4670/2503 2520/4663/2574 2522/4669/2576
f 2447/4510/2501 2520/4671/2574 2449/4514/2503
f 2521/4668/2575 2523/4672/2577 2522/4669/2576
f 2454/4673/2508 2522/4669/2576 2523/4672/2577
f 2451/4674/2505 2522/4675/2576 2454/4676/2508
f 2449/4514/2503 2522/4677/2576 2451/4516/2505
f 2521/4678/2575 2524/4679/2578 2523/4680/2577
f 2523/4680/2577 2524/4679/2578 2525/4681/2579
f 2523/4680/2577 2525/4681/2579 2526/4682/2580
f 2523/4680/2577 2526/4682/2580 2527/4683/2581
f 2455/4684/2509 2523/4680/2577 2527/4683/2581
f 2454/4522/2508 2523/4685/2577 2455/4523/2509
f 2526/4682/2580 2528/4686/2582 2527/4683/2581
f 2527/4687/2581 2528/4688/2582 2529/4689/2583
f 2456/4690/2510 2527/4687/2581 2529/4689/2583
f 2455/4523/2509 2527/4691/2581 2456/4524/2510
f 2528/4688/2582 2530/4692/2584 2529/4689/2583
f 2461/4693/2515 2529/4689/2583 2530/4692/2584
f 2458/4694/2512 2529/4689/2583 2461/4693/2515
f 2456/4690/2510 2529/4689/2583 2458/4694/2512
f 2528/4688/2582 2531/4695/2585 2530/4692/2584
f 2530/4692/2584 2531/4695/2585 2532/4696/2586
f 2530/4692/2584 2532/4696/2586 2533/4697/2587
f 2530/4698/2584 2533/4699/2587 2534/4700/2588
f 2462/4543/2516 2530/4698/2584 2534/4700/2588
f 2461/4542/2515 2530/4698/2584 2462/4543/2516
f 2533/4699/2587 2535/4701/2589 2534/4700/2588
f 2534/4700/2588 2535/4701/2589 2536/4702/2590
f 2463/4544/2517 2534/4700/2588 2536/4702/2590
f 2462/4543/2516 2534/4700/2588 2463/4544/2517
f 2535/4701/2589 2537/4703/2591 2536/4702/2590
f 2468/4557/2522 2536/4702/2590 2537/4703/2591
f 2465/4549/2519 2536/4702/2590 2468/4557/2522
f 2463/4544/2517 2536/4702/2590 2465/4549/2519
f 2535/4701/2589 2538/4704/2592 2537/4703/2591
f 2537/4705/2591 2538/4706/2592 2539/4707/2593
f 2537/4705/2591 2539/4707/2593 2540/4708/2594
f 2537/4705/2591 2540/4708/2594 2541/4709/2595
f 2469/4560/2523 2537/4705/2591 2541/4709/2595
f 2468/4559/2522 2537/4705/2591 2469/4560/2523
f 2540/4708/2594 2542/4710/2596 2541/4709/2595
f 2541/4711/2595 2542/4712/2596 2543/4713/2597
f 2470/4563/2524 2541/4711/2595 2543/4713/2597
f 2469/4560/2523 2541/4709/2595 2470/4561/2524
f 2542/4712/2596 2544/4714/2598 2543/4713/2597
f 2543/4713/2597 2544/4714/2598 2545/4715/2599
f 2472/4567/2526 2543/4713/2597 2545/4715/2599
f 2470/4563/2524 2543/4713/2597 2472/4567/2526
f 2544/4716/2598 2546/4717/2600 2545/4718/2599
f 2477/4580/2531 2545/4718/2599 2546/4717/2600
f 2474/4571/2528 2545/4718/2599 2477/4580/2531
f 2472/4570/2526 2545/4718/2599 2474/4571/2528
f 2544/4716/2598 2547/4719/2601 2546/4717/2600
f 2546/4717/2600 2547/4719/2601 2548/4720/2602
f 2546/4717/2600 2548/4720/2602 2549/4721/2603
f 2480/4722/2534 2546/4717/2600 2549/4721/2603
f 2478/4581/2532 2546/4717/2600 2480/4722/2534
f 2477/4580/2531 2546/4717/2600 2478/4581/2532
f 2548/4720/2602 2550/4723/2604 2549/4721/2603
f 2549/4721/2603 2550/4723/2604 2551/4724/2605
f 402/4725/364 2549/4726/2603 2551/4727/2605
f 401/4728/363 2549/4726/2603 402/4725/364
f 401/512/363 2481/4588/2535 2549/4729/2603
f 2480/4730/2534 2549/4731/2603 2481/4732/2535
f 2550/4723/2604 2552/4733/2606 2551/4724/2605
f 2551/4734/2605 2552/4735/2606 2553/4736/2607
f 405/4737/367 2551/4727/2605 2553/4738/2607
f 402/4725/364 2551/4727/2605 405/4737/367
f 2552/4733/2606 2554/4739/2608 2553/4740/2607
f 2553/4738/2607 2554/4741/2608 2555/4742/2609
f 2553/4738/2607 2555/4742/2609 2556/4743/2610
f 405/4737/367 2553/4738/2607 2556/4743/2610
f 2555/4742/2609 2557/4744/2611 2556/4743/2610
f 2556/4743/2610 2557/4744/2611 2558/4745/2612
f 2556/4743/2610 2558/4745/2612 2559/4746/2613
f 2556/4743/2610 2559/4746/2613 2560/4747/2614
f 403/514/365 2556/4748/2610 2560/4749/2614
f 403/4750/365 405/4737/367 2556/4743/2610
f 2559/4751/2613 2561/4752/2615 2560/4749/2614
f 2560/4749/2614 2561/4752/2615 2562/4753/2616
f 404/515/366 2560/4749/2614 2562/4753/2616
f 403/514/365 2560/4749/2614 404/515/366
f 2488/4600/2542 2562/4753/2616 2561/4752/2615
f 2486/4596/2540 2562/4753/2616 2488/4600/2542
f 2484/4592/2538 2562/4753/2616 2486/4596/2540
f 404/515/366 2562/4753/2616 2484/4592/2538
f 2559/4754/2613 2563/4755/2617 2561/4756/2615
f 2561/4756/2615 2563/4755/2617 2564/4757/2618
f 2490/4608/2544 2561/4756/2615 2564/4757/2618
f 2488/4603/2542 2561/4758/2615 2490/4604/2544
f 2563/4755/2617 2565/4759/2619 2564/4757/2618
f 2564/4760/2618 2565/4761/2619 2566/4762/2620
f 2492/4612/2546 2564/4760/2618 2566/4762/2620
f 2490/4608/2544 2564/4757/2618 2492/4609/2546
f 2565/4763/2619 2567/4764/2621 2566/4765/2620
f 2566/4765/2620 2567/4764/2621 2568/4766/2622
f 2494/4615/2548 2566/4762/2620 2568/4767/2622
f 2492/4612/2546 2566/4762/2620 2494/4615/2548
f 2567/4768/2621 2569/4769/2623 2568/4770/2622
f 2568/4770/2622 2569/4769/2623 2570/4771/2624
f 2568/4770/2622 2570/4771/2624 2571/4772/2625
f 2494/4773/2548 2568/4770/2622 2571/4772/2625
f 324/386/271 2571/4772/2625 2570/4771/2624
f 324/4774/271 2572/4775/2626 2571/4776/2625
f 2571/4776/2625 2572/4775/2626 2573/4777/2627
f 2497/4621/2551 2571/4776/2625 2573/4777/2627
f 2495/4620/2549 2571/4776/2625 2497/4621/2551
f 2494/4778/2548 2571/4776/2625 2495/4620/2549
f 2572/4779/2626 2574/4780/2628 2573/4781/2627
f 2573/4781/2627 2574/4780/2628 2575/4782/2629
f 2573/4777/2627 2575/4783/2629 2576/4784/2630
f 2500/4785/2554 2573/4777/2627 2576/4784/2630
f 2498/4786/2552 2573/4777/2627 2500/4785/2554
f 2497/4621/2551 2573/4777/2627 2498/4786/2552
f 2575/4782/2629 2577/4787/2631 2576/4788/2630
f 2576/4788/2630 2577/4787/2631 2578/4789/2632
f 2505/4634/2559 2576/4790/2630 2578/4791/2632
f 2503/4630/2557 2576/4790/2630 2505/4634/2559
f 2501/4627/2555 2576/4790/2630 2503/4630/2557
f 2500/4626/2554 2576/4790/2630 2501/4627/2555
f 2577/4787/2631 2579/4792/2633 2578/4789/2632
f 2578/4789/2632 2579/4792/2633 2580/4793/2634
f 2507/4794/2561 2578/4789/2632 2580/4793/2634
f 2505/4634/2559 2578/4791/2632 2507/4637/2561
f 2579/4795/2633 2581/4796/2635 2580/4797/2634
f 2580/4797/2634 2581/4796/2635 2582/4798/2636
f 2509/4799/2563 2580/4797/2634 2582/4798/2636
f 2507/4800/2561 2580/4797/2634 2509/4799/2563
f 2581/4796/2635 2583/4801/2637 2582/4798/2636
f 2582/4798/2636 2583/4801/2637 2584/4802/2638
f 2511/4803/2565 2582/4798/2636 2584/4802/2638
f 2509/4799/2563 2582/4798/2636 2511/4803/2565
f 2583/4804/2637 2585/4805/2639 2584/4806/2638
f 2584/4806/2638 2585/4805/2639 2586/4807/2640
f 2513/4647/2567 2584/4806/2638 2586/4807/2640
f 2511/4646/2565 2584/4806/2638 2513/4647/2567
f 2585/4805/2639 2587/4808/2641 2586/4807/2640
f 2586/4807/2640 2587/4808/2641 2588/4809/2642
f 2515/4652/2569 2586/4807/2640 2588/4809/2642
f 2513/4647/2567 2586/4807/2640 2515/4652/2569
f 2587/4810/2641 2589/4811/2643 2588/4812/2642
f 2588/4812/2642 2589/4811/2643 2590/4813/2644
f 2517/4814/2571 2588/4812/2642 2590/4813/2644
f 2515/4815/2569 2588/4812/2642 2517/4814/2571
f 2589/4811/2643 2591/4816/2645 2590/4813/2644
f 2590/4813/2644 2591/4816/2645 2592/4817/2646
f 2519/4818/2573 2590/4819/2644 2592/4820/2646
f 2517/4821/2571 2590/4819/2644 2519/4818/2573
f 2591/4822/2645 2593/4823/2647 2592/4820/2646
f 2524/4679/2578 2592/4820/2646 2593/4823/2647
f 2521/4678/2575 2592/4820/2646 2524/4679/2578
f 2519/4818/2573 2592/4820/2646 2521/4678/2575
f 2591/4822/2645 2594/4824/2648 2593/4823/2647
f 2593/4823/2647 2594/4824/2648 2595/4825/2649
f 2593/4823/2647 2595/4825/2649 2596/4826/2650
f 2593/4823/2647 2596/4826/2650 2597/4827/2651
f 2525/4681/2579 2593/4823/2647 2597/4827/2651
f 2524/4679/2578 2593/4823/2647 2525/4681/2579
f 2596/4826/2650 2598/4828/2652 2597/4827/2651
f 2597/4827/2651 2598/4828/2652 2599/4829/2653
f 2526/4682/2580 2597/4827/2651 2599/4829/2653
f 2525/4681/2579 2597/4827/2651 2526/4682/2580
f 2598/4828/2652 2600/4830/2654 2599/4829/2653
f 2531/4695/2585 2599/4831/2653 2600/4832/2654
f 2528/4688/2582 2599/4831/2653 2531/4695/2585
f 2526/4682/2580 2599/4829/2653 2528/4686/2582
f 2598/4833/2652 2601/4834/2655 2600/4835/2654
f 2600/4832/2654 2601/4836/2655 2602/4837/2656
f 2600/4832/2654 2602/4837/2656 2603/4838/2657
f 2600/4832/2654 2603/4838/2657 2604/4839/2658
f 2532/4696/2586 2600/4832/2654 2604/4839/2658
f 2531/4695/2585 2600/4832/2654 2532/4696/2586
f 2603/4838/2657 2605/4840/2659 2604/4839/2658
f 2604/4839/2658 2605/4840/2659 2606/4841/2660
f 2533/4697/2587 2604/4839/2658 2606/4841/2660
f 2532/4696/2586 2604/4839/2658 2533/4697/2587
f 2605/4842/2659 2607/4843/2661 2606/4844/2660
f 2538/4704/2592 2606/4844/2660 2607/4843/2661
f 2535/4701/2589 2606/4844/2660 2538/4704/2592
f 2533/4699/2587 2606/4844/2660 2535/4701/2589
f 444/575/413 2607/4845/2661 2605/4846/2659
f 443/574/412 2607/4845/2661 444/575/413
f 442/573/411 2607/4845/2661 443/574/412
f 442/573/411 2608/4847/2662 2607/4845/2661
f 2539/4707/2593 2607/4845/2661 2608/4847/2662
f 2538/4706/2592 2607/4845/2661 2539/4707/2593
f 442/573/411 2609/4848/2663 2608/4847/2662
f 2608/4847/2662 2609/4848/2663 2610/4849/2664
f 2540/4708/2594 2608/4847/2662 2610/4849/2664
f 2539/4707/2593 2608/4847/2662 2540/4708/2594
f 2609/4848/2663 2611/4850/2665 2610/4849/2664
f 2610/4851/2664 2611/4852/2665 2612/4853/2666
f 2542/4712/2596 2610/4851/2664 2612/4853/2666
f 2540/4708/2594 2610/4849/2664 2542/4710/2596
f 2611/4852/2665 2613/4854/2667 2612/4853/2666
f 2547/4855/2601 2612/4853/2666 2613/4854/2667
f 2544/4714/2598 2612/4853/2666 2547/4855/2601
f 2542/4712/2596 2612/4853/2666 2544/4714/2598
f 2611/4852/2665 2614/4856/2668 2613/4854/2667
f 2613/4854/2667 2614/4856/2668 2615/4857/2669
f 2552/4733/2606 2613/4858/2667 2615/4859/2669
f 2550/4723/2604 2613/4858/2667 2552/4733/2606
f 2548/4720/2602 2613/4858/2667 2550/4723/2604
f 2547/4719/2601 2613/4858/2667 2548/4720/2602
f 2614/4856/2668 2616/4860/2670 2615/4857/2669
f 2615/4857/2669 2616/4860/2670 2617/4861/2671
f 2554/4739/2608 2615/4859/2669 2617/4862/2671
f 2552/4733/2606 2615/4859/2669 2554/4739/2608
f 2616/4860/2670 2618/4863/2672 2617/4861/2671
f 2617/4861/2671 2618/4863/2672 2619/4864/2673
f 2617/4862/2671 2619/4865/2673 2620/4866/2674
f 2554/4739/2608 2617/4862/2671 2620/4866/2674
f 2619/4865/2673 2621/4867/2675 2620/4866/2674
f 2620/4866/2674 2621/4867/2675 2622/4868/2676
f 2620/4869/2674 2622/4870/2676 2623/4871/2677
f 2557/4872/2611 2620/4869/2674 2623/4871/2677
f 2555/4742/2609 2620/4873/2674 2557/4744/2611
f 2554/4739/2608 2620/4866/2674 2555/4874/2609
f 2622/4870/2676 2624/4875/2678 2623/4871/2677
f 2623/4876/2677 2624/4877/2678 2625/4878/2679
f 2623/4876/2677 2625/4878/2679 2626/4879/2680
f 2623/4880/2677 2626/4881/2680 2627/4882/2681
f 2558/4883/2612 2623/4871/2677 2627/4884/2681
f 2557/4872/2611 2623/4871/2677 2558/4883/2612
f 2565/4763/2619 2627/4885/2681 2626/4886/2680
f 2563/4755/2617 2627/4887/2681 2565/4759/2619
f 2559/4888/2613 2627/4884/2681 2563/4889/2617
f 2558/4883/2612 2627/4884/2681 2559/4888/2613
f 2625/4890/2679 2628/4891/2682 2626/4886/2680
f 2626/4886/2680 2628/4891/2682 2629/4892/2683
f 2567/4764/2621 2626/4886/2680 2629/4892/2683
f 2565/4763/2619 2626/4886/2680 2567/4764/2621
f 2628/4893/2682 2630/4894/2684 2629/4895/2683
f 2629/4895/2683 2630/4894/2684 2631/4896/2685
f 2569/4769/2623 2629/4895/2683 2631/4896/2685
f 2567/4768/2621 2629/4895/2683 2569/4769/2623
f 2630/4894/2684 2632/4897/2686 2631/4896/2685
f 321/383/268 2631/4896/2685 2632/4897/2686
f 320/382/267 2631/4896/2685 321/383/268
f 320/382/267 2569/4769/2623 2631/4896/2685
f 2632/4898/2686 2633/4899/2687 2634/4900/2688
f 2632/4898/2686 2634/4900/2688 2635/4901/2689
f 322/384/269 2632/4897/2686 2635/4902/2689
f 321/383/268 2632/4897/2686 322/384/269
f 2630/4903/2684 2636/4904/2690 2632/4898/2686
f 2632/4898/2686 2636/4904/2690 2633/4899/2687
f 2636/4904/2690 2637/4905/2691 2638/4906/2692
f 2633/4899/2687 2636/4904/2690 2638/4906/2692
f 2628/4893/2682 2636/4907/2690 2630/4894/2684
f 2628/4908/2682 2639/4909/2693 2636/4904/2690
f 2636/4904/2690 2639/4909/2693 2640/4910/2694
f 2636/4904/2690 2640/4910/2694 2637/4905/2691
f 2640/4911/2694 2641/4912/2695 2642/4913/2696
f 2637/4914/2691 2640/4911/2694 2642/4913/2696
f 2624/4915/2678 2640/4910/2694 2639/4909/2693
f 2624/4915/2678 2643/4916/2697 2640/4910/2694
f 2640/4911/2694 2643/4917/2697 2644/4918/2698
f 2640/4911/2694 2644/4918/2698 2641/4912/2695
f 2644/4919/2698 2645/4920/2699 2646/4921/2700
f 2641/4912/2695 2644/4918/2698 2646/4922/2700
f 2621/4923/2675 2644/4918/2698 2643/4917/2697
f 2621/4924/2675 2647/4925/2701 2644/4926/2698
f 2644/4927/2698 2647/4928/2701 2648/4929/2702
f 2644/4919/2698 2648/4930/2702 2645/4920/2699
f 2648/4931/2702 2649/4932/2703 2650/4933/2704
f 2645/4920/2699 2648/4930/2702 2650/4934/2704
f 2618/4935/2672 2648/4929/2702 2647/4928/2701
f 2618/4936/2672 2651/4937/2705 2648/4931/2702
f 2648/4931/2702 2651/4937/2705 2652/4938/2706
f 2648/4931/2702 2652/4938/2706 2649/4932/2703
f 2652/4938/2706 2653/4939/2707 2654/4940/2708
f 2649/4932/2703 2652/4938/2706 2654/4940/2708
f 2651/4937/2705 2655/4941/2709 2652/4938/2706
f 446/577/415 2652/4942/2706 2655/4943/2709
f 445/576/414 2652/4942/2706 446/577/415
f 445/4944/414 2653/4939/2707 2652/4938/2706
f 2618/4945/2672 2655/4946/2709 2651/4947/2705
f 2616/4948/2670 2655/4946/2709 2618/4945/2672
f 2614/4856/2668 2655/4949/2709 2616/4860/2670
f 2614/4950/2668 2656/4951/2710 2655/4952/2709
f 441/4953/410 2655/4952/2709 2656/4951/2710
f 441/572/410 446/577/415 2655/4943/2709
f 2611/4852/2665 2656/4954/2710 2614/4856/2668
f 2609/4848/2663 2656/4955/2710 2611/4850/2665
f 442/573/411 2656/4955/2710 2609/4848/2663
f 441/572/410 2656/4955/2710 442/573/411
f 2650/4934/2704 2654/4956/2708 2657/4957/2711
f 2649/4958/2703 2654/4959/2708 2650/4960/2704
f 2653/4961/2707 2658/4962/2712 2654/4963/2708
f 2654/4963/2708 2658/4962/2712 2659/4964/2713
f 2654/4963/2708 2659/4964/2713 2660/4965/2714
f 2654/4956/2708 2660/4966/2714 2657/4957/2711
f 2660/4966/2714 2661/4967/2715 2662/4968/2716
f 2657/4957/2711 2660/4966/2714 2662/4968/2716
f 2602/4837/2656 2660/4965/2714 2659/4964/2713
f 2601/4834/2655 2660/4969/2714 2602/4970/2656
f 2601/4834/2655 2663/4971/2717 2660/4969/2714
f 2660/4969/2714 2663/4971/2717 2661/4972/2715
f 431/554/398 2663/4973/2717 2664/4974/2718
f 431/554/398 2661/4975/2715 2663/4973/2717
f 2598/4833/2652 2663/4971/2717 2601/4834/2655
f 2596/4826/2650 2663/4976/2717 2598/4828/2652
f 2595/4825/2649 2663/4976/2717 2596/4826/2650
f 2595/4825/2649 2664/4977/2718 2663/4976/2717
f 427/550/394 2664/4974/2718 2665/4978/2719
f 427/550/394 431/554/398 2664/4974/2718
f 2594/4979/2648 2664/4974/2718 2595/4980/2649
f 2594/4979/2648 2665/4978/2719 2664/4974/2718
f 428/551/395 2665/4978/2719 2666/4981/2720
f 427/550/394 2665/4978/2719 428/551/395
f 2594/4979/2648 2667/4982/2721 2665/4978/2719
f 2665/4978/2719 2667/4982/2721 2666/4981/2720
f 2667/4982/2721 2668/4983/2722 2669/4984/2723
f 2666/4981/2720 2667/4982/2721 2669/4984/2723
f 2591/4816/2645 2667/4982/2721 2594/4979/2648
f 2589/4811/2643 2667/4982/2721 2591/4816/2645
f 2587/4810/2641 2667/4982/2721 2589/4811/2643
f 2587/4810/2641 2668/4983/2722 2667/4982/2721
f 2669/4985/2723 2670/4986/2724 2671/4987/2725
f 2669/4985/2723 2671/4987/2725 2672/4988/2726
f 428/551/395 2669/4984/2723 2672/4989/2726
f 428/551/395 2666/4981/2720 2669/4984/2723
f 2668/4990/2722 2673/4991/2727 2669/4985/2723
f 2669/4985/2723 2673/4991/2727 2670/4986/2724
f 2673/4991/2727 2674/4992/2728 2675/4993/2729
f 2670/4986/2724 2673/4991/2727 2675/4993/2729
f 2587/4808/2641 2673/4991/2727 2668/4990/2722
f 2585/4805/2639 2673/4991/2727 2587/4808/2641
f 2583/4804/2637 2673/4991/2727 2585/4805/2639
f 2583/4804/2637 2674/4992/2728 2673/4991/2727
f 2634/4900/2688 2675/4994/2729 2676/4995/2730
f 2634/4900/2688 2677/4996/2731 2675/4994/2729
f 2671/4987/2725 2675/4993/2729 2677/4997/2731
f 2670/4986/2724 2675/4993/2729 2671/4987/2725
f 2674/4998/2728 2678/4999/2732 2675/4994/2729
f 2675/4994/2729 2678/4999/2732 2676/4995/2730
f 2678/4999/2732 2679/5000/2733 2680/5001/2734
f 2676/4995/2730 2678/4999/2732 2680/5001/2734
f 2583/4801/2637 2678/4999/2732 2674/4998/2728
f 2581/4796/2635 2678/4999/2732 2583/4801/2637
f 2579/4795/2633 2678/4999/2732 2581/4796/2635
f 2579/4795/2633 2679/5000/2733 2678/4999/2732
f 322/384/269 2680/5002/2734 325/387/272
f 322/384/269 2635/4902/2689 2680/5002/2734
f 2634/4900/2688 2680/5001/2734 2635/4901/2689
f 2634/4900/2688 2676/4995/2730 2680/5001/2734
f 2679/5003/2733 2681/5004/2735 2680/5002/2734
f 325/387/272 2680/5002/2734 2681/5004/2735
f 323/385/270 2681/5004/2735 2574/5005/2628
f 323/385/270 325/387/272 2681/5004/2735
f 2579/4792/2633 2681/5006/2735 2679/5007/2733
f 2577/4787/2631 2681/5006/2735 2579/4792/2633
f 2575/4782/2629 2681/5006/2735 2577/4787/2631
f 2574/4780/2628 2681/5006/2735 2575/4782/2629
f 2633/4899/2687 2677/4996/2731 2634/4900/2688
f 2633/4899/2687 2638/4906/2692 2677/4996/2731
f 2638/5008/2692 2682/5009/2736 2677/4997/2731
f 2671/4987/2725 2677/4997/2731 2682/5009/2736
f 2672/4989/2726 2682/5010/2736 2683/5011/2737
f 2671/4987/2725 2682/5009/2736 2672/4988/2726
f 2637/4914/2691 2682/5009/2736 2638/5008/2692
f 2637/4914/2691 2642/4913/2696 2682/5009/2736
f 2642/4913/2696 2684/5012/2738 2682/5009/2736
f 2682/5010/2736 2684/5013/2738 2683/5011/2737
f 429/552/396 2684/5013/2738 432/555/399
f 429/552/396 2683/5011/2737 2684/5013/2738
f 2641/4912/2695 2684/5012/2738 2642/4913/2696
f 2641/5014/2695 2646/5015/2700 2684/5013/2738
f 2646/5015/2700 2685/5016/2739 2684/5013/2738
f 432/555/399 2684/5013/2738 2685/5016/2739
f 2645/4920/2699 2685/5017/2739 2646/4921/2700
f 2645/4920/2699 2650/4934/2704 2685/5017/2739
f 2650/4934/2704 2657/4957/2711 2685/5017/2739
f 2657/4957/2711 2662/4968/2716 2685/5017/2739
f 430/553/397 2685/5016/2739 2662/5018/2716
f 430/553/397 432/555/399 2685/5016/2739
f 428/551/395 2683/5011/2737 429/552/396
f 428/551/395 2672/4989/2726 2683/5011/2737
f 431/554/398 2662/5018/2716 2661/4975/2715
f 430/553/397 2662/5018/2716 431/554/398
f 2603/4838/2657 2659/4964/2713 2658/4962/2712
f 2602/4837/2656 2659/4964/2713 2603/4838/2657
f 445/4944/414 2658/5019/2712 2653/4939/2707
f 444/575/413 2658/5020/2712 445/576/414
f 444/5021/413 2605/4840/2659 2658/4962/2712
f 2603/4838/2657 2658/4962/2712 2605/4840/2659
f 2619/4864/2673 2647/4925/2701 2621/4924/2675
f 2618/4863/2672 2647/4925/2701 2619/4864/2673
f 2622/5022/2676 2643/4916/2697 2624/4915/2678
f 2621/4867/2675 2643/5023/2697 2622/4868/2676
f 2625/4890/2679 2639/5024/2693 2628/4891/2682
f 2624/4915/2678 2639/4909/2693 2625/5025/2679
f 324/5026/271 2574/4780/2628 2572/4779/2626
f 323/385/270 2574/5005/2628 324/386/271
f 320/382/267 2570/4771/2624 2569/4769/2623
f 320/382/267 324/386/271 2570/4771/2624
f 400/511/362 2484/4592/2538 2482/4589/2536
f 400/511/362 404/515/366 2484/4592/2538
f 401/512/363 2482/4589/2536 2481/4588/2535
f 400/511/362 2482/4589/2536 401/512/363
f 2431/4476/2485 2439/4491/2493 2433/4479/2487
f 2430/4475/2484 2439/4491/2493 2431/4476/2485
f 245/4363/173 2372/4368/2426 2370/4364/2424
f 245/4363/173 248/4512/176 2372/4368/2426
f 2033/3643/2087 2040/3659/2094 2035/3646/2089
f 2032/3641/2086 2040/3659/2094 2033/3643/2087
f 2006/3596/2060 2686/5027/2740 2008/3599/2062
f 452/584/422 2008/3599/2062 2686/5027/2740
f 2004/3593/2058 2686/5027/2740 2006/3596/2060
f 2004/3593/2058 2687/5028/2741 2686/5027/2740
f 2686/5027/2740 2687/5028/2741 2688/5029/2742
f 2686/5027/2740 2688/5029/2742 2689/5030/2743
f 453/585/423 2686/5027/2740 2689/5030/2743
f 452/584/422 2686/5027/2740 453/585/423
f 2688/5031/2742 2690/5032/2744 2689/5033/2743
f 2689/5033/2743 2690/5032/2744 2691/5034/2745
f 454/588/424 2689/5033/2743 2691/5034/2745
f 453/587/423 2689/5033/2743 454/588/424
f 2691/5034/2745 2692/5035/2746 2693/5036/2747
f 454/588/424 2691/5034/2745 2693/5036/2747
f 2690/5032/2744 2694/5037/2748 2691/5034/2745
f 2691/5034/2745 2694/5037/2748 2692/5035/2746
f 2694/5038/2748 2695/5039/2749 2696/5040/2750
f 2692/5035/2746 2694/5037/2748 2696/5041/2750
f 2690/5042/2744 2697/5043/2751 2694/5044/2748
f 2694/5044/2748 2697/5043/2751 2698/5045/2752
f 2694/5044/2748 2698/5045/2752 2699/5046/2753
f 2694/5038/2748 2699/5047/2753 2695/5039/2749
f 2699/5048/2753 2700/5049/2754 2701/5050/2755
f 2695/5039/2749 2699/5047/2753 2701/5051/2755
f 2698/5045/2752 2702/5052/2756 2699/5046/2753
f 2699/5046/2753 2702/5052/2756 2703/5053/2757
f 2699/5046/2753 2703/5053/2757 2704/5054/2758
f 2699/5048/2753 2704/5055/2758 2700/5049/2754
f 2704/5055/2758 2705/5056/2759 2706/5057/2760
f 2700/5049/2754 2704/5055/2758 2706/5057/2760
f 2703/5053/2757 2707/5058/2761 2704/5054/2758
f 2704/5055/2758 2707/5059/2761 2708/5060/2762
f 2704/5055/2758 2708/5060/2762 2709/5061/2763
f 2704/5055/2758 2709/5061/2763 2705/5056/2759
f 1788/5062/1842 2709/5061/2763 1789/5063/1843
f 1788/5062/1842 2705/5056/2759 2709/5061/2763
f 2708/5060/2762 2710/5064/2764 2709/5061/2763
f 2709/5061/2763 2710/5064/2764 2711/5065/2765
f 2709/5061/2763 2711/5065/2765 2712/5066/2766
f 1789/5063/1843 2709/5061/2763 2712/5066/2766
f 1790/3177/1844 2712/5067/2766 1793/3181/1847
f 1789/3176/1843 2712/5067/2766 1790/3177/1844
f 2711/5068/2765 2713/5069/2767 2712/5070/2766
f 2712/5070/2766 2713/5069/2767 2714/5071/2768
f 1801/3194/1855 2712/5072/2766 2714/5073/2768
f 1793/3193/1847 2712/5072/2766 1801/3194/1855
f 2713/5069/2767 2715/5074/2769 2714/5071/2768
f 2714/5071/2768 2715/5074/2769 2716/5075/2770
f 1802/3195/1856 2714/5073/2768 2716/5076/2770
f 1801/3194/1855 2714/5073/2768 1802/3195/1856
f 2715/5074/2769 2717/5077/2771 2716/5075/2770
f 2716/5075/2770 2717/5077/2771 2718/5078/2772
f 1809/3204/1863 2716/5076/2770 2718/5079/2772
f 1802/3195/1856 2716/5076/2770 1809/3204/1863
f 2717/5077/2771 2719/5080/2773 2718/5078/2772
f 2718/5081/2772 2719/5082/2773 2720/5083/2774
f 1810/3205/1864 2718/5079/2772 2720/5084/2774
f 1809/3204/1863 2718/5079/2772 1810/3205/1864
f 2719/5082/2773 2721/5085/2775 2720/5083/2774
f 2720/5083/2774 2721/5085/2775 2722/5086/2776
f 1817/3221/1871 2720/5087/2774 2722/5088/2776
f 1810/3207/1864 2720/5087/2774 1817/3221/1871
f 1759/3130/1813 2722/5086/2776 2721/5085/2775
f 1759/3130/1813 2723/5089/2777 2722/5086/2776
f 1818/5090/1872 2722/5086/2776 2723/5089/2777
f 1817/3221/1871 2722/5088/2776 1818/3222/1872
f 1758/3129/1812 2723/5089/2777 1759/3130/1813
f 1758/3129/1812 1764/3139/1818 2723/5089/2777
f 1764/3139/1818 1825/5091/1879 2723/5089/2777
f 1818/3222/1872 2723/5092/2777 1825/3231/1879
f 2719/5080/2773 2724/5093/2778 2721/5094/2775
f 1755/3123/1809 2721/5095/2775 2724/5096/2778
f 1754/3122/1808 2721/5095/2775 1755/3123/1809
f 1754/5097/1808 1759/3130/1813 2721/5085/2775
f 2717/5077/2771 2724/5093/2778 2719/5080/2773
f 2717/5077/2771 2725/5098/2779 2724/5093/2778
f 2724/5096/2778 2725/5099/2779 2726/5100/2780
f 1752/3117/1806 2724/5096/2778 2726/5100/2780
f 1751/3116/1805 2724/5096/2778 1752/3117/1806
f 1751/3116/1805 1755/3123/1809 2724/5096/2778
f 2725/5099/2779 2727/5101/2781 2726/5100/2780
f 2726/5100/2780 2727/5101/2781 2728/5102/2782
f 2726/5100/2780 2728/5102/2782 2729/5103/2783
f 1749/3112/1803 2726/5100/2780 2729/5103/2783
f 1748/3111/1802 2726/5100/2780 1749/3112/1803
f 1748/3111/1802 1752/3117/1806 2726/5100/2780
f 2728/5104/2782 2730/5105/2784 2729/5106/2783
f 2729/5106/2783 2730/5105/2784 2731/5107/2785
f 468/609/439 2729/5106/2783 2731/5107/2785
f 468/609/439 478/626/452 2729/5106/2783
f 478/626/452 481/5108/454 2729/5106/2783
f 481/5108/454 1749/5109/1803 2729/5106/2783
f 2730/5105/2784 2732/5110/2786 2731/5107/2785
f 2731/5107/2785 2732/5110/2786 2733/5111/2787
f 469/610/440 2731/5107/2785 2733/5111/2787
f 468/609/439 2731/5107/2785 469/610/440
f 2707/5058/2761 2733/5112/2787 2732/5113/2786
f 2707/5058/2761 2734/5114/2788 2733/5112/2787
f 2733/5112/2787 2734/5114/2788 2735/5115/2789
f 469/5116/440 2733/5112/2787 2735/5115/2789
f 2702/5052/2756 2735/5115/2789 2734/5114/2788
f 2702/5052/2756 2736/5117/2790 2735/5115/2789
f 2735/5115/2789 2736/5117/2790 2737/5118/2791
f 2735/5115/2789 2737/5118/2791 2738/5119/2792
f 464/5120/436 2735/5115/2789 2738/5119/2792
f 464/5120/436 469/5116/440 2735/5115/2789
f 465/606/437 2738/5121/2792 2739/5122/2793
f 464/605/436 2738/5121/2792 465/606/437
f 2737/5123/2791 2740/5124/2794 2738/5121/2792
f 2738/5121/2792 2740/5124/2794 2739/5122/2793
f 2002/3588/2056 2741/5125/2795 2740/5124/2794
f 2739/5122/2793 2740/5124/2794 2741/5125/2795
f 2737/5123/2791 2742/5126/2796 2740/5124/2794
f 2740/5124/2794 2742/5126/2796 2743/5127/2797
f 2003/3590/2057 2740/5124/2794 2743/5127/2797
f 2002/3588/2056 2740/5124/2794 2003/3590/2057
f 2688/5128/2742 2743/5129/2797 2742/5130/2796
f 2687/5028/2741 2743/5131/2797 2688/5029/2742
f 2004/3593/2058 2743/5131/2797 2687/5028/2741
f 2003/3590/2057 2743/5127/2797 2004/3591/2058
f 2736/5117/2790 2742/5130/2796 2737/5118/2791
f 2697/5043/2751 2742/5130/2796 2736/5117/2790
f 2690/5042/2744 2742/5130/2796 2697/5043/2751
f 2688/5128/2742 2742/5130/2796 2690/5042/2744
f 1999/5132/2053 2744/5133/2798 2741/5125/2795
f 2741/5125/2795 2744/5133/2798 2745/5134/2799
f 465/606/437 2741/5125/2795 2745/5134/2799
f 465/606/437 2739/5122/2793 2741/5125/2795
f 2000/3587/2054 2741/5125/2795 2002/3588/2056
f 1999/5132/2053 2741/5125/2795 2000/3587/2054
f 2744/5133/2798 2746/5135/2800 2745/5134/2799
f 2745/5134/2799 2746/5135/2800 2747/5136/2801
f 466/607/438 2745/5134/2799 2747/5136/2801
f 465/606/437 2745/5134/2799 466/607/438
f 2746/5135/2800 2748/5137/2802 2747/5136/2801
f 2747/5136/2801 2748/5137/2802 2749/5138/2803
f 2747/5136/2801 2749/5138/2803 2750/5139/2804
f 466/607/438 2747/5136/2801 2750/5139/2804
f 2749/5138/2803 2751/5140/2805 2750/5139/2804
f 2750/5139/2804 2751/5140/2805 2752/5141/2806
f 2750/5139/2804 2752/5141/2806 2753/5142/2807
f 2750/5139/2804 2753/5142/2807 2754/5143/2808
f 467/612/441 2750/5139/2804 2754/5143/2808
f 466/607/438 2750/5139/2804 467/612/441
f 2753/5144/2807 2755/5145/2809 2754/5146/2808
f 2754/5146/2808 2755/5145/2809 2756/5147/2810
f 479/5148/455 2754/5146/2808 2756/5147/2810
f 467/631/441 2754/5149/2808 479/632/455
f 511/674/487 2756/5150/2810 2755/5151/2809
f 511/674/487 2757/5152/2811 2756/5150/2810
f 1594/2740/1648 2756/5153/2810 2757/5154/2811
f 479/5155/455 2756/5153/2810 1594/2740/1648
f 510/673/486 2757/5152/2811 511/674/487
f 510/673/486 1589/5156/1643 2757/5152/2811
f 1588/5157/1642 2757/5152/2811 1589/5156/1643
f 1588/2741/1642 1594/2740/1648 2757/5154/2811
f 2753/5158/2807 2758/5159/2812 2755/5160/2809
f 2755/5160/2809 2758/5159/2812 2759/5161/2813
f 503/5162/485 2755/5160/2809 2759/5161/2813
f 503/675/485 511/674/487 2755/5151/2809
f 2758/5163/2812 2760/5164/2814 2759/5165/2813
f 518/686/495 2759/5165/2813 2760/5164/2814
f 504/670/482 2759/5165/2813 518/686/495
f 503/669/485 2759/5165/2813 504/670/482
f 2760/5166/2814 2761/5167/2815 2762/5168/2816
f 2760/5164/2814 2762/5169/2816 2763/5170/2817
f 513/679/490 2760/5164/2814 2763/5170/2817
f 513/679/490 518/686/495 2760/5164/2814
f 2758/5159/2812 2764/5171/2818 2760/5172/2814
f 2760/5166/2814 2764/5173/2818 2761/5167/2815
f 2764/5174/2818 2765/5175/2819 2766/5176/2820
f 2761/5177/2815 2764/5174/2818 2766/5176/2820
f 2753/5158/2807 2764/5171/2818 2758/5159/2812
f 2752/5141/2806 2764/5178/2818 2753/5142/2807
f 2751/5140/2805 2764/5178/2818 2752/5141/2806
f 2751/5179/2805 2765/5175/2819 2764/5174/2818
f 2766/5180/2820 2767/5181/2821 2768/5182/2822
f 2766/5183/2820 2768/5184/2822 2769/5185/2823
f 2762/5186/2816 2766/5183/2820 2769/5185/2823
f 2761/5167/2815 2766/5187/2820 2762/5168/2816
f 2765/5188/2819 2770/5189/2824 2766/5180/2820
f 2766/5180/2820 2770/5189/2824 2767/5181/2821
f 2770/5189/2824 2771/5190/2825 2772/5191/2826
f 2767/5181/2821 2770/5189/2824 2772/5191/2826
f 2751/5192/2805 2770/5189/2824 2765/5188/2819
f 2751/5192/2805 2773/5193/2827 2770/5189/2824
f 2770/5189/2824 2773/5193/2827 2774/5194/2828
f 2770/5189/2824 2774/5194/2828 2771/5190/2825
f 423/5195/389 2774/5196/2828 2775/5197/2829
f 423/5195/389 2771/5198/2825 2774/5196/2828
f 2748/5199/2802 2774/5194/2828 2773/5193/2827
f 2748/5199/2802 2776/5200/2830 2774/5194/2828
f 2774/5196/2828 2776/5201/2830 2777/5202/2831
f 2774/5196/2828 2777/5202/2831 2775/5197/2829
f 2777/5203/2831 2778/5204/2832 2779/5205/2833
f 2775/5206/2829 2777/5203/2831 2779/5205/2833
f 2776/5201/2830 2780/5207/2834 2777/5202/2831
f 2777/5203/2831 2780/5208/2834 2781/5209/2835
f 2777/5203/2831 2781/5209/2835 2782/5210/2836
f 2777/5203/2831 2782/5210/2836 2778/5204/2832
f 2781/5209/2835 2783/5211/2837 2782/5210/2836
f 1989/3546/2043 2782/5210/2836 2783/5211/2837
f 1987/5212/2041 2782/5210/2836 1989/3546/2043
f 1986/5213/2040 2782/5210/2836 1987/5212/2041
f 1986/5213/2040 2784/5214/2838 2782/5210/2836
f 2778/5204/2832 2782/5210/2836 2784/5214/2838
f 2779/5205/2833 2784/5214/2838 2785/5215/2839
f 2778/5204/2832 2784/5214/2838 2779/5205/2833
f 1984/3533/2038 2784/5216/2838 1986/5217/2040
f 1983/3532/2037 2784/5216/2838 1984/3533/2038
f 1983/3532/2037 2786/5218/2840 2784/5216/2838
f 2784/5219/2838 2786/5220/2840 2785/5221/2839
f 425/547/391 2786/5220/2840 2787/5222/2841
f 425/547/391 2785/5221/2839 2786/5220/2840
f 1981/3527/2035 2786/5218/2840 1983/3532/2037
f 1980/3526/2034 2786/5218/2840 1981/3527/2035
f 1980/3526/2034 2788/5223/2842 2786/5218/2840
f 2786/5218/2840 2788/5223/2842 2787/5224/2841
f 927/1426/980 2789/5225/2843 2788/5226/2842
f 2787/5227/2841 2788/5226/2842 2789/5225/2843
f 1978/3524/2032 2788/5223/2842 1980/3526/2034
f 930/1431/983 2788/5223/2842 1978/3524/2032
f 928/1430/981 2788/5223/2842 930/1431/983
f 927/1426/980 2788/5226/2842 928/1427/981
f 263/281/198 2789/5228/2843 264/282/199
f 263/281/198 426/548/392 2789/5228/2843
f 425/547/391 2789/5228/2843 426/548/392
f 425/547/391 2787/5222/2841 2789/5228/2843
f 925/5229/978 2789/5225/2843 927/1426/980
f 264/282/199 2789/5228/2843 925/5230/978
f 424/544/390 2785/5215/2839 425/545/391
f 424/544/390 2779/5205/2833 2785/5215/2839
f 2780/5208/2834 2783/5211/2837 2781/5209/2835
f 2780/5208/2834 2790/5231/2844 2783/5211/2837
f 1997/3577/2051 2783/5211/2837 2790/5231/2844
f 1996/3576/2050 2783/5211/2837 1997/3577/2051
f 1990/3547/2044 2783/5211/2837 1996/3576/2050
f 1989/3546/2043 2783/5211/2837 1990/3547/2044
f 2746/5135/2800 2790/5232/2844 2780/5233/2834
f 2744/5133/2798 2790/5232/2844 2746/5135/2800
f 1999/5132/2053 2790/5232/2844 2744/5133/2798
f 1997/3582/2051 2790/5234/2844 1999/3583/2053
f 2748/5199/2802 2780/5235/2834 2776/5200/2830
f 2746/5236/2800 2780/5235/2834 2748/5199/2802
f 423/543/389 2779/5205/2833 424/544/390
f 423/543/389 2775/5206/2829 2779/5205/2833
f 2749/5138/2803 2773/5237/2827 2751/5140/2805
f 2748/5137/2802 2773/5237/2827 2749/5138/2803
f 421/539/387 2772/5238/2826 422/540/388
f 421/539/387 2791/5239/2845 2772/5238/2826
f 2768/5240/2822 2772/5241/2826 2791/5242/2845
f 2767/5181/2821 2772/5191/2826 2768/5182/2822
f 423/5195/389 2772/5238/2826 2771/5198/2825
f 422/540/388 2772/5238/2826 423/5195/389
f 421/539/387 908/5243/961 2791/5239/2845
f 908/5243/961 2792/5244/2846 2791/5239/2845
f 2791/5242/2845 2792/5245/2846 2793/5246/2847
f 2768/5240/2822 2791/5242/2845 2793/5246/2847
f 903/5247/956 2793/5246/2847 2792/5245/2846
f 903/5247/956 2794/5248/2848 2793/5246/2847
f 486/5249/2849 2793/5246/2847 2794/5248/2848
f 486/5250/2849 491/5251/463 2793/5252/2847
f 491/5251/463 2769/5253/2823 2793/5252/2847
f 2768/5240/2822 2793/5246/2847 2769/5254/2823
f 899/1367/952 2794/5248/2848 903/5247/956
f 898/1366/951 2794/5248/2848 899/1367/952
f 487/5255/2850 2794/5248/2848 898/1366/951
f 486/5256/2849 2794/5257/2848 487/5258/2850
f 904/1375/957 2792/5244/2846 908/5243/961
f 903/1374/956 2792/5244/2846 904/1375/957
f 490/5259/462 2769/5253/2823 491/5251/463
f 490/5260/462 2762/5261/2816 2769/5262/2823
f 490/5263/462 2763/5170/2817 2762/5169/2816
f 490/5263/462 2795/5264/2851 2763/5170/2817
f 514/680/491 2763/5170/2817 2795/5264/2851
f 513/679/490 2763/5170/2817 514/680/491
f 489/5265/461 2795/5264/2851 490/5263/462
f 489/5265/461 2796/5266/2852 2795/5264/2851
f 2795/5264/2851 2796/5266/2852 2797/5267/2853
f 514/680/491 2795/5264/2851 2797/5267/2853
f 2796/5266/2852 2798/5268/2854 2797/5267/2853
f 2797/5267/2853 2798/5268/2854 2799/5269/2855
f 806/1190/845 2797/5267/2853 2799/5269/2855
f 805/1189/844 2797/5267/2853 806/1190/845
f 515/681/492 2797/5267/2853 805/1189/844
f 514/680/491 2797/5267/2853 515/681/492
f 2798/5268/2854 2800/5270/2856 2799/5269/2855
f 2799/5269/2855 2800/5270/2856 2801/5271/2857
f 808/1195/847 2799/5272/2855 2801/5273/2857
f 806/1190/845 2799/5269/2855 808/5274/847
f 2800/5275/2856 2802/5276/2858 2801/5273/2857
f 2801/5273/2857 2802/5276/2858 2803/5277/2859
f 2801/5273/2857 2803/5277/2859 2804/5278/2860
f 808/1195/847 2801/5273/2857 2804/5278/2860
f 2803/5277/2859 2805/5279/2861 2804/5278/2860
f 2804/5278/2860 2805/5279/2861 2806/5280/2862
f 813/5281/852 2804/5278/2860 2806/5280/2862
f 811/1200/850 2804/5278/2860 813/5281/852
f 809/1197/848 2804/5278/2860 811/1200/850
f 808/1195/847 2804/5278/2860 809/1197/848
f 857/5282/910 2806/5283/2862 2805/5284/2861
f 857/5282/910 2807/5285/2863 2806/5283/2862
f 815/1211/855 2806/5283/2862 2807/5285/2863
f 813/1210/852 2806/5283/2862 815/1211/855
f 853/1294/906 2807/5285/2863 857/5282/910
f 852/1293/905 2807/5285/2863 853/1294/906
f 852/1293/905 2808/5286/2864 2807/5285/2863
f 815/1211/855 2807/5285/2863 2808/5286/2864
f 848/5287/901 2808/5286/2864 852/1293/905
f 847/5288/900 2808/5286/2864 848/5287/901
f 820/1225/863 2808/5286/2864 847/5288/900
f 818/1224/859 2808/5286/2864 820/1225/863
f 816/1213/856 2808/5286/2864 818/1224/859
f 815/1211/855 2808/5286/2864 816/1213/856
f 858/1306/911 2805/5279/2861 862/1307/915
f 857/5282/910 2805/5284/2861 858/5289/911
f 2802/5276/2858 2805/5279/2861 2803/5277/2859
f 862/1307/915 2805/5279/2861 2802/5276/2858
f 863/1309/916 2802/5276/2858 867/5290/920
f 862/1307/915 2802/5276/2858 863/1309/916
f 2800/5270/2856 2809/5291/2865 2802/5292/2858
f 867/5293/920 2802/5292/2858 2809/5291/2865
f 868/1315/921 2809/5294/2865 872/1321/925
f 867/1314/920 2809/5294/2865 868/1315/921
f 2798/5268/2854 2809/5291/2865 2800/5270/2856
f 2798/5268/2854 2810/5295/2866 2809/5291/2865
f 2809/5294/2865 2810/5296/2866 2811/5297/2867
f 872/1321/925 2809/5294/2865 2811/5297/2867
f 873/1322/926 2811/5297/2867 877/5298/930
f 872/1321/925 2811/5297/2867 873/1322/926
f 489/638/461 2811/5297/2867 2810/5296/2866
f 488/637/460 2811/5297/2867 489/638/461
f 488/5299/460 2812/5300/2868 2811/5301/2867
f 877/5302/930 2811/5301/2867 2812/5300/2868
f 878/5303/931 2812/5300/2868 882/1350/935
f 877/5302/930 2812/5300/2868 878/5303/931
f 487/5258/2850 2812/5300/2868 488/5299/460
f 487/5258/2850 893/1358/946 2812/5300/2868
f 889/1353/942 2812/5300/2868 893/1358/946
f 882/1350/935 2812/5300/2868 889/1353/942
f 2796/5266/2852 2810/5295/2866 2798/5268/2854
f 489/5265/461 2810/5295/2866 2796/5266/2852
f 2698/5045/2752 2736/5117/2790 2702/5052/2756
f 2697/5043/2751 2736/5117/2790 2698/5045/2752
f 2703/5053/2757 2734/5114/2788 2707/5058/2761
f 2702/5052/2756 2734/5114/2788 2703/5053/2757
f 2708/5060/2762 2732/5304/2786 2710/5064/2764
f 2707/5058/2761 2732/5113/2786 2708/5305/2762
f 2730/5306/2784 2813/5307/2869 2732/5308/2786
f 2710/5309/2764 2732/5310/2786 2813/5311/2869
f 2711/5065/2765 2813/5312/2869 2713/5313/2767
f 2710/5064/2764 2813/5312/2869 2711/5065/2765
f 2728/5102/2782 2813/5314/2869 2730/5315/2784
f 2727/5101/2781 2813/5314/2869 2728/5102/2782
f 2715/5074/2769 2813/5316/2869 2727/5317/2781
f 2713/5069/2767 2813/5316/2869 2715/5074/2769
f 2717/5077/2771 2727/5317/2781 2725/5098/2779
f 2715/5074/2769 2727/5317/2781 2717/5077/2771
f 1776/5318/1830 2706/5057/2760 1780/5319/1834
f 1775/5320/1829 2706/5057/2760 1776/5318/1830
f 1775/5320/1829 2701/5050/2755 2706/5057/2760
f 2700/5049/2754 2706/5057/2760 2701/5050/2755
f 1788/5062/1842 2706/5057/2760 2705/5056/2759
f 1780/5319/1834 2706/5057/2760 1788/5062/1842
f 1771/3149/1825 2701/5321/2755 1775/3155/1829
f 1770/3148/1824 2701/5321/2755 1771/3149/1825
f 1770/3148/1824 2696/5322/2750 2701/5321/2755
f 2695/5323/2749 2701/5324/2755 2696/5325/2750
f 1766/3143/1820 2696/5322/2750 1770/3148/1824
f 1765/3140/1819 2696/5041/2750 1766/5326/1820
f 1765/3140/1819 2693/5036/2747 2696/5041/2750
f 2692/5035/2746 2696/5041/2750 2693/5036/2747
f 1761/3135/1815 2693/5036/2747 1765/3140/1819
f 1760/3134/1814 2693/5036/2747 1761/3135/1815
f 455/589/425 2693/5036/2747 1760/3134/1814
f 454/588/424 2693/5036/2747 455/589/425
f 274/307/211 1975/3518/2029 277/308/214
f 274/5327/211 934/1439/987 1975/3523/2029
f 330/394/279 1973/3516/2027 1972/3515/2026
f 327/391/276 1973/3516/2027 330/394/279
f 1967/3506/2021 1972/3514/2026 1968/3507/2022
f 360/444/314 1972/3514/2026 1967/3506/2021
f 357/435/311 1972/3514/2026 360/444/314
f 330/5328/279 1972/3514/2026 357/435/311
f 366/3499/322 1967/3506/2021 1963/3500/2017
f 365/5329/321 1967/3506/2021 366/3499/322
f 361/445/315 1967/3506/2021 365/5329/321
f 360/444/314 1967/3506/2021 361/445/315
f 363/450/319 1948/3465/2002 1946/3464/2000
f 363/450/319 368/455/324 1948/3465/2002
f 364/3691/320 1946/3458/2000 1944/3457/1998
f 363/450/319 1946/3464/2000 364/451/320
f 338/5330/289 1934/3432/1988 1932/3428/1986
f 337/5331/288 1934/3432/1988 338/5330/289
f 342/5332/293 1932/3428/1986 1930/3427/1984
f 338/5330/289 1932/3428/1986 342/5332/293
f 1928/3419/1982 2814/5333/2870 1930/3423/1984
f 342/412/293 1930/5334/1984 2814/5335/2870
f 390/5336/351 2814/5335/2870 391/5337/352
f 390/5336/351 2815/5338/2871 2814/5335/2870
f 343/413/294 2814/5335/2870 2815/5338/2871
f 342/412/293 2814/5335/2870 343/413/294
f 1927/3418/1981 2814/5333/2870 1928/3419/1982
f 391/5337/352 2814/5335/2870 1927/5339/1981
f 390/490/351 396/500/357 2815/5340/2871
f 396/5341/357 2816/5342/2872 2815/5338/2871
f 344/414/295 2815/5338/2871 2816/5342/2872
f 343/413/294 2815/5338/2871 344/414/295
f 396/499/357 397/3574/359 2816/5343/2872
f 372/5344/330 2816/5343/2872 397/3574/359
f 371/460/329 2816/5342/2872 372/461/330
f 344/414/295 2816/5342/2872 371/460/329
f 392/5345/353 1927/3418/1981 1926/3417/1980
f 391/5337/352 1927/5339/1981 392/5346/353
f 1889/3348/1943 1894/3359/1948 1891/3350/1945
f 1888/3347/1942 1894/3359/1948 1889/3348/1943
f 1773/3152/1827 1828/5347/1882 1774/3153/1828
f 1773/3152/1827 1779/3160/1833 1828/5347/1882
f 1768/3154/1822 1826/5348/1880 1769/5349/1823
f 1768/3154/1822 1774/3153/1828 1826/5348/1880
f 1763/3138/1817 1825/5091/1879 1764/3139/1818
f 1763/5350/1817 1769/3232/1823 1825/3231/1879
f 456/590/426 1760/3134/1814 1756/3125/1810
f 455/589/425 1760/3134/1814 456/590/426
f 480/5351/453 1594/2740/1648 1593/2739/1647
f 479/5155/455 1594/2740/1648 480/5351/453
f 510/673/486 512/677/488 1589/5156/1643
f 512/2722/488 1584/2723/1638 1589/2734/1643
f 509/5352/481 1580/2716/1634 512/2722/488
f 509/5352/481 749/2714/785 1580/2716/1634
f 629/5353/664 1535/2633/1589 1533/2632/1587
f 628/898/663 1535/5354/1589 629/899/664
f 630/900/665 1531/2625/1585 1530/2624/1584
f 629/899/664 1531/2625/1585 630/900/665
f 1499/5355/1553 1505/2579/1559 1503/2578/1557
f 593/843/622 1505/2582/1559 1499/5356/1553
f 591/846/620 1499/2565/1553 1497/2563/1551
f 591/846/620 593/845/622 1499/2565/1553
f 592/2885/621 1497/2563/1551 1495/2560/1549
f 591/846/620 1497/2563/1551 592/2885/621
f 461/599/432 1427/5357/1481 1426/2418/1480
f 461/599/432 463/5358/434 1427/5357/1481
f 71/614/442 1396/5359/1450 475/622/448
f 71/619/442 474/621/447 1396/2343/1450
f 476/3910/449 1394/5360/1448 1393/3911/1447
f 475/622/448 1394/2337/1448 476/623/449
f 33/5361/202 1346/3845/1400 1344/5362/1398
f 33/5361/202 272/3844/209 1346/3845/1400
f 269/2232/206 1344/2237/1398 1341/2233/1395
f 33/5361/202 1344/5362/1398 269/5363/206
f 213/190/136 1334/5364/1388 1030/1639/1084
f 212/189/135 1334/5364/1388 213/190/136
f 1032/5365/1086 1332/2210/1386 1035/1670/1089
f 1031/2209/1085 1332/2210/1386 1032/5365/1086
f 1045/1671/1099 1332/2210/1386 1047/1674/1101
f 1035/1670/1089 1332/2210/1386 1045/1671/1099
f 1058/1692/1112 1318/2184/1372 1061/1697/1115
f 1057/1690/1111 1318/2184/1372 1058/1692/1112
f 1317/2183/1371 2817/5366/2873 1318/2184/1372
f 1061/1697/1115 1318/2184/1372 2817/5366/2873
f 1062/1700/1116 2817/5367/2873 1064/5368/1118
f 1061/1699/1115 2817/5367/2873 1062/1700/1116
f 1253/2188/1307 2817/5366/2873 1317/2183/1371
f 1251/2069/1305 2817/5367/2873 1253/2071/1307
f 1247/2061/1301 2817/5367/2873 1251/2069/1305
f 1064/5368/1118 2817/5367/2873 1247/2061/1301
f 1254/2072/1308 1315/5369/1369 1256/2074/1310
f 1253/5370/1307 1315/5371/1369 1254/5372/1308
f 1257/2078/1311 1311/5373/1365 1259/2079/1313
f 1256/5374/1310 1311/5373/1365 1257/2078/1311
f 216/196/140 1307/2163/1361 1306/2162/1360
f 215/193/139 1307/2166/1361 216/5375/140
f 169/5376/83 1307/2166/1361 215/193/139
f 169/5376/83 1300/2164/1354 1307/2166/1361
f 169/115/83 1301/2155/1355 1300/2154/1354
f 168/114/82 1301/2155/1355 169/115/83
f 167/5377/81 1301/2155/1355 168/114/82
f 167/5377/81 1295/2156/1349 1301/2155/1355
f 167/111/81 1287/2131/1341 1295/2143/1349
f 1287/2131/1341 1292/2139/1346 1295/2143/1349
f 1278/2115/1332 1290/2135/1344 1288/2134/1342
f 1276/2111/1330 1290/2135/1344 1278/2115/1332
f 1275/2110/1329 1290/2135/1344 1276/2111/1330
f 1275/2110/1329 2818/5378/2874 1290/2135/1344
f 1174/1915/1228 1290/2135/1344 2818/5378/2874
f 1173/1914/1227 1290/2135/1344 1174/1915/1228
f 145/2114/57 2818/5378/2874 1275/2110/1329
f 144/74/56 2818/5379/2874 145/75/57
f 143/73/55 2818/5379/2874 144/74/56
f 143/73/55 1174/1917/1228 2818/5379/2874
f 165/104/79 1287/2131/1341 167/111/81
f 165/104/79 1284/2128/1338 1287/2131/1341
f 146/76/58 1273/2109/1327 148/80/61
f 145/75/57 1273/2109/1327 146/76/58
f 1190/1942/1244 1271/2101/1325 1191/1943/1245
f 156/2107/69 1271/2101/1325 1190/1942/1244
f 191/2094/108 1270/2100/1324 192/2117/109
f 191/2094/108 1266/2095/1320 1270/2100/1324
f 1185/1937/1239 1267/2097/1321 1186/1938/1240
f 1185/1937/1239 1191/1943/1245 1267/2097/1321
f 1187/1939/1241 1264/2089/1318 1263/5380/1317
f 1186/1938/1240 1264/2089/1318 1187/1939/1241
f 1065/5381/1119 1247/2061/1301 1245/2060/1299
f 1064/5368/1118 1247/2061/1301 1065/5381/1119
f 1070/1711/1124 1242/2049/1296 1073/1717/1127
f 1069/1710/1123 1242/2049/1296 1070/1711/1124
f 1139/1860/1193 1242/5382/1296 1141/1864/1195
f 1073/1720/1127 1242/5382/1296 1139/1860/1193
f 1142/5383/1196 1239/2041/1293 1144/2045/1198
f 1141/2051/1195 1239/2041/1293 1142/5383/1196
f 1207/1978/1261 1237/2038/1291 1209/1979/1263
f 1206/2043/1260 1237/2038/1291 1207/1978/1261
f 1213/1987/1267 1227/2019/1281 1216/1995/1270
f 1211/1984/1265 1227/2019/1281 1213/1987/1267
f 1146/1873/1200 1203/1969/1257 1202/1968/1256
f 1145/1872/1199 1203/1969/1257 1146/1873/1200
f 1148/1877/1202 1202/5384/1256 1151/1881/1205
f 1146/1876/1200 1202/5384/1256 1148/1877/1202
f 1152/1884/1206 1200/1961/1254 1154/1887/1208
f 1151/5385/1205 1200/1961/1254 1152/1884/1206
f 1155/1888/1209 1197/1956/1251 1196/1955/1250
f 1154/1887/1208 1197/1956/1251 1155/1888/1209
f 1194/1951/1248 2819/5386/2875 1196/1955/1250
f 1196/1955/1250 2819/5386/2875 2820/5387/2876
f 1156/1889/1210 1196/1955/1250 2820/5387/2876
f 1155/1888/1209 1196/1955/1250 1156/1889/1210
f 1169/1908/1223 2820/5387/2876 2819/5386/2875
f 1168/1907/1222 2820/5387/2876 1169/1908/1223
f 1158/1891/1212 2820/5387/2876 1168/1907/1222
f 1156/1889/1210 2820/5387/2876 1158/1891/1212
f 1192/1950/1246 2819/5386/2875 1194/1951/1248
f 1182/5388/1236 2819/5386/2875 1192/1950/1246
f 1178/5389/1232 2819/5390/2875 1182/5391/1236
f 1169/1908/1223 2819/5386/2875 1178/5392/1232
f 1074/1721/1128 1139/1860/1193 1078/1726/1132
f 1073/1720/1127 1139/1860/1193 1074/1721/1128
f 255/1714/189 1077/1811/1131 256/1810/190
f 255/1714/189 1072/1716/1126 1077/1811/1131
f 177/129/93 1001/1577/1055 999/1576/1053
f 176/128/92 1001/1577/1055 177/129/93
f 102/8/8 991/1548/1045 989/1547/1043
f 101/7/7 991/1548/1045 102/8/8
f 973/1515/1027 987/1542/1041 975/1538/1029
f 105/15/12 987/1542/1041 973/1515/1027
f 1/14/1 987/1542/1041 105/15/12
f 1/14/1 102/1544/8 987/1542/1041
f 4/5393/14 968/1503/1021 107/4464/15
f 4/5393/14 106/1507/13 968/1503/1021
f 183/5394/96 950/1470/1003 947/1465/1000
f 182/5395/95 950/1470/1003 183/5394/96
f 202/169/120 943/1456/996 204/172/123
f 201/168/119 943/1456/996 202/169/120
f 29/255/177 938/1448/991 249/256/178
f 29/255/177 179/260/182 938/1448/991
f 64/546/385 913/5396/966 420/5397/386
f 64/546/385 265/5398/200 913/5396/966
f 421/5399/387 909/1385/962 908/1384/961
f 420/1392/386 909/1385/962 421/5399/387
f 893/1359/946 898/1366/951 894/1360/947
f 487/5258/2850 898/5400/951 893/1358/946
f 822/1279/865 847/1284/900 843/1280/896
f 820/5401/863 847/1284/900 822/1279/865
f 823/1233/866 839/1273/892 825/1238/868
f 822/1232/865 839/1273/892 823/1233/866
f 753/1091/790 768/1116/805 766/1114/803
f 752/1088/789 768/1183/805 753/1089/790
f 547/754/547 765/1112/802 764/1111/801
f 547/5402/547 1413/2377/1467 765/5403/802
f 741/1061/777 747/1071/783 742/1062/778
f 502/5404/477 742/1062/778 747/1071/783
f 565/803/589 687/2500/723 566/804/590
f 565/803/589 682/5405/718 687/2500/723
f 565/974/589 678/970/714 677/969/713
f 564/2540/588 678/970/714 565/974/589
f 625/892/659 627/896/661 655/2557/691
f 627/896/661 650/5406/686 655/2557/691
f 627/5407/661 646/921/682 645/920/681
f 624/895/658 646/5408/682 627/896/661
f 611/872/643 633/5409/668 612/873/644
f 611/5410/643 631/901/666 633/903/668
f 595/849/625 615/876/647 596/850/626
f 595/849/625 610/871/642 615/876/647
f 602/5411/632 607/867/638 606/866/637
f 601/5412/631 607/867/638 602/5411/632
f 603/2999/633 606/866/637 605/865/636
f 602/861/632 606/5413/637 603/862/633
f 550/760/551 579/820/605 578/819/604
f 549/759/549 579/820/605 550/760/551
f 553/5414/2877 3154/5415/2878 559/5416/576 2821/5417/2879
f 3191/5418/2880 3155/5419/2881 554/775/566 3135/5420/2882
f 545/745/544 559/5421/576 3117/5422/575 558/784/573
f 544/744/543 559/5421/576 545/745/544
f 544/752/543 546/751/545 559/5423/576
f 546/749/545 2821/5417/2879 559/5416/576
f 3187/5424/2883 3156/5425/2884 555/779/570 3019/777/568
f 2998/5426/2885 3001/5427/2886 553/5428/2877 2858/5429/2887
f 546/749/545 1413/2377/1467 547/5402/547
f 82/5430/546 2873/5431/2888 546/749/545 547/5402/547
f 2873/5431/2888 2874/5432/2889 2821/5417/2879 546/749/545
f 2874/5432/2889 2872/5433/2890 553/5414/2877 2821/5417/2879
f 521/689/498 536/5434/529 535/1257/528
f 520/688/497 536/5434/529 521/689/498
f 525/695/502 533/5435/881 3022/721/526 528/720/509
f 522/694/499 533/5435/881 525/695/502
f 75/655/469 762/1107/799 500/656/475
f 75/655/469 502/5404/477 762/1107/799
f 502/5404/477 747/1071/783 762/1107/799
f 747/1071/783 758/1103/795 762/1107/799
f 409/5436/373 2822/5437/2891 2823/5438/2892
f 2823/5439/2892 2824/5440/2893 2825/5441/2894
f 417/533/382 2823/5439/2892 2825/5441/2894
f 2823/5438/2892 2826/5442/2895 2824/5443/2893
f 370/459/328 2826/5444/2895 2827/5445/2896
f 369/458/327 2826/5444/2895 370/459/328
f 406/5446/369 2828/5447/2897 407/5448/370
f 406/5446/369 419/5449/384 2828/5447/2897
f 419/5449/384 2829/5450/2898 2828/5447/2897
f 2827/5451/2896 2828/5447/2897 2829/5450/2898
f 370/468/328 2829/5452/2898 377/469/335
f 370/468/328 2827/5453/2896 2829/5452/2898
f 418/535/383 2829/5452/2898 419/536/384
f 418/535/383 2830/5454/2899 2829/5452/2898
f 2829/5452/2898 2830/5454/2899 2831/5455/2900
f 377/469/335 2829/5452/2898 2831/5455/2900
f 375/466/333 2831/5455/2900 2832/5456/2901
f 375/466/333 377/469/335 2831/5455/2900
f 2825/5441/2894 2831/5457/2900 2830/5458/2899
f 2825/5441/2894 2833/5459/2902 2831/5457/2900
f 2831/5457/2900 2833/5459/2902 2834/5460/2903
f 2831/5457/2900 2834/5460/2903 2832/5461/2901
f 433/557/401 435/560/403 2834/5460/2903
f 435/560/403 2832/5461/2901 2834/5460/2903
f 399/5462/360 2834/5460/2903 2833/5459/2902
f 59/5463/326 2834/5460/2903 399/5462/360
f 376/467/334 2832/5456/2901 435/3658/403
f 375/466/333 2832/5456/2901 376/467/334
f 417/533/382 2830/5458/2899 418/534/383
f 417/533/382 2825/5441/2894 2830/5458/2899
f 59/5463/326 433/557/401 2834/5460/2903
f 59/5463/326 398/558/358 433/557/401
f 263/281/198 265/5398/200 426/548/392
f 64/546/385 426/548/392 265/5398/200
f 399/5462/360 2833/5459/2902 2825/5441/2894
f 399/5462/360 2825/5441/2894 2824/5440/2893
f 339/415/290 344/414/295 374/465/332
f 344/414/295 371/460/329 374/465/332
f 303/346/245 362/3690/318 304/347/246
f 303/346/245 359/5464/313 362/3690/318
f 331/4394/280 357/435/311 356/434/310
f 330/5328/279 357/435/311 331/4394/280
f 315/378/261 348/5465/300 318/379/264
f 49/419/297 348/5466/300 315/372/261
f 290/326/230 335/402/285 291/327/231
f 290/326/230 333/403/283 335/402/285
f 286/319/225 333/5467/283 290/324/230
f 286/5468/225 297/337/238 333/398/283
f 35/293/201 329/393/278 250/294/183
f 35/293/201 276/306/213 329/393/278
f 285/318/224 297/5469/238 286/319/225
f 285/5470/224 295/334/236 297/5471/238
f 285/5470/224 296/335/237 295/334/236
f 284/317/223 296/1796/237 285/318/224
f 180/259/181 252/263/185 181/5472/94
f 30/258/180 252/263/185 180/259/181
f 16/5473/101 244/249/172 2367/4346/2421
f 16/5473/101 185/138/100 244/249/172
f 210/180/130 240/5474/166 230/222/155
f 209/179/129 240/5474/166 210/180/130
f 129/105/39 166/107/80 218/198/142
f 166/107/80 214/192/138 218/198/142
f 166/107/80 215/193/139 214/192/138
f 166/107/80 169/5376/83 215/193/139
f 141/67/53 159/97/73 158/96/72
f 140/66/52 159/97/73 141/67/53
f 114/30/23 151/1993/64 115/31/24
f 114/30/23 147/5475/60 151/1993/64
f 114/30/23 148/5476/61 147/5475/60
f 114/30/23 146/77/58 148/5476/61
f 112/1541/21 132/53/41 131/52/40
f 111/27/20 132/5477/41 112/28/21
f 1/9/1 103/12/10 99/5/5
f 1/9/1 99/5/5 102/8/8
f 117/1505/1023 118/38/28 119/37/27
f 117/1505/1023 119/37/27 120/41/31
f 178/5478/97 179/260/182 180/259/181
f 178/5479/97 180/5480/181 181/5481/94
f 486/5256/2849 487/5258/2850 488/5299/460
f 486/5256/2849 488/5299/460 491/5482/463
f 508/5483/480 750/1087/788 519/1096/786
f 519/1096/786 750/1087/788 754/1090/791
f 369/509/327 2824/5443/2893 2826/5442/2895
f 369/509/327 399/508/360 2824/5443/2893
f 409/532/373 2823/5439/2892 417/533/382
f 407/5448/370 2822/5484/2891 408/5485/371
f 662/947/698 665/951/701 2836/5486/2904
f 662/947/698 2836/5486/2904 2835/5487/2905
f 668/5488/704 673/2542/709 2836/5486/2904
f 665/951/701 668/5488/704 2836/5486/2904
f 673/2542/709 2835/5487/2905 2836/5486/2904
f 658/941/694 2835/5487/2905 673/2542/709
f 657/940/693 662/947/698 2835/5487/2905
f 657/940/693 2835/5487/2905 658/941/694
f 61/517/368 408/520/371 2822/5489/2891
f 61/5490/368 2822/5491/2891 409/5492/373
f 2826/5493/2895 2828/5447/2897 2827/5451/2896
f 2826/5494/2895 2837/5495/2906 2828/5496/2897
f 2823/5438/2892 2837/5497/2906 2826/5442/2895
f 2822/5437/2891 2837/5497/2906 2823/5438/2892
f 407/5448/370 2828/5447/2897 2822/5484/2891
f 2822/5484/2891 2828/5447/2897 2837/5498/2906
f 176/128/92 14/127/91 2838/5499/2907
f 14/127/91 2437/4486/2491 2838/5499/2907
f 2437/4486/2491 186/142/102 2838/5499/2907
f 186/142/102 15/139/98 2838/5499/2907
f 15/139/98 16/141/101 2838/5499/2907
f 16/141/101 2367/4348/2421 2838/5499/2907
f 2367/4348/2421 176/128/92 2838/5499/2907
f 3160/5500/2908 2840/5501/2909 2843/5502/2910 3168/5503/2911
f 3160/5500/2908 3161/5504/2912 2843/5502/2910 2840/5501/2909
f 2914/5505/2913 2915/5506/2914 2849/5507/2915 2847/5508/2916
f 2914/5505/2913 2847/5508/2916 2848/5509/2917 2920/5510/2918
f 2923/5511/2919 2875/5512/2920 2846/5513/2921 2918/5514/2922
f 2922/5515/2923 2917/732/535 2845/731/534 2876/5516/2924
f 2915/5506/2914 2916/5517/2925 2856/5518/2926 2849/5507/2915
f 2920/5510/2918 2848/5509/2917 2855/5519/2927 2921/5520/2928
f 82/5430/546 2844/5521/2929 2853/5522/2930 2854/5523/2931
f 3168/5503/2911 2843/5502/2910 2852/5524/2932 3169/5525/2933
f 3161/5504/2912 3162/5526/2934 2852/5524/2932 2843/5502/2910
f 82/5527/546 2850/5528/2935 2851/5529/2936 2842/5530/2937
f 2844/5531/2929 2861/5532/2938 2865/5533/2939 2853/5534/2930
f 2842/5535/2937 2851/5536/2936 2864/5537/2940 2863/5538/2941
f 2870/5539/558 540/5540/557 2857/5541/2942 2877/5542/2943
f 2872/5543/2890 2878/5544/2944 2858/5429/2887 553/5428/2877
f 82/5545/546 2862/5546/2945 2861/5532/2938 2844/5531/2929
f 82/5545/546 2842/5535/2937 2863/5538/2941 2862/5546/2945
f 3012/5547/2946 2998/5426/2885 2858/5429/2887 2931/5548/2947
f 2993/5549/2948 2999/5550/2949 2857/5541/2942 540/5540/557
f 2853/5534/2930 2865/5533/2939 2878/5544/2944 2872/5543/2890
f 2851/5536/2936 2870/5539/558 2877/5542/2943 2864/5537/2940
f 2916/5517/2925 2922/5515/2923 2876/5516/2924 2856/5518/2926
f 2921/5520/2928 2855/5519/2927 2875/5512/2920 2923/5511/2919
f 2854/5523/2931 2853/5522/2930 2872/5433/2890 2874/5432/2889
f 82/5430/546 2854/5523/2931 2874/5432/2889 2873/5431/2888
f 3169/5525/2933 2852/5524/2932 2871/771/562 3172/772/563
f 3162/5526/2934 3163/768/559 2871/771/562 2852/5524/2932
f 2850/5528/2935 2869/765/556 2870/767/558 2851/5529/2936
f 82/5527/546 2868/762/553 2869/765/556 2850/5528/2935
f 82/5527/546 2841/5551/2950 2867/761/552 2868/762/553
f 82/5527/546 2866/758/550 2867/761/552 2841/5551/2950
f 3034/5552/2926 3038/5553/2951 2893/5554/2952 2889/5555/2925
f 3066/5556/2953 2888/5557/2928 2892/5558/2954 3069/5559/2955
f 3027/5560/2956 3036/5561/2957 2891/5562/2958 2882/5563/2959
f 3043/5564/2960 3035/5565/2961 2890/5566/2962 2945/5567/2963
f 3029/5568/2964 3034/5552/2926 2889/5555/2925 2884/5569/2965
f 3065/5570/2966 2887/5571/2967 2888/5557/2928 3066/5556/2953
f 3028/5572/2968 3029/5568/2964 2884/5569/2965 2883/5573/2969
f 3028/5572/2968 2883/5573/2969 2887/5571/2967 3065/5570/2966
f 3035/5565/2961 3050/5574/2970 2879/5575/2971 2890/5566/2962
f 3069/5559/2955 2892/5558/2954 2886/5576/2972 3064/5577/2973
f 3038/5553/2951 3063/5578/2974 2885/5579/2975 2893/5554/2952
f 3058/5580/2976 2958/5581/2977 2881/5582/2978 3026/5583/2979
f 3040/5584/2980 3030/5585/2981 2885/5579/2975 2925/5586/2982
f 3076/5587/2983 2959/5588/2984 2881/5589/2978 3060/5590/2985
f 3174/5591/2986 3166/769/560 2904/5592/2987 2926/5593/2988
f 3179/5594/2989 2960/5595/2990 2902/5596/2991 3164/5597/516
f 3170/5598/2992 3156/5599/2884 2895/5600/2993 2908/5601/2994
f 3176/5602/2995 3170/5598/2992 2908/5601/2994 2946/5603/2996
f 3165/5604/2997 3171/5605/2998 2909/5606/2999 2903/5607/3000
f 3127/5608/3001 3128/5609/3002 2901/5610/3003 2900/5611/3004
f 3141/5612/3005 2907/5613/2927 2910/5614/3006 3144/5615/2927
f 3126/5616/3007 3127/5608/3001 2900/5611/3004 2899/5617/3008
f 3140/5618/3009 2906/5619/3010 2907/5613/2927 3141/5612/3005
f 3125/5620/3011 3126/5616/3007 2899/5617/3008 2898/5621/3012
f 3125/5620/3011 2898/5621/3012 2906/5619/3010 3140/5618/3009
f 3132/5622/3013 3122/5623/3014 2895/5624/2993 3070/5625/3015
f 3144/5615/2927 2910/5614/3006 2905/5626/3016 3139/5627/3017
f 3128/5609/3002 3138/5628/3018 2904/5592/2987 2901/5610/3003
f 3152/5629/3019 3039/5630/3020 2897/5631/3021 3124/5632/3022
f 3150/5633/3023 2961/5634/3024 2902/5635/2991 3136/5636/3025
f 3167/773/564 3173/5637/3026 2927/5638/3027 2905/5626/3016
f 3175/5639/3028 3174/5591/2986 2926/5593/2988 2937/5640/3029
f 3042/5641/3030 3040/5584/2980 2925/5586/2982 2936/5642/3031
f 3031/5643/3032 3041/5644/3033 2924/5645/3034 2886/5576/2972
f 2934/5646/3035 2921/5520/2928 2923/5511/2919 2935/5647/3036
f 2943/5648/3037 2944/5649/3038 2922/5515/2923 2916/5517/2925
f 2995/5650/3039 3009/5651/3040 2918/5514/2922 2846/5513/2921
f 2933/5652/3041 2920/5510/2918 2921/5520/2928 2934/5646/3035
f 2942/5653/3042 2943/5648/3037 2916/5517/2925 2915/5506/2914
f 2944/5649/3038 2930/5654/3043 2917/732/535 2922/5515/2923
f 2935/5647/3036 2923/5511/2919 2918/5514/2922 2931/5548/2947
f 2941/5655/3044 2914/5505/2913 2920/5510/2918 2933/5652/3041
f 2941/5655/3044 2942/5653/3042 2915/5506/2914 2914/5505/2913
f 2940/5656/882 2913/1263/883 2912/1265/886 2939/5657/3045
f 539/5658/561 832/1249/876 2911/1255/880 2919/5659/3046
f 3011/5660/3047 3010/729/532 2917/732/535 2930/5654/3043
f 2999/5550/2949 3011/5660/3047 2930/5654/3043 2857/5541/2942
f 80/5661/523 2940/5656/882 2939/5657/3045 2860/5662/3048
f 2862/5546/2945 2863/5538/2941 2942/5653/3042 2941/5655/3044
f 2862/5546/2945 2941/5655/3044 2933/5652/3041 2861/5532/2938
f 2878/5544/2944 2935/5647/3036 2931/5548/2947 2858/5429/2887
f 2877/5542/2943 2857/5541/2942 2930/5654/3043 2944/5649/3038
f 2863/5538/2941 2864/5537/2940 2943/5648/3037 2942/5653/3042
f 2861/5532/2938 2933/5652/3041 2934/5646/3035 2865/5533/2939
f 2864/5537/2940 2877/5542/2943 2944/5649/3038 2943/5648/3037
f 2865/5533/2939 2934/5646/3035 2935/5647/3036 2878/5544/2944
f 3036/5561/2957 3042/5641/3030 2936/5642/3031 2891/5562/2958
f 3171/5605/2998 3175/5639/3028 2937/5640/3029 2909/5606/2999
f 3173/5637/3026 3176/5602/2995 2946/5603/2996 2927/5638/3027
f 3041/5644/3033 3043/5564/2960 2945/5567/2963 2924/5645/3034
f 3009/5651/3040 3012/5547/2946 2931/5548/2947 2918/5514/2922
f 2919/5659/3046 2911/1255/880 2938/1254/879 2932/1261/884
f 80/1260/523 833/1253/878 2929/1250/877 2940/1258/882
f 555/779/570 2938/1254/879 2928/1248/875 831/1252/874
f 831/1252/874 2928/1248/875 2929/1250/877 833/1253/878
f 3124/5663/3022 2897/5664/3021 2953/5665/3049 3149/5666/3050
f 3165/5604/2997 2903/5607/3000 2952/5667/3051 3177/5668/3052
f 3025/5669/3053 2880/5670/3054 2951/5671/3055 3075/5672/3056
f 3027/5560/2956 2882/5563/2959 2950/5673/3057 3057/5674/3058
f 2993/5549/2948 540/5540/557 2947/5675/822 3014/5676/3059
f 3159/5677/524 80/5678/523 2949/5679/3060 3178/5680/3061
f 3149/5666/3050 2953/5665/3049 2961/5634/3024 3150/5633/3023
f 3177/5668/3052 2952/5667/3051 2960/5595/2990 3179/5594/2989
f 3075/5672/3056 2951/5671/3055 2959/5588/2984 3076/5587/2983
f 3057/5674/3058 2950/5673/3057 2958/5581/2977 3058/5580/2976
f 531/713/519 2962/1143/537 2954/1145/823 784/1141/821
f 3014/5676/3059 2947/5675/822 2962/734/537 3016/733/536
f 79/722/503 2948/5681/3062 2955/712/518 2956/711/517
f 3178/5680/3061 2949/5679/3060 2957/708/514 3180/707/513
f 3093/5682/3063 2987/5683/3064 2989/5684/3065 3094/5685/3066
f 3044/5686/3067 2986/5687/3068 2988/5688/3069 3046/5689/3070
f 3097/5690/3071 2966/5691/3072 2987/5683/3064 3093/5682/3063
f 3052/5692/3073 2977/5693/3074 2986/5687/3068 3044/5686/3067
f 3106/5694/3075 3108/5695/3076 2985/5696/3075 2983/5697/3077
f 3103/5698/3078 3107/5699/3079 2984/5700/3078 2972/5701/3080
f 3099/5702/3081 3106/5694/3075 2983/5697/3077 2968/5703/3082
f 3107/5699/3079 3105/5704/3083 2982/5705/3084 2984/5700/3078
f 3046/5689/3070 2988/5688/3069 2965/5706/3085 3026/5707/2979
f 3081/5708/3086 3059/5709/3087 2977/5710/3074 3052/5711/3073
f 3056/5712/3088 3030/5585/2981 2967/5713/3089 2981/5714/3090
f 3037/5715/3091 2973/5716/3092 2968/5703/3082 3031/5643/3032
f 3080/5717/3093 3050/5718/2970 2975/5719/3094 3077/5720/3095
f 3053/5721/3096 2978/5722/3097 2969/5723/3098 3032/5724/3099
f 3053/5721/3096 3054/5725/3100 2979/5726/3101 2978/5722/3097
f 3032/5724/3099 2969/5723/3098 2970/5727/2927 3033/5728/3102
f 3054/5725/3100 3055/5729/3103 2980/5730/2926 2979/5726/3101
f 3033/5728/3102 2970/5727/2927 2973/5716/3092 3037/5715/3091
f 3055/5729/3103 3056/5712/3088 2981/5714/3090 2980/5730/2926
f 3105/5704/3083 3098/5731/3104 2967/5713/3089 2982/5705/3084
f 3094/5685/3066 2989/5684/3065 2965/5732/3085 3096/5733/3105
f 3102/5734/3106 3086/5735/3107 2975/5736/3094 2971/5737/3108
f 3108/5695/3076 3102/5734/3106 2971/5737/3108 2985/5696/3075
f 3097/5690/3071 3103/5698/3078 2972/5701/3080 2966/5691/3072
f 3186/5738/3109 3181/5739/3110 2963/791/580 3020/790/579
f 3185/5740/3111 3048/5741/3112 2964/5742/3113 3182/5743/3114
f 3049/5744/3115 3078/5745/3116 3018/5746/3117 2974/5747/3118
f 3051/5748/3119 2976/5749/3120 3017/5750/3121 3079/5751/3122
f 3045/5752/3123 3014/5676/3059 3016/733/536 3047/5753/3124
f 2948/5681/3062 3013/5754/3125 3015/5755/3126 2955/712/518
f 3062/5756/3127 2993/5549/2948 3014/5676/3059 3045/5752/3123
f 79/722/503 3002/5757/3128 3013/5754/3125 2948/5681/3062
f 3071/5758/3129 3074/5759/3130 3012/5547/2946 3009/5651/3040
f 3068/5760/3131 3073/5761/3078 3011/5660/3047 2999/5550/2949
f 3073/5761/3078 3072/5762/3132 3010/729/532 3011/5660/3047
f 3064/5577/2973 3071/5758/3129 3009/5651/3040 2995/5650/3039
f 3123/5763/3133 2896/5764/3134 3008/5765/3135 3151/5766/3136
f 3121/5767/3137 3131/5768/3138 3007/5769/3139 2894/5770/3140
f 2955/712/518 3015/5755/3126 2991/5771/538 531/713/519
f 2876/5516/2924 2845/731/534 2994/730/533 3006/5772/3141
f 2875/5512/2920 3000/5773/3142 2995/5650/3039 2846/5513/2921
f 2847/5508/2916 3003/5774/3143 2996/5775/3144 2848/5509/2917
f 2847/5508/2916 2849/5507/2915 3004/5776/3145 3003/5774/3143
f 2848/5509/2917 2996/5775/3144 2997/5777/3146 2855/5519/2927
f 2849/5507/2915 2856/5518/2926 3005/5778/3103 3004/5776/3145
f 2855/5519/2927 2997/5777/3146 3000/5773/3142 2875/5512/2920
f 2856/5518/2926 2876/5516/2924 3006/5772/3141 3005/5778/3103
f 3062/5756/3127 3068/5760/3131 2999/5550/2949 2993/5549/2948
f 3074/5759/3130 3067/5779/3147 2998/5426/2885 3012/5547/2946
f 3067/5779/3147 3024/5780/3148 3001/5427/2886 2998/5426/2885
f 3155/5419/2881 3183/5781/3149 2990/776/567 554/775/566
f 3047/5753/3124 3016/733/536 2991/736/538 3060/5782/2985
f 3072/5762/3132 3063/5578/2974 2994/730/533 3010/729/532
f 3158/5783/510 528/720/509 2992/719/525 3184/5784/3150
f 2925/5586/2982 2885/5579/2975 3063/5578/2974 3072/5762/3132
f 2958/5581/2977 3047/5753/3124 3060/5782/2985 2881/5582/2978
f 2890/5566/2962 2879/5575/2971 3024/5780/3148 3067/5779/3147
f 2945/5567/2963 2890/5566/2962 3067/5779/3147 3074/5759/3130
f 2882/5563/2959 2891/5562/2958 3068/5760/3131 3062/5756/3127
f 2886/5576/2972 2924/5645/3034 3071/5758/3129 3064/5577/2973
f 2936/5642/3031 2925/5586/2982 3072/5762/3132 3073/5761/3078
f 2891/5562/2958 2936/5642/3031 3073/5761/3078 3068/5760/3131
f 2924/5645/3034 2945/5567/2963 3074/5759/3130 3071/5758/3129
f 2882/5563/2959 3062/5756/3127 3045/5752/3123 2950/5673/3057
f 2950/5673/3057 3045/5752/3123 3047/5753/3124 2958/5581/2977
f 79/5785/503 3051/5748/3119 3079/5751/3122 3002/5786/3128
f 553/5787/2877 3001/5788/2886 3078/5745/3116 3049/5744/3115
f 3157/700/506 527/699/505 3048/5741/3112 3185/5740/3111
f 3154/5789/2878 3186/5738/3109 3020/790/579 559/787/576
f 2889/5555/2925 2893/5554/2952 3056/5712/3088 3055/5729/3103
f 2888/5557/2928 3033/5728/3102 3037/5715/3091 2892/5558/2954
f 2884/5569/2965 2889/5555/2925 3055/5729/3103 3054/5725/3100
f 2887/5571/2967 3032/5724/3099 3033/5728/3102 2888/5557/2928
f 2883/5573/2969 2884/5569/2965 3054/5725/3100 3053/5721/3096
f 2883/5573/2969 3053/5721/3096 3032/5724/3099 2887/5571/2967
f 3078/5745/3116 3080/5717/3093 3077/5720/3095 3018/5746/3117
f 3001/5788/2886 3024/5790/3148 3080/5717/3093 3078/5745/3116
f 3024/5790/3148 2879/5791/2971 3050/5718/2970 3080/5717/3093
f 2892/5558/2954 3037/5715/3091 3031/5643/3032 2886/5576/2972
f 2893/5554/2952 2885/5579/2975 3030/5585/2981 3056/5712/3088
f 3025/5792/3053 3081/5708/3086 3052/5711/3073 2880/5793/3054
f 3002/5786/3128 3079/5751/3122 3081/5708/3086 3025/5792/3053
f 3079/5751/3122 3017/5750/3121 3059/5709/3087 3081/5708/3086
f 2959/5588/2984 3046/5689/3070 3026/5707/2979 2881/5589/2978
f 2880/5670/3054 3052/5692/3073 3044/5686/3067 2951/5671/3055
f 2951/5671/3055 3044/5686/3067 3046/5689/3070 2959/5588/2984
f 2987/5683/3064 3057/5674/3058 3058/5580/2976 2989/5684/3065
f 3013/5754/3125 3075/5672/3056 3076/5587/2983 3015/5755/3126
f 2966/5691/3072 3027/5560/2956 3057/5674/3058 2987/5683/3064
f 3002/5757/3128 3025/5669/3053 3075/5672/3056 3013/5754/3125
f 2983/5697/3077 2985/5696/3075 3043/5564/2960 3041/5644/3033
f 2972/5701/3080 2984/5700/3078 3042/5641/3030 3036/5561/2957
f 2968/5703/3082 2983/5697/3077 3041/5644/3033 3031/5643/3032
f 2984/5700/3078 2982/5705/3084 3040/5584/2980 3042/5641/3030
f 3151/5766/3136 3008/5765/3135 3039/5630/3020 3152/5629/3019
f 3131/5768/3138 3132/5622/3013 3070/5625/3015 3007/5769/3139
f 3015/5755/3126 3076/5587/2983 3060/5590/2985 2991/5771/538
f 2982/5705/3084 2967/5713/3089 3030/5585/2981 3040/5584/2980
f 2989/5684/3065 3058/5580/2976 3026/5583/2979 2965/5732/3085
f 3006/5772/3141 2994/730/533 3063/5578/2974 3038/5553/2951
f 3000/5773/3142 3069/5559/2955 3064/5577/2973 2995/5650/3039
f 2971/5737/3108 2975/5736/3094 3050/5574/2970 3035/5565/2961
f 3003/5774/3143 3028/5572/2968 3065/5570/2966 2996/5775/3144
f 3003/5774/3143 3004/5776/3145 3029/5568/2964 3028/5572/2968
f 2996/5775/3144 3065/5570/2966 3066/5556/2953 2997/5777/3146
f 3004/5776/3145 3005/5778/3103 3034/5552/2926 3029/5568/2964
f 2985/5696/3075 2971/5737/3108 3035/5565/2961 3043/5564/2960
f 2966/5691/3072 2972/5701/3080 3036/5561/2957 3027/5560/2956
f 2997/5777/3146 3066/5556/2953 3069/5559/2955 3000/5773/3142
f 3005/5778/3103 3006/5772/3141 3038/5553/2951 3034/5552/2926
f 3183/5781/3149 3187/5424/2883 3019/777/568 2990/776/567
f 3120/1216/858 817/1215/857 3023/1223/861 3153/1222/862
f 3082/788/577 559/787/576 3020/790/579 3116/789/578
f 83/778/569 3021/774/565 3019/777/568 555/779/570
f 80/717/523 3061/716/522 3022/721/526 533/5435/881
f 3184/5784/3150 2992/719/525 3061/716/522 3188/715/521
f 3134/785/574 3082/788/577 3116/789/578 3133/5794/3151
f 527/699/505 3084/5795/3152 3115/5796/3153 3048/5741/3112
f 3018/5746/3117 3077/5720/3095 3114/5797/3154 3112/5798/3155
f 3017/5750/3121 3111/5799/3156 3113/5800/3157 3059/5709/3087
f 2974/5747/3118 3018/5746/3117 3112/5798/3155 3085/5801/3158
f 2976/5749/3120 3087/5802/3159 3111/5799/3156 3017/5750/3121
f 3137/5803/3160 3143/5804/3161 3103/5698/3078 3097/5690/3071
f 3148/5805/3075 3142/5806/3162 3102/5734/3106 3108/5695/3076
f 3142/5806/3162 3122/5807/3014 3086/5735/3107 3102/5734/3106
f 3130/5808/3163 3094/5685/3066 3096/5733/3105 3136/5809/3025
f 3145/5810/3164 3138/5628/3018 3098/5731/3104 3105/5704/3083
f 3147/5811/3165 3145/5810/3164 3105/5704/3083 3107/5699/3079
f 3139/5627/3017 3146/5812/3166 3106/5694/3075 3099/5702/3081
f 3143/5804/3161 3147/5811/3165 3107/5699/3079 3103/5698/3078
f 3146/5812/3166 3148/5805/3075 3108/5695/3076 3106/5694/3075
f 3137/5803/3160 3097/5690/3071 3093/5682/3063 3129/5813/3167
f 3129/5813/3167 3093/5682/3063 3094/5685/3066 3130/5808/3163
f 2986/5687/3068 3109/5814/3168 3110/5815/3169 2988/5688/3069
f 2977/5693/3074 3088/5816/3170 3109/5814/3168 2986/5687/3068
f 2988/5688/3069 3110/5815/3169 3096/5817/3105 2965/5706/3085
f 3059/5709/3087 3113/5800/3157 3088/5818/3170 2977/5710/3074
f 2981/5714/3090 2967/5713/3089 3098/5731/3104 3092/5819/3171
f 2973/5716/3092 3104/5820/2927 3099/5702/3081 2968/5703/3082
f 3077/5720/3095 2975/5719/3094 3086/5821/3107 3114/5797/3154
f 2978/5722/3097 3089/5822/3172 3100/5823/3173 2969/5723/3098
f 2978/5722/3097 2979/5726/3101 3090/5824/3174 3089/5822/3172
f 2969/5723/3098 3100/5823/3173 3101/5825/3102 2970/5727/2927
f 2979/5726/3101 2980/5730/2926 3091/5826/3175 3090/5824/3174
f 2970/5727/2927 3101/5825/3102 3104/5820/2927 2973/5716/3092
f 2980/5730/2926 2981/5714/3090 3092/5819/3171 3091/5826/3175
f 3181/5739/3110 3189/5827/3176 3095/792/581 2963/791/580
f 3048/5741/3112 3115/5796/3153 3083/5828/3177 2964/5742/3113
f 3133/5794/3151 3116/789/578 3095/792/581 3135/5420/2882
f 3182/5743/3114 2964/5742/3113 3083/5828/3177 3190/5829/3178
f 3021/774/565 3133/5794/3151 3135/5420/2882 554/775/566
f 2952/5667/3051 3129/5813/3167 3130/5808/3163 2960/5595/2990
f 2903/5607/3000 3137/5803/3160 3129/5813/3167 2952/5667/3051
f 2927/5638/3027 2946/5603/2996 3148/5805/3075 3146/5812/3166
f 2909/5606/2999 2937/5640/3029 3147/5811/3165 3143/5804/3161
f 2905/5626/3016 2927/5638/3027 3146/5812/3166 3139/5627/3017
f 2937/5640/3029 2926/5593/2988 3145/5810/3164 3147/5811/3165
f 2926/5593/2988 2904/5592/2987 3138/5628/3018 3145/5810/3164
f 2960/5595/2990 3130/5808/3163 3136/5809/3025 2902/5596/2991
f 2908/5601/2994 2895/5600/2993 3122/5807/3014 3142/5806/3162
f 2946/5603/2996 2908/5601/2994 3142/5806/3162 3148/5805/3075
f 2903/5607/3000 2909/5606/2999 3143/5804/3161 3137/5803/3160
f 83/778/569 3134/785/574 3133/5794/3151 3021/774/565
f 3084/5795/3152 3120/1216/858 3153/1222/862 3115/5796/3153
f 3112/5798/3155 3114/5797/3154 3132/5622/3013 3131/5768/3138
f 3111/5799/3156 3151/5766/3136 3152/5629/3019 3113/5800/3157
f 3085/5801/3158 3112/5798/3155 3131/5768/3138 3121/5767/3137
f 3087/5802/3159 3123/5763/3133 3151/5766/3136 3111/5799/3156
f 3109/5814/3168 3149/5666/3050 3150/5633/3023 3110/5815/3169
f 3088/5816/3170 3124/5663/3022 3149/5666/3050 3109/5814/3168
f 3110/5815/3169 3150/5633/3023 3136/5636/3025 3096/5817/3105
f 3113/5800/3157 3152/5629/3019 3124/5632/3022 3088/5818/3170
f 3092/5819/3171 3098/5731/3104 3138/5628/3018 3128/5609/3002
f 3104/5820/2927 3144/5615/2927 3139/5627/3017 3099/5702/3081
f 3114/5797/3154 3086/5821/3107 3122/5623/3014 3132/5622/3013
f 3089/5822/3172 3125/5620/3011 3140/5618/3009 3100/5823/3173
f 3089/5822/3172 3090/5824/3174 3126/5616/3007 3125/5620/3011
f 3100/5823/3173 3140/5618/3009 3141/5612/3005 3101/5825/3102
f 3090/5824/3174 3091/5826/3175 3127/5608/3001 3126/5616/3007
f 3101/5825/3102 3141/5612/3005 3144/5615/2927 3104/5820/2927
f 3091/5826/3175 3092/5819/3171 3128/5609/3002 3127/5608/3001
f 3189/5827/3176 3191/5418/2880 3135/5420/2882 3095/792/581
f 3115/5796/3153 3153/1222/862 3118/702/508 3083/5828/3177
f 527/699/505 3119/1209/854 3120/1216/858 3084/5795/3152
f 83/778/569 558/5830/573 3117/786/575 3134/785/574
f 3190/5829/3178 3083/5828/3177 3118/702/508 3192/701/507
f 3087/5831/3159 3190/5829/3178 3192/701/507 3123/5832/3133
f 3085/5801/3158 3121/5767/3137 3191/5418/2880 3189/5827/3176
f 2976/5833/3120 3182/5743/3114 3190/5829/3178 3087/5831/3159
f 2974/5747/3118 3085/5801/3158 3189/5827/3176 3181/5739/3110
f 3008/5765/3135 3184/5784/3150 3188/715/521 3039/5630/3020
f 3007/5769/3139 3070/5625/3015 3187/5424/2883 3183/5781/3149
f 553/5787/2877 3049/5744/3115 3186/5738/3109 3154/5789/2878
f 79/697/503 3157/700/506 3185/5740/3111 3051/5834/3119
f 2896/5764/3134 3158/5783/510 3184/5784/3150 3008/5765/3135
f 2894/5770/3140 3007/5769/3139 3183/5781/3149 3155/5419/2881
f 3051/5834/3119 3185/5740/3111 3182/5743/3114 2976/5833/3120
f 3049/5744/3115 2974/5747/3118 3181/5739/3110 3186/5738/3109
f 2953/5665/3049 3178/5680/3061 3180/707/513 2961/5634/3024
f 2949/5835/3060 3177/5668/3052 3179/5594/2989 2957/5836/514
f 2897/5664/3021 3159/5677/524 3178/5680/3061 2953/5665/3049
f 80/5661/523 3165/5604/2997 3177/5668/3052 2949/5835/3060
f 2919/5837/3046 2932/5838/884 3176/5602/2995 3173/5637/3026
f 2860/5662/3048 2939/5657/3045 3175/5639/3028 3171/5605/2998
f 2939/5657/3045 2912/1265/886 3174/5591/2986 3175/5639/3028
f 539/770/561 2919/5837/3046 3173/5637/3026 3167/773/564
f 80/5661/523 2860/5662/3048 3171/5605/2998 3165/5604/2997
f 2932/5838/884 2859/5839/885 3170/5598/2992 3176/5602/2995
f 2859/5839/885 555/5840/570 3156/5599/2884 3170/5598/2992
f 2957/5836/514 3179/5594/2989 3164/5597/516 2839/5841/515
f 2912/1265/886 539/770/561 3166/769/560 3174/5591/2986
f 2900/5611/3004 2901/5610/3003 3163/768/559 3162/5526/2934
f 2907/5613/2927 3169/5525/2933 3172/772/563 2910/5614/3006
f 2899/5617/3008 2900/5611/3004 3162/5526/2934 3161/5504/2912
f 2906/5619/3010 3168/5503/2911 3169/5525/2933 2907/5613/2927
f 2898/5621/3012 2899/5617/3008 3161/5504/2912 3160/5500/2908
f 2898/5621/3012 3160/5500/2908 3168/5503/2911 2906/5619/3010
f 3070/5625/3015 2895/5624/2993 3156/5425/2884 3187/5424/2883
f 3121/5767/3137 2894/5770/3140 3155/5419/2881 3191/5418/2880
f 2910/5614/3006 3172/772/563 3167/773/564 2905/5626/3016
f 2901/5610/3003 2904/5592/2987 3166/769/560 3163/768/559
f 3039/5630/3020 3188/715/521 3159/718/524 2897/5631/3021
f 2961/5634/3024 3180/707/513 3164/710/516 2902/5635/2991
f 3123/5832/3133 3192/701/507 3158/704/510 2896/5842/3134
