# Blender 5.1.1
# www.blender.org
mtllib bunnyriflev2.mtl
o Meshy_AI_Bunny_4_Foot_Roblox_0522233853_texture
v -0.521026 -0.672393 -0.424978
v -0.557095 -0.672392 -0.338414
v -0.607590 -0.657967 -0.352842
v -0.571523 -0.650753 -0.446619
v -0.492173 -0.643539 -0.497114
v -0.470531 -0.657967 -0.468259
v -0.304618 -0.650753 -0.396123
v -0.297406 -0.657967 -0.316773
v -0.319045 -0.657967 -0.237425
v -0.593162 -0.650753 -0.251850
v -0.564309 -0.665181 -0.273492
v -0.456104 -0.650753 -0.194142
v -0.470531 -0.629112 -0.165288
v -0.542668 -0.585831 -0.194142
v -0.622018 -0.607470 -0.259064
v -0.629231 -0.614684 -0.360056
v -0.261337 -0.636325 -0.309561
v -0.290192 -0.636325 -0.215783
v -0.347900 -0.629112 -0.158075
v -0.355114 -0.650753 -0.186928
v -0.593162 -0.607470 -0.453831
v -0.528240 -0.607470 -0.504328
v -0.448890 -0.585831 -0.511542
v -0.340687 -0.578617 -0.475473
v -0.362328 -0.636325 -0.461045
v -0.607590 -0.549762 -0.273492
v -0.614804 -0.556975 -0.367269
v -0.585949 -0.549762 -0.453831
v -0.268550 -0.629112 -0.396123
v -0.290192 -0.621898 -0.432192
v -0.268550 -0.564189 -0.439406
v -0.239695 -0.593044 -0.388909
v -0.239695 -0.600256 -0.302347
v -0.564309 -0.657967 0.245887
v -0.578735 -0.657967 0.318024
v -0.614804 -0.643539 0.318024
v -0.600376 -0.643539 0.217034
v -0.535454 -0.643539 0.137684
v -0.528240 -0.650753 0.173751
v -0.405609 -0.650753 0.144898
v -0.319045 -0.650753 0.209820
v -0.304618 -0.650753 0.281956
v -0.542668 -0.657967 0.382946
v -0.326259 -0.650753 0.361306
v -0.463318 -0.650753 0.419015
v -0.477745 -0.636325 0.447868
v -0.578735 -0.643539 0.404587
v -0.268550 -0.600256 -0.208569
v -0.326259 -0.585831 -0.150861
v -0.427250 -0.578617 -0.150861
v -0.622018 -0.600256 0.217034
v -0.564309 -0.600256 0.144898
v -0.477745 -0.593044 0.116043
v -0.369540 -0.578617 0.108829
v -0.391181 -0.636325 0.116043
v -0.282978 -0.629112 0.180965
v -0.261337 -0.585831 0.173751
v -0.239695 -0.593044 0.267529
v -0.261337 -0.629112 0.274743
v -0.282978 -0.629112 0.368518
v -0.254123 -0.585831 0.361306
v -0.290192 -0.564189 0.411801
v -0.326259 -0.621898 0.404587
v -0.391181 -0.571403 0.447868
v -0.484959 -0.578617 0.469510
v -0.549881 -0.600256 0.455082
v -0.607590 -0.600256 0.404587
v -0.636445 -0.600256 0.318024
v -0.600376 -0.542548 0.397373
v -0.622018 -0.549761 0.318024
v -0.614804 -0.549761 0.231460
v -0.290192 -0.261217 -0.489900
v -0.225269 -0.318927 -0.482687
v -0.174773 -0.362208 -0.446619
v 0.164267 -0.636325 -0.461045
v 0.092131 -0.629112 -0.489900
v 0.092131 -0.614684 -0.525967
v 0.178692 -0.621898 -0.497114
v 0.301325 -0.614684 -0.403337
v 0.279684 -0.629112 -0.367269
v 0.099344 -0.621898 -0.266278
v 0.041636 -0.629112 -0.367269
v 0.048848 -0.629112 -0.453831
v -0.153133 -0.398275 -0.388909
v -0.181987 -0.477625 -0.309561
v -0.225269 -0.528122 -0.230211
v 0.279684 -0.636325 0.245887
v 0.315751 -0.636325 0.310810
v 0.070489 -0.636325 0.440655
v 0.070489 -0.636325 0.354093
v 0.120984 -0.629112 0.260315
v 0.221975 -0.629112 0.209820
v 0.229189 -0.614684 0.173751
v 0.308539 -0.621898 0.209820
v 0.351820 -0.621898 0.296384
v 0.308539 -0.636325 0.390160
v 0.344606 -0.621898 0.390160
v 0.279684 -0.614684 0.476724
v 0.265256 -0.629112 0.455082
v 0.171481 -0.629112 0.505579
v 0.106558 -0.636325 0.491151
v 0.012781 -0.621898 0.455082
v 0.063275 -0.621898 0.520005
v 0.041636 -0.578617 0.534432
v -0.008861 -0.578617 0.455082
v 0.005567 -0.578617 0.354093
v 0.027208 -0.621898 0.354093
v 0.099344 -0.614684 0.238674
v 0.070489 -0.578617 0.238674
v 0.142625 -0.578617 0.188179
v 0.243617 -0.578617 0.152112
v 0.157053 -0.614684 0.534432
v 0.301325 -0.578617 0.469510
v 0.200334 -0.578617 0.534432
v 0.120984 -0.578617 0.563287
v 0.027208 -0.614684 -0.475473
v 0.005567 -0.607470 -0.367269
v -0.008861 -0.564189 -0.374483
v 0.019994 -0.571403 -0.482687
v 0.099344 -0.571403 -0.540395
v 0.070489 -0.607470 -0.244638
v 0.193120 -0.621898 -0.186928
v 0.178692 -0.600256 -0.158075
v 0.164267 -0.556975 -0.143647
v 0.077703 -0.564189 -0.208569
v 0.019994 -0.564189 -0.287919
v 0.322965 -0.629112 -0.287919
v 0.359034 -0.614684 -0.316773
v 0.359034 -0.607470 -0.215783
v 0.330179 -0.621898 -0.222997
v 0.279684 -0.614684 -0.172502
v -0.521026 -0.520908 -0.208569
v -0.355114 -0.513694 -0.150861
v -0.434464 -0.463200 -0.194142
v -0.477745 -0.405489 -0.251850
v -0.564309 -0.492053 -0.287919
v 0.185906 -0.578617 -0.525967
v 0.113770 -0.513694 -0.533181
v 0.193120 -0.520908 -0.518756
v 0.272470 -0.520908 -0.468259
v 0.265256 -0.578617 -0.468259
v 0.301325 -0.600256 -0.143647
v 0.387887 -0.571403 -0.230211
v 0.344606 -0.564189 -0.150861
v 0.265256 -0.556975 -0.114792
v 0.330179 -0.585831 0.180965
v 0.250829 -0.535334 0.144898
v 0.337393 -0.528122 0.173751
v 0.380675 -0.528122 0.253101
v 0.380675 -0.585831 0.267529
v 0.373461 -0.585831 0.368518
v 0.380675 -0.528122 0.354093
v 0.308539 -0.528122 0.462296
v -0.167559 -0.398275 0.361306
v -0.181987 -0.318927 0.411801
v -0.232481 -0.261217 0.440654
v 0.337393 -0.578617 -0.403337
v 0.344606 -0.520908 -0.410550
v 0.402315 -0.520908 -0.338414
v 0.387887 -0.578617 -0.331200
v 0.402315 -0.513694 -0.237425
v 0.359034 -0.513694 -0.158075
v -0.528240 -0.549762 -0.497114
v -0.549881 -0.499267 -0.432192
v -0.513812 -0.499267 -0.475473
v -0.456104 -0.513694 -0.504328
v -0.030500 -0.484839 -0.273492
v -0.052142 -0.542548 -0.172502
v -0.066569 -0.564189 -0.078725
v -0.210842 -0.564189 -0.093152
v -0.282978 -0.549761 -0.150861
v -0.564309 -0.542548 0.159325
v -0.585949 -0.499267 0.245887
v -0.542668 -0.499267 0.188179
v -0.470531 -0.520908 0.137684
v -0.549881 -0.542548 0.447868
v -0.477745 -0.513694 0.455082
v -0.528240 -0.499267 0.426229
v -0.571523 -0.499267 0.382946
v -0.145919 -0.304500 -0.432192
v 0.012781 -0.318927 -0.410550
v -0.008861 -0.405489 -0.360056
v -0.362328 -0.506481 0.108829
v -0.427250 -0.448772 0.144898
v -0.448890 -0.441558 0.022267
v -0.383968 -0.506481 0.022267
v -0.304618 -0.549761 0.022267
v -0.282978 -0.549761 0.130470
v -0.225269 -0.528122 0.195393
v -0.189200 -0.564189 0.087189
v -0.153133 -0.535334 0.180965
v -0.095425 -0.470411 0.274743
v -0.189200 -0.477625 0.281956
v -0.109850 -0.376636 0.361306
v -0.347900 -0.232363 -0.475473
v -0.484959 -0.448772 -0.446619
v -0.405609 -0.232363 -0.439406
v -0.376754 -0.160227 -0.424978
v -0.319045 -0.160227 -0.453831
v -0.261337 -0.189081 -0.475473
v -0.304618 -0.556975 -0.057083
v -0.434464 -0.448772 -0.114792
v 0.149839 -0.535334 0.180965
v 0.070489 -0.528122 0.245887
v 0.084917 -0.484839 0.238674
v 0.164267 -0.499267 0.180965
v 0.258042 -0.484839 0.152112
v 0.005567 -0.528122 0.346879
v -0.008861 -0.528122 0.447868
v 0.019994 -0.477625 0.426229
v 0.019994 -0.484839 0.346879
v 0.041636 -0.528122 0.527218
v 0.113770 -0.528122 0.556074
v 0.120984 -0.477625 0.527218
v 0.056062 -0.477625 0.498365
v -0.080997 -0.297286 0.397373
v -0.066569 -0.217936 0.411801
v -0.037714 -0.124158 0.411801
v -0.225269 -0.181869 0.433441
v -0.311831 -0.160227 0.426229
v -0.311831 -0.246791 0.447868
v -0.383968 -0.232363 0.426229
v -0.369540 -0.160227 0.404587
v -0.420037 -0.160227 0.368518
v -0.434464 -0.232363 0.390160
v -0.499387 -0.448772 0.397373
v 0.207548 -0.528122 0.527218
v 0.308539 -0.448772 0.447868
v 0.207548 -0.477625 0.505579
v 0.034422 -0.513694 -0.475473
v 0.005567 -0.506481 -0.381697
v 0.034422 -0.463200 -0.367269
v 0.077703 -0.463200 -0.453831
v 0.142625 -0.470412 -0.497114
v 0.027208 -0.513694 -0.287919
v 0.077703 -0.499267 -0.222997
v 0.027208 -0.470412 -0.302347
v 0.164267 -0.499267 -0.150861
v 0.265256 -0.492053 -0.122006
v 0.272470 -0.506481 -0.049869
v 0.149839 -0.535334 -0.064297
v 0.041636 -0.542548 -0.122006
v 0.402315 -0.441558 -0.251850
v 0.359034 -0.455986 -0.165288
v -0.066569 -0.564189 0.029479
v 0.048848 -0.556975 -0.057083
v 0.041636 -0.556975 0.036693
v 0.041636 -0.535334 0.137684
v -0.059356 -0.542548 0.137684
v -0.578735 -0.499267 -0.367269
v -0.528240 -0.455986 -0.360056
v 0.149839 -0.535334 0.036693
v 0.272470 -0.506481 0.043906
v -0.593162 -0.499267 0.318024
v -0.535454 -0.455986 0.325237
v -0.535454 -0.463198 0.238674
v 0.027208 -0.441558 0.325237
v 0.344606 -0.448772 0.166537
v 0.373461 -0.463198 0.058334
v 0.423956 -0.398275 0.058334
v 0.409529 -0.391063 0.188179
v 0.387887 -0.448772 0.253101
v 0.380675 -0.448772 0.346879
v 0.438384 -0.318927 0.267529
v 0.409529 -0.318927 0.361306
v 0.344606 -0.318927 0.447868
v 0.200334 -0.470412 -0.489900
v 0.157053 -0.441558 -0.468259
v 0.272470 -0.448772 -0.453831
v 0.344606 -0.448772 -0.410550
v 0.279684 -0.318927 -0.475473
v 0.366248 -0.318927 -0.417764
v 0.423956 -0.318927 -0.345628
v 0.395101 -0.448772 -0.338414
v 0.452811 -0.318927 -0.259064
v 0.423956 -0.391063 -0.186928
v -0.477745 -0.246791 0.318023
v -0.492173 -0.304500 0.238673
v -0.477745 -0.376636 0.180965
v 0.373461 -0.463198 -0.049869
v 0.431170 -0.398275 -0.057083
v -0.484959 -0.326139 -0.309561
v -0.492173 -0.376636 -0.129219
v -0.506599 -0.290072 -0.215783
v -0.477745 -0.210722 -0.323987
v -0.456104 -0.261217 -0.381697
v 0.041636 -0.441558 0.397373
v 0.092131 -0.441558 0.462296
v 0.063275 -0.318927 0.491151
v 0.005567 -0.311713 0.440655
v -0.008861 -0.369422 0.368518
v 0.164267 -0.441558 0.483937
v 0.258042 -0.318927 0.498365
v 0.157053 -0.318927 0.512791
v -0.023287 -0.297286 0.397373
v 0.070489 -0.318927 -0.482687
v 0.164267 -0.318927 -0.504328
v -0.506599 -0.369422 0.022267
v -0.542668 -0.282858 0.022267
v -0.535454 -0.290072 -0.085938
v -0.456104 -0.167441 0.310810
v -0.492173 -0.203508 0.231460
v 0.092131 -0.225150 -0.475473
v 0.178692 -0.225150 -0.489900
v 0.286898 -0.225150 -0.468259
v -0.434464 -0.174655 -0.374483
v -0.528240 -0.290072 0.130470
v 0.452811 -0.304500 0.166537
v 0.467237 -0.225150 0.166537
v 0.452811 -0.232363 0.267529
v 0.423956 -0.232363 0.361306
v 0.359034 -0.232363 0.440654
v 0.265256 -0.232363 0.491151
v 0.460023 -0.304500 -0.165288
v 0.467237 -0.232363 -0.259064
v 0.481665 -0.225150 -0.165288
v 0.481665 -0.217936 -0.057083
v 0.467237 -0.304500 -0.057083
v 0.460023 -0.304500 0.058334
v 0.474451 -0.217936 0.058334
v -0.196414 -0.246791 -0.468259
v -0.189200 -0.174655 -0.461045
v 0.012781 -0.124158 -0.424978
v -0.030500 -0.217936 -0.432192
v 0.034422 -0.225150 -0.424978
v 0.077703 -0.145800 -0.417764
v 0.128198 -0.153013 -0.453831
v 0.373461 -0.232363 -0.417764
v 0.294111 -0.145800 -0.439406
v 0.373461 -0.153013 -0.396123
v 0.431170 -0.153013 -0.338414
v 0.438384 -0.232363 -0.345628
v 0.467237 -0.145800 -0.259064
v 0.481665 -0.138586 -0.165288
v 0.171481 -0.225150 0.505579
v 0.272470 -0.145800 0.462296
v 0.185906 -0.145800 0.476723
v 0.106558 -0.153013 0.462296
v 0.077703 -0.225150 0.483937
v 0.019994 -0.217936 0.440654
v 0.056062 -0.145800 0.426229
v 0.027208 -0.138586 0.404587
v -0.008861 -0.217936 0.404587
v -0.434464 -0.102519 0.281956
v -0.499387 -0.160227 0.231460
v -0.542668 -0.217936 0.123256
v -0.549881 -0.217936 -0.093152
v -0.557095 -0.225150 0.015053
v -0.607590 -0.232363 0.007839
v -0.600376 -0.225150 -0.129219
v -0.578735 -0.196294 -0.266278
v -0.528240 -0.203508 -0.208569
v -0.484959 -0.167441 -0.309561
v -0.542668 -0.181869 -0.381697
v -0.499387 -0.116946 -0.410550
v -0.427250 -0.102519 -0.345628
v -0.585949 -0.189081 0.253101
v -0.607590 -0.225150 0.137684
v -0.701368 -0.225150 0.015053
v -0.694154 -0.210722 0.152112
v -0.780716 -0.167441 0.159325
v -0.780716 -0.181869 0.015053
v -0.780716 -0.174655 -0.143647
v -0.686940 -0.217936 -0.143647
v 0.467237 -0.138586 0.166537
v 0.481665 -0.124158 0.065548
v 0.460023 -0.080877 0.166537
v 0.431170 -0.073663 0.267529
v 0.452811 -0.145800 0.267529
v 0.416742 -0.153013 0.354092
v 0.387887 -0.080877 0.346879
v 0.344606 -0.095305 0.404587
v 0.359034 -0.153013 0.426229
v 0.286898 -0.080877 0.419015
v 0.200334 -0.080877 0.433441
v 0.200334 -0.145800 -0.461045
v 0.207548 -0.088091 -0.424978
v 0.294111 -0.080877 -0.403337
v 0.481665 -0.124158 -0.057083
v 0.474451 -0.073663 -0.143647
v 0.524946 -0.052024 -0.129219
v 0.539373 -0.095305 -0.064297
v 0.546587 -0.109732 0.015053
v -0.658085 -0.181869 -0.280706
v -0.744649 -0.145800 -0.266278
v -0.701368 -0.102519 -0.331200
v -0.607590 -0.131372 -0.352842
v -0.665299 -0.174655 0.267529
v -0.521026 -0.131372 0.325237
v -0.622018 -0.124158 0.325237
v -0.708580 -0.088091 0.325237
v -0.744649 -0.138586 0.267529
v -0.679726 -0.037596 -0.352842
v -0.593162 -0.059236 -0.381697
v -0.304618 -0.088091 -0.417764
v -0.362328 -0.095305 -0.388909
v -0.319045 -0.030382 -0.360056
v -0.189200 -0.008741 -0.381697
v -0.203628 -0.088091 -0.432192
v -0.124278 -0.088091 -0.432192
v 0.048848 0.027326 -0.367269
v 0.128198 -0.037596 -0.396123
v -0.456104 -0.088091 0.404587
v -0.571523 -0.059236 0.368518
v -0.838426 -0.095305 0.152112
v -0.802357 -0.080877 0.260315
v -0.816785 -0.008741 0.260315
v -0.845640 -0.015955 0.152112
v -0.917774 -0.023169 0.108829
v -0.896135 -0.095305 0.101615
v -0.838426 -0.160227 0.015053
v -0.838426 -0.102519 -0.136433
v -0.896135 -0.102519 -0.071511
v -0.917774 -0.023169 -0.071511
v -0.852852 -0.023169 -0.143647
v -0.809571 -0.015955 -0.251850
v -0.795143 -0.088091 -0.251850
v 0.027208 -0.044810 0.397373
v 0.106558 -0.073663 0.404587
v 0.193120 -0.030382 0.390160
v 0.157053 0.034540 0.354092
v 0.056062 0.092249 0.303596
v -0.001647 0.027326 0.361306
v -0.218056 -0.008741 0.354092
v -0.181987 -0.080877 0.404587
v -0.304618 -0.088091 0.390160
v -0.326259 -0.037596 0.332451
v -0.369540 -0.095305 0.361306
v -0.456104 -0.052024 -0.446619
v -0.369540 -0.008741 -0.345628
v -0.405609 -0.095305 0.325237
v -0.340687 -0.001527 0.281956
v -0.420037 -0.015955 0.404587
v -0.917774 -0.073663 0.015053
v -0.939416 -0.023169 0.015053
v 0.157053 -0.073663 -0.396123
v 0.286898 -0.030382 -0.360056
v 0.380675 -0.088091 -0.367269
v 0.373461 -0.037596 -0.323987
v 0.416742 -0.088091 -0.323987
v 0.452811 -0.073663 -0.259064
v 0.409529 -0.001527 -0.266278
v 0.445598 0.005687 -0.186928
v 0.337393 -0.030382 0.346879
v 0.128198 -0.095305 0.433441
v -0.751862 -0.073663 -0.316773
v -0.759076 -0.015955 -0.331200
v -0.686940 -0.023169 0.346879
v -0.766290 -0.001527 0.332451
v -0.759076 -0.066450 0.318023
v 0.539373 -0.095305 0.101615
v 0.589868 -0.052024 0.015053
v 0.582656 -0.052024 0.094401
v 0.553801 -0.037596 0.152112
v 0.517734 -0.059236 0.173751
v -0.665299 0.034540 -0.352842
v -0.593162 0.020112 -0.424978
v -0.521026 0.005687 -0.468259
v -0.528240 -0.052024 -0.446619
v -0.448890 0.012898 -0.461045
v -0.340687 0.056181 -0.352842
v 0.575442 -0.044810 -0.057083
v 0.553801 -0.030382 -0.114792
v 0.546587 0.020112 -0.129219
v 0.589868 0.020112 -0.064297
v 0.604296 0.020114 0.015053
v 0.387887 -0.001527 0.274742
v 0.322965 0.063395 0.274742
v 0.265256 0.034540 0.339665
v -0.492173 -0.037596 0.433441
v -0.412823 0.041754 0.411801
v -0.484959 0.027326 0.447868
v -0.578735 0.020114 0.411801
v 0.488879 0.005687 0.209820
v 0.546587 0.012900 0.173751
v 0.532160 0.077823 0.180965
v 0.460023 0.070609 0.224248
v 0.380675 0.056181 0.217034
v 0.431170 -0.015955 0.209820
v -0.665299 0.048968 0.346879
v -0.759076 0.056181 0.325237
v -0.787930 0.056181 0.238673
v 0.496092 0.012899 -0.172502
v 0.395101 0.070609 -0.186928
v 0.467237 0.077823 -0.179716
v 0.524946 0.085037 -0.136433
v -0.557095 0.092249 0.397373
v -0.650871 0.113890 0.346879
v -0.737435 0.113890 0.296384
v 0.589868 0.020114 0.101615
v 0.589868 0.092249 0.022265
v 0.575442 0.085037 0.108829
v 0.272470 0.034540 -0.331200
v 0.171481 0.092248 -0.309561
v 0.272470 0.085037 -0.280706
v 0.351820 0.056181 -0.266278
v -0.751862 0.041754 -0.323987
v -0.787930 0.041754 -0.237425
v -0.780716 0.106676 -0.230211
v -0.737435 0.099462 -0.295133
v -0.658085 0.106676 -0.345628
v -0.153133 0.063395 0.296384
v -0.261337 0.063395 0.253101
v -0.254123 0.056181 -0.295133
v -0.333473 0.128318 -0.352842
v -0.254123 0.092249 -0.295133
v -0.131492 0.106676 -0.316773
v -0.153133 0.063395 -0.302347
v 0.207548 0.092249 0.296384
v 0.265256 0.121104 0.217034
v 0.171481 0.157171 0.188179
v 0.149839 0.128318 0.253101
v -0.838426 0.048968 -0.136433
v -0.917774 0.041754 -0.078725
v -0.867280 0.113890 -0.064297
v -0.831212 0.113890 -0.143647
v -0.932202 0.048968 0.015053
v -0.910562 0.048968 0.101615
v -0.860066 0.113890 0.072762
v -0.888921 0.113890 0.007839
v -0.831212 0.056181 0.137684
v -0.787930 0.121104 0.231460
v -0.831212 0.121104 0.152112
v -0.153133 0.092249 0.238673
v -0.145919 0.128318 0.281956
v -0.261337 0.106676 0.267529
v -0.355114 0.128318 0.368518
v 0.056062 0.092248 -0.309561
v -0.131492 0.106676 -0.244638
v 0.063275 0.142745 -0.237425
v 0.171481 0.142745 -0.237425
v 0.294111 0.121104 -0.208569
v 0.351820 0.113890 -0.114792
v 0.402315 0.164385 -0.100366
v 0.438384 0.128318 -0.158075
v -0.571523 0.085037 -0.410550
v -0.650871 0.222093 -0.323987
v -0.542668 0.207668 -0.367269
v -0.448890 0.128318 -0.417764
v -0.506599 0.063395 -0.453833
v -0.412823 0.063395 -0.417764
v 0.575442 0.092249 -0.064297
v 0.496092 0.135531 -0.122006
v 0.532160 0.149959 -0.057083
v 0.546587 0.149959 0.022265
v -0.477745 0.092249 0.433441
v -0.383968 0.236521 0.332451
v -0.463318 0.222093 0.368518
v -0.535454 0.214881 0.361306
v -0.535454 0.337512 -0.302347
v -0.441676 0.229307 -0.360056
v -0.340687 0.222093 -0.323987
v 0.178692 0.171599 -0.143647
v 0.272470 0.157171 -0.129219
v 0.431170 0.121104 0.209820
v 0.395101 0.157171 0.152112
v 0.337393 0.106676 0.166537
v -0.629231 0.229307 0.325237
v -0.723007 0.229307 0.274742
v -0.780716 0.236521 0.217034
v -0.225269 0.135531 -0.251850
v -0.181987 0.128318 -0.215783
v 0.063275 0.135531 0.238673
v 0.070489 0.164385 0.173751
v -0.138706 0.128318 0.173751
v 0.496092 0.135531 0.173751
v 0.532160 0.142745 0.108829
v 0.481665 0.178812 0.101615
v 0.460023 0.164385 0.152112
v 0.460023 0.164385 -0.100366
v 0.481665 0.178812 -0.042657
v 0.488879 0.186026 0.029479
v -0.261337 0.214881 -0.266278
v -0.362328 0.308657 -0.273492
v -0.297406 0.301443 -0.230211
v -0.254123 0.315871 -0.158075
v -0.218056 0.229307 -0.179716
v -0.203628 0.157171 -0.179716
v 0.077703 0.178812 0.079975
v -0.167559 0.142745 0.072762
v -0.196414 0.157171 0.180965
v -0.535454 0.337512 0.296382
v -0.622018 0.337512 0.274742
v -0.780716 0.229307 -0.230211
v -0.823999 0.236521 -0.150861
v -0.787930 0.315871 -0.150861
v -0.751862 0.294230 -0.230211
v -0.672512 0.308657 -0.280706
v -0.730221 0.222093 -0.280706
v -0.585949 0.351940 -0.295133
v -0.174773 0.149959 -0.078725
v 0.077703 0.186026 -0.057083
v 0.070489 0.171599 -0.150861
v 0.322965 0.128318 0.065548
v 0.373461 0.171599 0.072762
v 0.380675 0.178812 -0.021016
v 0.330179 0.128318 -0.035444
v 0.258042 0.164385 -0.049869
v 0.258042 0.164385 0.051120
v 0.258042 0.149959 0.137684
v 0.178692 0.178812 0.029479
v 0.171481 0.171599 0.116042
v -0.232481 0.149959 0.224248
v -0.218056 0.229307 0.180965
v -0.282978 0.229307 0.260315
v -0.261337 0.315871 0.159325
v -0.319045 0.315871 0.224248
v -0.434464 0.351940 0.253101
v -0.845640 0.243735 -0.064297
v -0.845640 0.250949 0.007839
v -0.802357 0.337512 0.000625
v -0.802357 0.330299 -0.064297
v 0.431170 0.193240 0.072762
v 0.438384 0.193240 0.000625
v 0.445598 0.186026 -0.057083
v 0.178692 0.178812 -0.057083
v -0.838426 0.250949 0.072762
v -0.823999 0.243735 0.152112
v -0.780716 0.323085 0.144898
v -0.795143 0.330299 0.072762
v -0.744649 0.301443 0.217034
v 0.438384 0.186026 0.108829
v -0.196414 0.236521 -0.078725
v -0.196414 0.236521 0.072762
v 0.077703 0.186026 0.007839
v -0.232481 0.323085 -0.071511
v -0.232481 0.323085 0.065548
v -0.542668 0.445716 -0.403337
v -0.492173 0.438502 -0.403337
v -0.427250 0.460143 -0.352842
v -0.456104 0.366366 -0.266278
v -0.398395 0.402435 0.180965
v -0.398395 0.474571 0.238673
v -0.427250 0.431288 0.318023
v -0.506599 0.409649 0.368518
v -0.304618 0.380793 -0.150861
v -0.282978 0.395221 -0.064297
v -0.564309 0.416862 0.346879
v -0.585949 0.438502 0.310810
v -0.622018 0.380793 0.238673
v -0.701368 0.366366 0.180965
v -0.723007 0.373580 -0.158075
v -0.737435 0.395221 -0.071511
v -0.672512 0.431288 -0.078725
v -0.650871 0.409649 -0.165288
v -0.622018 0.380793 -0.244638
v -0.701368 0.344726 -0.222997
v -0.391181 0.395221 -0.186928
v -0.398395 0.496210 -0.280706
v -0.398395 0.532280 -0.208569
v -0.412823 0.438502 -0.100366
v -0.340687 0.431288 -0.071511
v -0.622018 0.409649 0.188179
v -0.658085 0.431288 0.101615
v -0.730221 0.395221 0.087189
v -0.282978 0.395221 0.058334
v -0.340687 0.431288 0.058334
v -0.311831 0.380793 0.144898
v -0.405609 0.445716 0.087189
v -0.405609 0.525066 0.159325
v -0.744649 0.402435 0.000625
v -0.694154 0.438502 0.000625
v -0.571523 0.467357 -0.374483
v -0.585949 0.416862 -0.208569
v -0.542668 0.503424 -0.316775
v -0.528240 0.582774 -0.367269
v -0.557095 0.553921 -0.432192
v -0.535454 0.539493 -0.461045
v -0.600376 0.460143 -0.122006
v -0.571523 0.575560 -0.179716
v -0.571523 0.467357 0.253101
v -0.585949 0.525066 0.397373
v -0.557095 0.561135 0.332451
v -0.571523 0.626057 0.195392
v -0.571523 0.510638 0.152112
v -0.593162 0.445716 0.108829
v -0.607590 0.546707 0.108829
v -0.622018 0.474571 0.065548
v -0.715793 0.481785 0.015053
v -0.441676 0.517852 0.411801
v -0.398395 0.568347 0.325237
v -0.427250 0.654911 0.390160
v -0.463318 0.611630 0.455082
v -0.521026 0.597202 0.491151
v -0.506599 0.496211 0.455082
v -0.564309 0.503424 0.440654
v -0.571523 0.597202 0.476723
v -0.593162 0.611630 0.433441
v -0.658085 0.496210 0.007839
v -0.715793 0.481785 -0.035444
v -0.622018 0.474571 -0.071511
v -0.571523 0.488999 -0.042658
v -0.571523 0.618843 -0.093152
v -0.607590 0.604416 -0.122006
v -0.347900 0.481785 -0.042658
v -0.463318 0.474571 -0.049869
v -0.405609 0.496210 0.000625
v -0.340687 0.481785 0.022265
v -0.463318 0.474571 0.036692
v -0.448890 0.568347 0.101615
v -0.484959 0.532279 -0.461045
v -0.535454 0.640483 -0.482687
v -0.484959 0.633269 -0.482687
v -0.441676 0.633269 -0.453833
v -0.427250 0.546707 -0.417764
v -0.427250 0.568347 -0.136433
v -0.391181 0.626057 -0.273492
v -0.427250 0.669338 -0.201356
v -0.484959 0.705405 -0.158075
v -0.484959 0.604416 -0.093152
v -0.521026 0.481785 -0.028230
v -0.391181 0.589988 -0.352842
v -0.420037 0.669338 -0.403337
v -0.420037 0.712619 -0.338414
v -0.528240 0.481785 0.029479
v -0.513812 0.597202 0.079975
v -0.585949 0.488999 0.043906
v -0.585949 0.597202 0.087189
v -0.593162 0.698191 0.144898
v -0.513812 0.698191 0.137684
v -0.448890 0.669338 0.173751
v -0.405609 0.618843 0.238673
v -0.470531 0.748688 0.245887
v -0.434464 0.705405 0.310810
v -0.564309 0.662124 -0.230211
v -0.607590 0.690980 -0.179716
v -0.607590 0.748688 -0.251850
v -0.557095 0.712619 -0.280706
v -0.528240 0.654911 -0.388909
v -0.614804 0.654911 0.159325
v -0.571523 0.698191 0.253101
v -0.622018 0.727047 0.224248
v -0.600376 0.763116 0.209820
v -0.557095 0.633269 0.368518
v -0.607590 0.698192 0.433441
v -0.564309 0.690980 0.382946
v -0.578735 0.734260 0.310810
v -0.564309 0.647697 -0.446619
v -0.542668 0.705405 -0.381697
v -0.578735 0.727047 -0.424978
v -0.542668 0.719833 -0.468259
v -0.528240 0.690980 0.491151
v -0.484959 0.683766 0.469510
v -0.477745 0.727047 0.433441
v -0.528240 0.755902 0.462296
v -0.585949 0.755902 0.462296
v -0.578735 0.683766 0.483937
v -0.593162 0.799183 0.404587
v -0.629231 0.770329 0.332451
v -0.571523 0.719833 -0.150861
v -0.499387 0.770329 -0.230211
v -0.571523 0.784755 -0.230211
v -0.484959 0.770329 0.368518
v -0.542668 0.799183 0.404587
v -0.448890 0.748688 -0.273492
v -0.477745 0.770329 -0.396123
v -0.499387 0.799183 -0.331200
v -0.521026 0.806397 -0.287919
v -0.492173 0.712619 -0.468259
v -0.557095 0.770329 -0.432192
v -0.506599 0.770329 -0.432192
v -0.456104 0.698191 -0.446619
v -0.564309 0.741474 -0.331200
v -0.607590 0.777541 -0.338414
v -0.528240 0.770329 0.209820
v -0.600376 0.806397 0.281956
v -0.542668 0.806397 0.281956
v -0.506599 0.791969 0.310810
v -0.600376 0.813611 0.346879
v -0.549881 0.813611 0.339665
v -0.571523 0.799183 -0.381697
v -0.528240 0.806397 -0.381697
v -0.578735 0.813611 -0.309561
vn -0.2840 -0.9468 -0.1515
vn -0.1538 -0.8947 -0.4194
vn 0.1161 -0.9843 -0.1327
vn 0.0539 -0.9984 0.0187
vn -0.1920 -0.8690 0.4561
vn -0.5333 -0.2912 0.7942
vn -0.8658 -0.4839 0.1273
vn -0.3324 -0.9382 0.0960
vn 0.5028 -0.8519 0.1466
vn 0.3750 -0.8190 0.4342
vn 0.0081 -0.9897 0.1428
vn -0.4851 -0.4850 -0.7276
vn 0.2891 -0.3821 -0.8777
vn 0.2042 -0.8737 -0.4416
vn -0.9664 0.2515 0.0530
vn -0.9334 0.1548 -0.3237
vn -0.8137 -0.4650 -0.3487
vn 0.3897 -0.7889 -0.4752
vn 0.7175 -0.3864 -0.5795
vn 0.8241 -0.5607 -0.0811
vn 0.5196 -0.8461 -0.1188
vn -0.3505 -0.9347 -0.0584
vn -0.2060 -0.9613 -0.1831
vn 0.0097 -0.9984 -0.0561
vn 0.0278 -0.9996 -0.0000
vn 0.0292 -0.9996 -0.0026
vn 0.0284 -0.9996 -0.0014
vn 0.0291 -0.9996 -0.0029
vn -0.1078 -0.9058 0.4098
vn -0.3263 -0.9324 0.1554
vn 0.5904 -0.4445 0.6737
vn -0.0380 -0.1996 0.9791
vn -0.0385 -0.8017 0.5965
vn -0.7214 -0.3722 -0.5840
vn -0.0953 -0.1906 -0.9770
vn -0.0349 -0.9469 -0.3195
vn 0.2592 -0.9045 -0.3385
vn 0.4867 -0.3245 -0.8111
vn 0.8409 -0.4975 -0.2132
vn 0.4426 -0.8916 -0.0962
vn 0.4445 -0.8889 0.1111
vn 0.8442 -0.5042 0.1818
vn 0.6094 -0.3918 0.6893
vn 0.2276 -0.8142 0.5341
vn 0.2683 -0.3578 0.8944
vn -0.3980 -0.5717 0.7175
vn -0.8217 -0.4793 0.3082
vn -0.9386 0.2062 0.2767
vn -0.9683 0.2235 -0.1117
vn -0.8872 -0.4436 -0.1267
vn 0.2200 -0.0792 -0.9723
vn 0.4521 -0.2318 -0.8613
vn 0.4413 -0.3225 -0.8374
vn 0.0473 -0.9307 -0.3628
vn 0.2521 -0.9353 -0.2481
vn -0.0000 -0.9973 0.0739
vn -0.0640 -0.9976 -0.0264
vn 0.9083 -0.4142 -0.0581
vn 0.8754 -0.4179 0.2429
vn 0.8078 -0.5344 0.2486
vn -0.0000 -1.0000 -0.0000
vn -0.0549 -0.9927 -0.1073
vn 0.0782 -0.9385 -0.3363
vn 0.2975 -0.9419 -0.1558
vn 0.3766 -0.9258 0.0314
vn 0.3545 -0.8725 0.3363
vn 0.0804 -0.9843 0.1570
vn -0.2087 -0.9654 0.1565
vn -0.7312 -0.4509 0.5119
vn -0.2775 -0.9605 -0.0213
vn -0.3218 -0.9128 -0.2516
vn -0.7492 -0.4768 -0.4597
vn -0.3444 -0.5117 -0.7872
vn -0.1990 -0.8955 -0.3980
vn 0.2408 -0.8427 0.4816
vn 0.4545 -0.3262 0.8289
vn -0.1774 -0.5676 0.8040
vn -0.0000 -0.8944 0.4472
vn -0.5173 -0.8546 -0.0450
vn -0.9417 -0.2691 -0.2018
vn -0.5883 -0.1961 -0.7845
vn -0.2760 -0.8971 -0.3450
vn -0.2841 -0.8785 0.3840
vn -0.5231 -0.4615 0.7165
vn -0.8334 -0.4072 0.3736
vn -0.4050 -0.8793 0.2505
vn 0.2803 -0.9446 -0.1706
vn 0.4221 -0.9045 0.0603
vn 0.0361 -0.9899 0.1373
vn -0.0297 -0.9992 0.0257
vn -0.3550 0.1997 0.9133
vn -0.3240 0.3144 0.8923
vn -0.5834 0.4678 0.6639
vn -0.6411 0.3494 0.6833
vn 0.1783 -0.4637 -0.8679
vn 0.1782 0.0891 -0.9800
vn 0.5632 -0.0188 -0.8261
vn 0.5030 -0.5773 -0.6432
vn 0.2690 -0.8999 0.3433
vn 0.6814 -0.5300 0.5048
vn -0.1628 -0.5156 0.8412
vn -0.0445 -0.8446 0.5335
vn 0.2336 -0.6333 -0.7378
vn 0.3112 -0.1778 -0.9336
vn 0.8613 -0.1451 -0.4869
vn 0.6228 -0.7059 -0.3374
vn 0.7993 -0.5980 0.0592
vn 0.9979 -0.0535 0.0356
vn 0.9980 -0.0530 0.0357
vn 0.9983 -0.0442 0.0369
vn 0.8233 0.0038 0.5676
vn 0.7590 -0.3002 0.5777
vn 0.6892 -0.3102 0.6548
vn 0.3454 -0.1540 0.9257
vn 0.6424 -0.1275 -0.7557
vn 0.7805 -0.2195 -0.5854
vn 0.6276 -0.6504 -0.4279
vn 0.7886 -0.6133 0.0438
vn 0.9705 -0.2405 0.0172
vn 0.8625 -0.1663 0.4780
vn -0.6051 0.0873 -0.7913
vn -0.5676 0.5474 -0.6149
vn -0.1328 0.1022 -0.9859
vn 0.0838 -0.8675 -0.4903
vn 0.0110 -0.9671 -0.2542
vn 0.0110 -0.9701 -0.2425
vn 0.0111 -0.9673 -0.2535
vn 0.6965 -0.4446 0.5632
vn -0.7876 0.2073 -0.5803
vn -0.6776 0.5759 -0.4574
vn -0.2995 0.2708 -0.9149
vn -0.2184 0.1820 0.9587
vn -0.5773 0.5774 0.5773
vn -0.6763 0.1328 0.7246
vn 0.7500 -0.3511 -0.5606
vn 0.1119 -0.4725 -0.8742
vn 0.1110 -0.7348 -0.6691
vn -0.1834 0.1637 -0.9693
vn -0.6656 -0.7378 0.1123
vn -0.4874 -0.8665 0.1083
vn -0.0156 -0.9501 0.3115
vn 0.0669 -0.8558 0.5129
vn 0.8936 -0.4076 -0.1881
vn 0.8949 -0.4129 0.1692
vn 0.1644 -0.6861 0.7087
vn -0.6006 0.2806 -0.7487
vn -0.4530 0.3825 -0.8053
vn -0.1475 0.2950 -0.9440
vn -0.1189 0.1344 -0.9838
vn -0.0000 -0.0000 1.0000
vn -0.2779 -0.9508 -0.1373
vn -0.5472 -0.8368 -0.0147
vn -0.6760 -0.7344 -0.0602
vn -0.6040 0.0465 -0.7956
vn -0.5928 0.1435 -0.7925
vn -0.3228 0.1585 -0.9331
vn -0.3346 -0.1004 -0.9370
vn -0.9897 -0.0202 -0.1414
vn -0.9120 0.4004 -0.0890
vn -0.8263 0.2327 -0.5129
vn -0.8575 -0.0000 -0.5145
vn -0.3540 0.1074 0.9291
vn -0.3313 0.5206 0.7869
vn -0.7379 0.5270 0.4216
vn -0.8412 0.0765 0.5353
vn 0.2126 -0.2429 0.9465
vn 0.1379 0.0125 0.9904
vn 0.0369 0.1697 0.9848
vn 0.1627 -0.0398 0.9859
vn -0.2790 0.1988 0.9395
vn -0.2762 0.2762 0.9206
vn -0.5468 0.3390 0.7655
vn -0.6679 0.2634 0.6961
vn 0.5403 0.0429 0.8404
vn 0.4797 0.2348 0.8454
vn 0.2447 0.4196 0.8741
vn 0.3134 0.1343 0.9401
vn -0.9306 0.2327 -0.2825
vn -0.6950 0.6516 -0.3041
vn -0.3959 0.6826 -0.6143
vn -0.5709 0.2408 -0.7849
vn -0.7998 0.1234 0.5875
vn -0.9425 0.3142 0.1142
vn -0.9401 0.2061 0.2715
vn -0.2767 0.1123 0.9544
vn 0.2066 -0.9350 -0.2881
vn 0.2474 -0.9145 -0.3203
vn -0.6184 0.1366 0.7739
vn 0.8811 0.0777 0.4665
vn 0.3931 0.0655 0.9172
vn 0.0641 -0.9979 0.0023
vn 0.0605 -0.9779 0.2002
vn 0.0736 -0.9711 0.2270
vn -0.1078 -0.9935 0.0366
vn 0.1078 -0.9705 -0.2157
vn 0.1408 -0.9010 -0.4103
vn -0.8196 0.5703 0.0549
vn -0.6187 0.7416 -0.2593
vn -0.7759 0.5709 -0.2684
vn 0.2029 -0.9792 0.0075
vn 0.2290 -0.9734 -0.0000
vn 0.2123 -0.9526 0.2177
vn 0.1991 -0.9565 0.2133
vn -0.8159 0.5356 0.2180
vn -0.5952 0.7757 0.2098
vn -0.5902 0.8048 -0.0634
vn -0.8607 0.5030 -0.0782
vn 0.0224 -0.8845 0.4659
vn 0.2489 -0.0277 -0.9681
vn 0.3508 -0.9098 0.2218
vn 0.6981 -0.6905 0.1897
vn 0.8820 -0.1011 -0.4602
vn 0.9984 -0.0437 0.0370
vn 0.9350 -0.3057 0.1798
vn 0.7860 -0.2284 0.5744
vn 0.8208 0.0772 0.5660
vn 0.1599 0.5196 -0.8393
vn -0.1509 0.7357 -0.6602
vn 0.4473 0.2742 -0.8513
vn 0.5715 0.0817 -0.8165
vn 0.5307 -0.1516 -0.8339
vn 0.7861 -0.1856 -0.5896
vn 0.7994 0.0400 -0.5995
vn 0.9981 0.0457 -0.0419
vn 0.9350 -0.3043 -0.1821
vn -0.9642 0.2643 -0.0196
vn -0.4958 0.5774 -0.6487
vn 0.3451 -0.9270 -0.1468
vn 0.7115 -0.6950 -0.1037
vn 0.7687 -0.6392 0.0248
vn 0.3939 -0.9191 -0.0000
vn -0.8734 0.4439 0.2004
vn -0.9722 -0.2123 -0.0983
vn -0.9576 0.0239 -0.2873
vn -0.9112 0.3070 -0.2747
vn -0.5529 0.7566 0.3492
vn -0.6925 -0.3572 0.6268
vn -0.8285 -0.4428 0.3428
vn -0.9224 0.3798 0.0698
vn 0.1878 -0.2552 0.9485
vn -0.2440 -0.2560 0.9354
vn -0.1998 0.8162 0.5422
vn -0.0240 -0.3919 0.9197
vn -0.0967 -0.6315 0.7693
vn -0.7719 -0.1630 -0.6145
vn -0.1704 -0.2329 -0.9575
vn -0.8056 -0.5885 0.0686
vn -0.7778 -0.6268 -0.0464
vn -0.9128 -0.4050 -0.0536
vn -0.8615 0.2630 0.4344
vn -0.8378 0.2879 0.4640
vn -0.9645 0.1340 0.2277
vn -0.1939 0.1492 -0.9696
vn 0.2194 0.0868 -0.9718
vn 0.1725 -0.2288 -0.9581
vn -0.8006 0.2457 -0.5465
vn -0.7820 -0.6137 0.1089
vn -0.8919 -0.4133 0.1834
vn 0.9779 -0.1701 0.1215
vn 0.9439 -0.1573 0.2904
vn 0.7831 -0.1050 0.6129
vn 0.4886 0.0116 0.8724
vn 0.9734 -0.2116 -0.0879
vn 0.9769 -0.2124 -0.0255
vn 0.9291 -0.3636 -0.0673
vn 0.9318 -0.3584 0.0582
vn 0.9840 -0.1676 0.0607
vn 0.9845 -0.1641 0.0615
vn 0.9840 -0.1675 0.0607
vn 0.9834 -0.1710 0.0599
vn 0.9153 -0.3913 0.0951
vn 0.2071 0.1115 -0.9719
vn 0.1864 0.0287 -0.9821
vn 0.1802 -0.2403 -0.9538
vn 0.5432 -0.0552 -0.8378
vn 0.1158 0.0248 -0.9930
vn -0.5482 0.4244 -0.7206
vn -0.7210 0.1403 -0.6786
vn 0.5297 -0.0085 -0.8481
vn 0.4932 0.2433 -0.8352
vn 0.7181 0.1560 -0.6782
vn 0.7585 -0.0948 -0.6447
vn 0.9370 -0.1562 -0.3123
vn 0.9289 0.0563 -0.3659
vn 0.9884 -0.0000 -0.1521
vn 0.1485 0.0611 0.9870
vn 0.1623 0.3052 0.9383
vn -0.2046 0.3617 0.9096
vn -0.2235 0.1089 0.9686
vn -0.6162 0.1247 0.7776
vn -0.5013 0.4153 0.7591
vn -0.6345 0.3669 0.6803
vn -0.7946 0.1075 0.5975
vn -0.9275 -0.0464 0.3710
vn 0.1119 -0.0420 0.9928
vn 0.0617 -0.1459 0.9874
vn -0.9726 -0.2233 -0.0648
vn 0.1616 -0.9857 -0.0485
vn 0.1346 -0.9802 -0.1450
vn -0.9536 -0.2167 -0.2091
vn -0.9106 -0.1374 -0.3898
vn 0.2318 -0.9627 -0.1396
vn 0.5993 -0.6785 -0.4249
vn -0.7556 0.2300 -0.6133
vn 0.2877 -0.9101 0.2982
vn 0.1271 -0.9905 0.0523
vn -0.9709 -0.2014 0.1295
vn -0.1089 -0.9906 0.0833
vn -0.4566 -0.8837 0.1024
vn -0.4464 -0.8928 -0.0609
vn -0.0775 -0.9955 -0.0542
vn 0.9942 -0.0437 0.0983
vn 0.9555 0.2123 0.2047
vn 0.9900 -0.0000 0.1414
vn 0.9387 0.0556 0.3402
vn 0.8445 0.3172 0.4315
vn 0.7130 0.3700 0.5956
vn 0.7716 0.1202 0.6246
vn 0.4299 0.2104 0.8780
vn 0.3548 0.4374 0.8263
vn 0.1397 0.5276 0.8379
vn -0.1421 0.3613 -0.9216
vn 0.1848 0.4902 -0.8518
vn 0.1997 0.3026 -0.9320
vn 1.0000 -0.0000 -0.0000
vn 0.3885 -0.7576 -0.5245
vn 0.2987 -0.9511 -0.0786
vn 0.9988 -0.0396 0.0303
vn -0.4032 -0.8590 -0.3155
vn -0.3645 -0.6333 -0.6827
vn -0.0835 -0.9661 -0.2442
vn -0.1085 -0.9418 0.3181
vn -0.0376 -0.7520 0.6580
vn -0.2714 -0.6241 0.7327
vn -0.3899 -0.8479 0.3593
vn -0.3254 -0.2503 -0.9118
vn -0.4436 -0.1827 -0.8774
vn -0.4140 0.4907 -0.7667
vn -0.1779 0.6098 -0.7724
vn -0.1182 0.4540 -0.8831
vn 0.0590 0.3245 -0.9440
vn -0.0209 0.5245 -0.8511
vn 0.0656 0.3415 -0.9376
vn 0.4191 -0.8705 0.2579
vn -0.2282 -0.6134 0.7561
vn -0.7171 -0.5976 0.3586
vn -0.9453 -0.1350 0.2971
vn -0.5737 -0.1476 0.8057
vn -0.6242 -0.7519 0.2121
vn -0.6285 -0.7613 -0.1593
vn -0.7308 -0.1958 -0.6539
vn -0.9091 -0.1908 -0.3704
vn -0.7472 -0.5640 -0.3516
vn 0.0230 0.0767 0.9968
vn 0.0027 0.4218 0.9067
vn 0.0120 0.5629 0.8264
vn -0.0822 0.4853 0.8705
vn 0.0182 0.2230 0.9746
vn -0.0705 0.3682 0.9271
vn -0.2138 0.5878 0.7802
vn -0.3577 0.4819 0.7999
vn 0.6917 -0.5473 -0.4712
vn -0.3723 0.3901 -0.8422
vn -0.5971 0.4184 -0.6843
vn -0.7765 0.4568 0.4340
vn 0.7598 -0.5699 0.3129
vn -0.7369 -0.6754 0.0281
vn -0.9240 -0.3368 0.1813
vn -0.9329 -0.3110 -0.1814
vn -0.5530 0.5038 0.6636
vn 0.1523 0.1250 -0.9804
vn 0.0041 0.7449 -0.6671
vn -0.3196 0.6306 -0.7073
vn 0.4251 0.3858 -0.8188
vn 0.3405 0.6395 -0.6893
vn 0.7079 0.2584 -0.6573
vn 0.8565 0.2290 -0.4626
vn 0.6795 0.4453 -0.5831
vn 0.8998 0.3355 -0.2790
vn 0.9683 0.1802 -0.1732
vn 0.1711 0.7088 0.6844
vn -0.1739 0.6607 0.7302
vn -0.1555 0.5344 0.8308
vn -0.4419 0.5276 0.7255
vn -0.6039 -0.4967 -0.6234
vn -0.8130 -0.1964 -0.5481
vn -0.3419 -0.2279 -0.9117
vn -0.2184 -0.3367 0.9160
vn -0.2357 -0.2357 0.9428
vn -0.4997 -0.5616 0.6595
vn 0.7579 -0.6409 0.1216
vn 0.6532 -0.5845 0.4813
vn 0.2107 -0.8676 0.4503
vn -0.5979 -0.3172 -0.7362
vn 0.0622 -0.2883 -0.9555
vn 0.7566 -0.3064 -0.5776
vn 0.7252 -0.5159 -0.4561
vn 0.8676 -0.1435 -0.4762
vn 0.9581 -0.2118 -0.1926
vn 0.7970 -0.5714 -0.1955
vn 0.4566 0.6189 0.6392
vn 0.6836 0.4910 0.5401
vn 0.5087 0.5727 0.6428
vn 0.4439 -0.2061 0.8720
vn -0.4325 -0.3349 0.8371
vn 0.5598 -0.2239 0.7978
vn 0.5187 0.0305 0.8544
vn -0.0095 -0.1613 0.9869
vn 0.1243 -0.4766 0.8703
vn 0.6878 0.5545 0.4685
vn 0.8785 0.3379 0.3379
vn -0.1877 0.0960 0.9775
vn -0.8458 0.3446 0.4072
vn -0.7815 -0.1861 0.5955
vn 0.3520 -0.3740 -0.8580
vn 0.1681 0.0480 -0.9846
vn 0.6056 0.1487 -0.7818
vn 0.6213 -0.1864 -0.7611
vn -0.4826 0.2163 0.8487
vn -0.3425 0.3095 0.8871
vn 0.9799 -0.1534 0.1278
vn 0.9679 0.1860 0.1691
vn 0.8444 0.1299 0.5197
vn 0.8657 -0.1146 0.4873
vn 0.1193 0.5229 -0.8440
vn 0.4723 0.5384 -0.6979
vn -0.8472 0.2947 -0.4420
vn -0.8440 0.2829 -0.4556
vn -0.4106 0.3069 -0.8586
vn -0.2740 0.0988 -0.9566
vn -0.1311 0.7046 0.6974
vn -0.2957 0.7129 0.6359
vn 0.5651 -0.0377 -0.8241
vn -0.1740 0.7207 -0.6710
vn 0.2982 0.7798 0.5505
vn 0.1966 0.8683 0.4554
vn 0.0323 0.7336 0.6789
vn 0.1061 0.5961 0.7959
vn -0.6693 0.0704 -0.7397
vn -0.8732 0.0970 -0.4776
vn -0.8687 0.3062 -0.3894
vn -0.9667 0.1083 0.2320
vn -0.7506 0.6116 0.2502
vn -0.8039 0.5605 -0.1991
vn -0.9794 0.0412 -0.1975
vn -0.8867 0.3572 0.2935
vn -0.9013 -0.0240 0.4326
vn -0.4695 0.1994 0.8601
vn 0.7167 -0.1681 0.6769
vn 0.7279 -0.4179 0.5437
vn -0.0932 0.7186 -0.6892
vn -0.1313 0.8173 -0.5611
vn -0.0000 0.8192 -0.5735
vn 0.6799 0.5999 -0.4217
vn 0.4775 0.8210 -0.3128
vn -0.4287 0.6304 -0.6472
vn -0.6007 0.2465 -0.7605
vn -0.4210 0.2975 -0.8569
vn -0.2139 0.4627 -0.8603
vn -0.4418 0.3265 -0.8356
vn 0.3388 0.3303 -0.8809
vn 0.8069 0.1828 -0.5617
vn 0.6668 0.5460 -0.5073
vn 0.7883 0.5998 -0.1371
vn 0.9650 0.2014 -0.1678
vn 0.4215 0.1594 0.8927
vn 0.3339 0.3852 0.8603
vn -0.2700 0.3906 0.8801
vn -0.3801 0.2665 0.8857
vn -0.0379 0.4707 -0.8815
vn 0.4027 0.3718 -0.8364
vn 0.5682 0.1196 -0.8141
vn 0.2409 0.8159 -0.5257
vn 0.2186 0.9195 -0.3266
vn -0.4209 0.5323 0.7345
vn 0.4530 0.8053 0.3825
vn -0.4751 0.2333 0.8484
vn -0.7286 0.1719 0.6631
vn -0.8440 0.2829 0.4556
vn -0.1534 0.8557 0.4943
vn 0.0075 0.9132 0.4075
vn -0.1664 0.8928 0.4186
vn 0.7142 0.5203 0.4682
vn 0.4688 0.7956 0.3836
vn 0.2916 0.5832 0.7582
vn 0.4411 0.5147 -0.7352
vn 0.4947 0.8618 -0.1117
vn 0.5485 0.8227 0.1496
vn 0.7869 0.5902 0.1803
vn 0.6130 0.2415 -0.7523
vn 0.5258 0.5141 -0.6777
vn 0.7366 0.4693 -0.4871
vn 0.8743 0.2519 -0.4149
vn -0.1572 0.9742 0.1618
vn -0.2416 0.4400 0.8649
vn -0.3571 0.2809 0.8908
vn -0.8701 0.0111 -0.4928
vn -0.8056 0.3625 -0.4687
vn -0.5896 0.3369 -0.7340
vn -0.7710 0.0600 -0.6340
vn -0.5076 0.1591 -0.8468
vn -0.2158 0.3841 -0.8977
vn -0.1293 0.9809 -0.1452
vn -0.0906 0.8995 -0.4275
vn -0.6200 0.7362 0.2712
vn -0.6776 0.7351 -0.0230
vn 0.4629 0.8862 0.0165
vn 0.4459 0.8847 0.1358
vn 0.1783 0.9754 0.1293
vn 0.2284 0.9389 0.2574
vn 0.7492 0.2070 0.6292
vn 0.6634 0.4920 0.5638
vn 0.4369 0.5801 0.6875
vn 0.6611 0.2755 0.6979
vn -0.9598 0.2335 -0.1557
vn -0.8942 0.4452 -0.0469
vn -0.8768 0.4194 -0.2351
vn -0.9386 0.0978 -0.3307
vn -0.3009 0.9535 0.0153
vn -0.2154 0.9566 -0.1964
vn -0.6296 0.7159 -0.3019
vn 0.4661 0.8846 -0.0147
vn 0.1726 0.9825 -0.0704
vn 0.1789 0.9839 -0.0000
vn -0.9593 0.1066 0.2616
vn -0.8547 0.4757 0.2081
vn -0.8784 0.4634 0.1169
vn -0.9394 0.2225 0.2609
vn -0.7381 0.4319 0.5183
vn -0.8527 0.0829 0.5158
vn -0.0934 0.8405 0.5337
vn 0.2034 0.9705 0.1294
vn -0.3427 0.9041 0.2552
vn 0.3966 0.8343 -0.3830
vn 0.0384 0.9920 -0.1206
vn 0.0102 0.9521 -0.3055
vn 0.9474 0.2153 -0.2369
vn 0.9628 0.2696 -0.0165
vn -0.1557 0.9854 0.0686
vn 0.9231 0.3846 -0.0000
vn 0.8645 0.4375 0.2474
vn 0.9356 0.2848 0.2088
vn 0.0463 0.9946 0.0925
vn 0.0282 0.9846 0.1725
vn 0.0712 0.9975 -0.0000
vn 0.2157 0.9705 -0.1078
vn -0.1956 -0.6761 -0.7104
vn 0.5374 -0.6797 -0.4992
vn 0.2592 0.5818 -0.7709
vn 0.9367 -0.2462 0.2490
vn 0.4472 -0.6563 0.6077
vn 0.2322 0.6169 0.7520
vn 0.7629 0.5900 -0.2645
vn 0.8827 0.4070 -0.2350
vn -0.2599 -0.5839 0.7691
vn -0.8920 0.1688 0.4194
vn -0.5026 0.6097 0.6129
vn -0.4601 0.4294 0.7771
vn -0.6786 0.6883 -0.2565
vn -0.4685 0.8292 -0.3049
vn -0.4514 0.7627 -0.4631
vn -0.6046 0.6449 -0.4675
vn -0.4401 0.6286 -0.6412
vn 0.8429 -0.4130 -0.3448
vn 0.9925 0.0682 0.1012
vn 0.2813 0.8740 -0.3962
vn 0.4116 0.6876 -0.5982
vn -0.4703 0.7912 0.3908
vn -0.6376 0.7013 0.3188
vn 0.8192 0.5735 -0.0000
vn 0.5300 0.8480 -0.0000
vn 0.7418 0.5953 0.3088
vn 0.4998 0.6475 0.5752
vn 0.3628 0.8545 0.3718
vn 0.9972 0.0486 -0.0568
vn 0.9972 0.0492 -0.0566
vn 0.9972 0.0493 -0.0565
vn -0.7265 0.6684 0.1598
vn -0.5141 0.8335 0.2025
vn -0.5294 0.8291 -0.1798
vn -0.7257 0.6793 -0.1097
vn -0.8046 0.5840 0.1078
vn -0.9102 0.3253 0.2561
vn -0.8008 -0.2517 -0.5434
vn -0.8213 -0.2500 -0.5129
vn -0.4586 0.7965 -0.3942
vn -0.9579 0.1333 -0.2542
vn -0.8652 0.4811 0.1413
vn -0.9459 0.2574 -0.1975
vn -0.9970 0.0263 0.0724
vn -0.8835 0.4642 0.0629
vn -0.8352 -0.1193 0.5369
vn -0.2604 0.7369 0.6239
vn 0.9344 -0.2118 0.2865
vn 0.8912 -0.0223 0.4530
vn 0.5744 -0.2154 0.7898
vn 0.5602 -0.5747 0.5966
vn -0.2931 -0.6897 0.6621
vn -0.2627 -0.3607 0.8949
vn -0.9063 -0.2175 0.3625
vn -0.8936 -0.3238 0.3108
vn -0.8481 -0.5178 -0.1126
vn -0.0622 0.9554 -0.2888
vn -0.5970 0.3194 0.7359
vn -0.8888 -0.0444 -0.4562
vn -0.0234 0.8687 -0.4947
vn 0.9970 0.0686 -0.0369
vn 0.0085 0.8638 0.5038
vn 0.7898 0.3389 -0.5112
vn -0.0741 -0.5185 -0.8519
vn -0.0299 -0.2094 -0.9774
vn 0.5883 -0.1961 -0.7845
vn 0.6211 -0.4575 -0.6363
vn 0.8729 0.2182 0.4364
vn 0.9303 0.1790 0.3202
vn 0.6958 0.3884 0.6041
vn 0.5551 0.3448 0.7569
vn 0.9225 -0.2563 -0.2886
vn 0.8944 -0.0000 -0.4472
vn 0.9612 0.2418 -0.1330
vn 0.9980 -0.0570 0.0271
vn -0.0294 0.4190 0.9075
vn 0.1128 0.9931 0.0316
vn -0.0743 0.9817 0.1751
vn -0.1302 0.3906 -0.9113
vn -0.0825 0.4922 -0.8665
vn 0.5234 0.4608 -0.7168
vn 0.3075 0.4268 -0.8504
vn -0.7732 0.3237 -0.5454
vn 0.8722 0.3003 -0.3861
vn 0.8700 0.4466 -0.2091
vn 0.9623 0.2612 0.0753
vn 0.9972 0.0499 -0.0564
vn -0.8396 -0.2624 -0.4757
vn -0.7357 -0.4858 -0.4719
vn -0.9734 -0.0710 -0.2180
vn -0.9743 -0.0100 -0.2252
vn -0.7812 -0.2627 0.5663
vn -0.6795 -0.4946 0.5419
vn -0.8514 0.3107 -0.4226
vn -0.8447 0.1988 -0.4969
vn -0.9090 0.1375 -0.3934
vn -0.8184 -0.0657 -0.5709
vn -0.9817 -0.1851 0.0443
vn -0.9948 -0.0554 0.0852
vn -0.8894 0.0599 0.4532
vn -0.7971 -0.2943 0.5273
vn -0.7698 0.0398 -0.6371
vn -0.8035 -0.1370 -0.5793
vn 0.4955 0.0107 0.8685
vn 0.5492 0.4027 0.7322
vn -0.0851 0.3405 0.9364
vn -0.2054 -0.0555 0.9771
vn -0.8891 -0.1294 0.4389
vn -0.9165 0.2254 0.3305
vn -0.6018 -0.7167 -0.3524
vn 0.1212 0.5152 0.8485
vn 0.1663 0.7565 0.6326
vn -0.7517 0.5126 0.4149
vn -0.7056 0.3714 0.6035
vn 0.8255 0.2020 0.5269
vn 0.8556 0.4689 0.2192
vn 0.6036 0.6976 0.3859
vn 0.8902 0.4189 0.1791
vn 0.7339 0.6772 -0.0532
vn 0.5812 0.7824 0.2235
vn 0.6693 0.6023 0.4350
vn 0.0259 0.1811 -0.9831
vn 0.0401 0.5616 -0.8264
vn 0.6208 0.5469 -0.5617
vn 0.5517 0.2041 -0.8087
vn 0.8079 0.4855 -0.3340
vn -0.9415 -0.3178 -0.1118
vn -0.6253 -0.7305 -0.2747
vn -0.6595 -0.7210 0.2124
vn -0.0672 0.7002 -0.7108
vn -0.0485 0.8731 -0.4851
vn 0.5088 0.8130 -0.2832
vn 0.5691 0.6341 -0.5235
vn -0.8825 0.4092 -0.2317
vn -0.5272 -0.7835 0.3289
vn 0.5092 0.8507 0.1304
vn 0.7680 0.6400 -0.0226
vn -0.8099 0.3592 -0.4637
vn -0.0638 0.8290 -0.5557
vn -0.7978 0.5579 0.2287
vn 0.0825 0.9073 0.4124
vn 0.1753 0.9844 -0.0135
vn 0.0162 0.9737 0.2272
vn -0.0000 0.8000 0.6000
vn 0.5074 0.8183 -0.2700
vn -0.0078 0.9931 -0.1173
vn -0.0096 -0.9908 0.1347
vn -0.0278 -0.2227 -0.9745
vn 0.0434 -0.9937 0.1032
vn -0.3121 -0.0499 -0.9487
vn 0.3079 -0.7916 0.5278
vn -0.0867 -0.3593 0.9292
vn -0.5212 -0.4170 -0.7446
vn 0.3162 -0.3794 0.8695
vn -0.7621 -0.3349 0.5542
vn -0.6019 0.5868 0.5417
vn 0.3769 -0.2755 0.8843
vn 0.3387 -0.3222 0.8840
vn 0.5560 -0.5560 -0.6178
vn -0.3078 0.4478 -0.8395
vn 0.0111 -0.9667 -0.2556
vn -0.3097 0.6298 -0.7124
vn -0.2952 0.5413 0.7873
vn 0.8228 -0.2891 -0.4892
vn -0.2811 0.2610 -0.9235
vn 0.2503 -0.0250 -0.9678
vn 0.7634 -0.2544 -0.5937
vn 0.1885 -0.5026 0.8437
vn -0.5863 -0.7971 0.1449
vn 0.3775 -0.6098 -0.6969
vn -0.7949 0.1919 0.5756
vn 0.3796 0.1148 0.9180
vn -0.1394 -0.9898 0.0279
vn 0.1878 -0.9542 -0.2329
vn -0.6541 0.7547 0.0503
vn -0.8519 -0.1136 -0.5112
vn 0.0645 -0.9034 0.4240
vn 0.1258 -0.9078 0.4000
vn 0.1616 -0.8551 0.4926
vn 0.6854 -0.6425 -0.3427
vn 0.1307 0.7128 -0.6890
vn 0.9244 -0.3813 -0.0116
vn 0.9242 -0.3817 -0.0120
vn 0.9243 -0.3816 -0.0118
vn 0.7249 -0.6396 0.2558
vn -0.8381 0.2286 -0.4953
vn -0.6475 -0.0740 -0.7585
vn -0.5657 0.7071 -0.4243
vn -0.2425 0.5821 -0.7761
vn -0.5985 0.6270 -0.4987
vn -0.5500 0.6285 0.5500
vn -0.2676 0.5888 0.7627
vn 0.0480 -0.9285 -0.3682
vn -0.1680 -0.7054 -0.6886
vn -0.7996 -0.5806 -0.1533
vn 0.2103 0.6761 0.7061
vn 0.1827 0.6577 0.7308
vn -0.8305 -0.3420 0.4397
vn -0.7619 -0.5238 -0.3810
vn -0.9126 -0.3549 -0.2028
vn -0.7870 0.3064 -0.5354
vn -0.6593 0.3921 -0.6415
vn -0.9187 -0.3828 0.0970
vn 0.9323 -0.3614 -0.0105
vn 0.8990 -0.4329 0.0666
vn 0.4990 -0.1386 0.8554
vn 0.9241 -0.3820 -0.0123
vn 0.2227 -0.4693 0.8545
vn 0.1801 0.0800 -0.9804
vn 0.0899 -0.1717 -0.9810
vn -0.8902 0.3965 0.2244
vn -0.5584 -0.0931 0.8243
vn -0.8885 -0.1481 0.4344
vn 0.9799 0.1225 0.1575
vn -0.1370 0.5373 -0.8322
vn 0.9932 0.1155 -0.0154
vn -0.0390 -0.8056 -0.5912
vn -0.6648 -0.6869 -0.2936
vn -0.4195 0.5873 -0.6922
vn 0.1131 0.2368 -0.9650
vn 0.3739 -0.8587 0.3505
vn -0.3508 -0.8463 0.4009
vn -0.3718 -0.8675 -0.3305
vn -0.3743 0.6238 0.6862
vn -0.5832 0.7694 0.2606
vn -0.6016 0.5586 0.5709
vn 0.2111 0.1689 -0.9628
vn 0.6416 0.5500 -0.5347
vn -0.4255 0.5200 0.7406
vn 0.3462 -0.9203 0.1822
vn -0.3020 0.0604 -0.9514
vn -0.6976 -0.3431 -0.6290
vn -0.5434 -0.5791 -0.6077
vn -0.0000 -0.4857 -0.8742
vn 0.2644 0.3917 0.8813
vn 0.4165 -0.2082 0.8850
vn -0.3701 -0.6459 0.6677
vn -0.1687 0.0506 0.9844
vn -0.6304 -0.4151 0.6560
vn 0.2449 0.6856 -0.6856
vn 0.3599 0.6597 -0.6597
vn 0.3758 0.4448 -0.8130
vn 0.1810 0.4328 -0.8831
vn -0.3158 0.7271 0.6096
vn 0.0218 0.5893 -0.8076
vn 0.5253 -0.3210 -0.7880
vn -0.1738 -0.0000 -0.9848
vn -0.0471 -0.2946 -0.9545
vn -0.5359 0.5097 -0.6731
vn -0.9090 0.0551 -0.4132
vn -0.9347 -0.0771 0.3469
vn -0.3747 0.6040 0.7034
vn -0.1761 0.8805 0.4402
vn 0.2808 -0.7598 0.5864
vn -0.0592 -0.3157 0.9470
vn -0.0000 0.6644 -0.7474
vn 0.0490 0.4170 -0.9076
vn 0.0748 0.2242 -0.9717
vn 0.6698 0.1456 -0.7281
vn 0.3747 0.7794 -0.5021
vn 0.4982 0.8325 -0.2425
vn -0.1256 0.2055 0.9706
vn -0.1990 0.7561 -0.6235
vn 0.2358 0.9677 -0.0895
vn 0.3939 0.9191 -0.0000
vn 0.8944 -0.4472 -0.0000
vn -0.0227 0.8330 0.5528
vn 0.4474 0.3808 0.8092
vn -0.0000 0.8480 -0.5300
vn 0.2668 0.7691 -0.5807
vn 0.7108 0.2005 -0.6743
vn 0.4472 0.8944 -0.0000
vn 0.4500 0.8925 0.0300
vn 0.9610 -0.2691 0.0641
vn -0.1339 0.4637 0.8758
vn -0.4562 0.3041 -0.8363
vn -0.3244 0.3569 -0.8760
vn 0.4497 0.8094 -0.3777
vn 0.6936 0.7050 -0.1478
vn 0.3765 0.8811 0.2862
vn -0.2190 0.7591 0.6131
vn 0.0865 0.9685 0.2335
vn 0.7342 0.1683 0.6578
vn -0.6386 0.3548 0.6829
vn 0.2106 0.9124 0.3509
vn -0.0000 0.8944 -0.4472
vn 0.3131 0.8871 -0.3392
vn -0.1414 0.9899 -0.0000
vn 0.1339 0.9909 0.0134
vn 0.2204 0.4654 -0.8572
vn 0.3699 0.6640 0.6498
vn 0.6533 0.5642 -0.5048
vn -0.5057 0.5949 -0.6247
vn 0.3936 0.7123 -0.5811
vn -0.4604 0.7707 0.4404
vn -0.5783 0.6554 0.4858
vn 0.5051 0.8081 0.3030
vn -0.3807 0.8159 -0.4351
vn 0.5345 0.8018 -0.2673
vn -0.2395 0.9137 0.3282
vn -0.1666 0.8845 0.4358
vn -0.2425 0.9701 -0.0000
vn -0.8264 -0.4997 0.2595
vn -0.2848 0.4713 -0.8347
vn -0.5480 0.7124 -0.4384
vn 0.3642 0.5007 -0.7853
vn 0.2248 0.9741 -0.0250
vn 0.4406 0.5218 0.7305
vn -0.0232 0.9282 -0.3713
vn 0.1158 0.9927 -0.0331
vn -0.1151 0.9043 0.4110
vn -0.8579 0.0670 0.5094
vn 0.8185 0.2399 -0.5221
vn -0.8435 0.4867 0.2271
vn -0.8205 0.5681 -0.0631
vn 0.4130 0.9086 -0.0620
vn -0.7219 0.2536 -0.6438
vn -0.1608 0.9646 -0.2090
vn -0.6752 0.7074 -0.2090
vn -0.5298 0.6623 0.5298
vt 0.459317 0.874283
vt 0.472748 0.875580
vt 0.472931 0.883080
vt 0.458523 0.882062
vt 0.448232 0.873262
vt 0.451255 0.869119
vt 0.454160 0.843230
vt 0.464751 0.838907
vt 0.476579 0.838526
vt 0.486221 0.876798
vt 0.481995 0.873799
vt 0.488350 0.855513
vt 0.492971 0.856197
vt 0.040173 0.888014
vt 0.027996 0.898839
vt 0.029252 0.887162
vt 0.037850 0.880937
vt 0.741272 0.901186
vt 0.747092 0.902293
vt 0.744093 0.916229
vt 0.738221 0.914953
vt 0.464257 0.833565
vt 0.478374 0.833565
vt 0.488768 0.839031
vt 0.485064 0.841322
vt 0.738371 0.938221
vt 0.737728 0.929133
vt 0.743600 0.930409
vt 0.743111 0.939034
vt 0.543477 0.446752
vt 0.535938 0.440484
vt 0.536758 0.424066
vt 0.544659 0.427373
vt 0.447705 0.853858
vt 0.755143 0.905678
vt 0.752281 0.918597
vt 0.751873 0.931593
vt 0.452674 0.838192
vt 0.448645 0.842667
vt 0.545269 0.411734
vt 0.543836 0.416071
vt 0.535943 0.412466
vt 0.540606 0.406897
vt 0.899608 0.692247
vt 0.894859 0.695433
vt 0.887281 0.685532
vt 0.891977 0.682477
vt 0.645915 0.838088
vt 0.636269 0.833731
vt 0.637383 0.828706
vt 0.651074 0.833996
vt 0.660101 0.845665
vt 0.654837 0.845494
vt 0.654922 0.863620
vt 0.643025 0.873655
vt 0.632447 0.873344
vt 0.626003 0.836688
vt 0.622023 0.867743
vt 0.618360 0.846661
vt 0.614730 0.843736
vt 0.624084 0.830962
vt 0.017059 0.912383
vt 0.011816 0.919990
vt 0.005960 0.919039
vt 0.010401 0.910775
vt 0.018693 0.898908
vt 0.284454 0.971725
vt 0.283919 0.959003
vt 0.289914 0.958520
vt 0.290387 0.970056
vt 0.931846 0.715005
vt 0.925028 0.707648
vt 0.923715 0.692961
vt 0.931846 0.695993
vt 0.658450 0.866607
vt 0.645829 0.879692
vt 0.931436 0.678364
vt 0.925378 0.675420
vt 0.078601 0.877590
vt 0.079658 0.884172
vt 0.066395 0.883281
vt 0.065312 0.877730
vt 0.631985 0.879692
vt 0.619538 0.873624
vt 0.051665 0.877103
vt 0.052782 0.883812
vt 0.290004 0.524868
vt 0.283859 0.529256
vt 0.280860 0.523329
vt 0.288977 0.518104
vt 0.615854 0.866405
vt 0.290672 0.495687
vt 0.281680 0.508272
vt 0.282456 0.494486
vt 0.285239 0.485380
vt 0.284757 0.477979
vt 0.291093 0.481958
vt 0.289919 0.943842
vt 0.283925 0.944325
vt 0.284416 0.932818
vt 0.290339 0.932174
vt 0.298684 0.933355
vt 0.297312 0.944158
vt 0.297256 0.956625
vt 0.492226 0.412566
vt 0.501568 0.404327
vt 0.508639 0.396631
vt 0.853168 0.284497
vt 0.856416 0.295162
vt 0.852370 0.298344
vt 0.847826 0.286059
vt 0.847339 0.263830
vt 0.853330 0.263078
vt 0.880894 0.274227
vt 0.874733 0.289814
vt 0.864359 0.296782
vt 0.873477 0.715526
vt 0.874490 0.699009
vt 0.872533 0.684975
vt 0.878447 0.675026
vt 0.883143 0.671971
vt 0.124394 0.866894
vt 0.113721 0.867356
vt 0.112793 0.827435
vt 0.123930 0.833008
vt 0.132718 0.845553
vt 0.132718 0.861800
vt 0.136838 0.865068
vt 0.127122 0.872948
vt 0.113200 0.872945
vt 0.103976 0.861319
vt 0.101599 0.865979
vt 0.094610 0.852061
vt 0.098379 0.851579
vt 0.097915 0.836260
vt 0.103976 0.828826
vt 0.114592 0.819099
vt 0.102991 0.821417
vt 0.709895 0.793318
vt 0.717980 0.792436
vt 0.721568 0.797890
vt 0.711462 0.799125
vt 0.697028 0.801793
vt 0.695461 0.795986
vt 0.126657 0.827457
vt 0.136838 0.844180
vt 0.678042 0.800828
vt 0.679564 0.805516
vt 0.907606 0.970216
vt 0.902461 0.966583
vt 0.902086 0.954154
vt 0.907228 0.954997
vt 0.095074 0.832565
vt 0.290498 0.585010
vt 0.290691 0.603498
vt 0.285556 0.606831
vt 0.285484 0.591314
vt 0.285316 0.579494
vt 0.284858 0.568639
vt 0.291093 0.571829
vt 0.863881 0.301098
vt 0.877986 0.293776
vt 0.748149 0.770901
vt 0.764044 0.770976
vt 0.763687 0.777063
vt 0.747637 0.777069
vt 0.737728 0.778347
vt 0.739576 0.771968
vt 0.885926 0.275464
vt 0.881377 0.256564
vt 0.885926 0.255503
vt 0.604385 0.926001
vt 0.605917 0.939954
vt 0.599494 0.938566
vt 0.598487 0.927299
vt 0.780060 0.770901
vt 0.775359 0.776818
vt 0.858353 0.251086
vt 0.851876 0.249569
vt 0.863225 0.240464
vt 0.865002 0.244412
vt 0.875219 0.245516
vt 0.019867 0.883787
vt 0.004973 0.901002
vt 0.005863 0.888003
vt 0.002490 0.878487
vt 0.019386 0.877103
vt 0.029917 0.877419
vt 0.545517 0.354102
vt 0.551613 0.354602
vt 0.549102 0.367524
vt 0.543021 0.366427
vt 0.535023 0.363210
vt 0.537398 0.351873
vt 0.538782 0.338924
vt 0.546909 0.340854
vt 0.552739 0.333819
vt 0.876522 0.240434
vt 0.653064 0.715344
vt 0.653114 0.726207
vt 0.647463 0.728506
vt 0.647157 0.716731
vt 0.608570 0.957038
vt 0.601729 0.952343
vt 0.902463 0.940996
vt 0.907606 0.942536
vt 0.895867 0.953765
vt 0.894171 0.940709
vt 0.650358 0.668958
vt 0.641992 0.670020
vt 0.641200 0.658995
vt 0.649436 0.656959
vt 0.129300 0.877637
vt 0.114915 0.878562
vt 0.649518 0.642391
vt 0.655166 0.639057
vt 0.655080 0.652588
vt 0.641156 0.644490
vt 0.642374 0.628326
vt 0.649709 0.627259
vt 0.655237 0.626059
vt 0.045154 0.886132
vt 0.052813 0.912123
vt 0.045154 0.923066
vt 0.246029 0.539607
vt 0.237679 0.532101
vt 0.548188 0.328295
vt 0.540053 0.326663
vt 0.541098 0.315779
vt 0.549112 0.318397
vt 0.649453 0.752942
vt 0.648537 0.743016
vt 0.654188 0.740718
vt 0.655237 0.752654
vt 0.640045 0.744141
vt 0.638971 0.729630
vt 0.639696 0.717860
vt 0.751469 0.939034
vt 0.759739 0.930272
vt 0.759177 0.937209
vt 0.529471 0.450154
vt 0.525516 0.439993
vt 0.537710 0.451396
vt 0.681524 0.180103
vt 0.688745 0.190850
vt 0.674378 0.208004
vt 0.663009 0.198637
vt 0.651961 0.190709
vt 0.663108 0.173079
vt 0.867606 0.673423
vt 0.871764 0.669208
vt 0.298692 0.968000
vt 0.304816 0.955210
vt 0.305165 0.964375
vt 0.917092 0.717467
vt 0.914670 0.705321
vt 0.925413 0.718415
vt 0.276906 0.485693
vt 0.273079 0.495975
vt 0.983255 0.378871
vt 0.986791 0.381373
vt 0.981918 0.388708
vt 0.977570 0.387429
vt 0.276453 0.479323
vt 0.896864 0.703029
vt 0.875356 0.724707
vt 0.514219 0.391869
vt 0.500890 0.391142
vt 0.505633 0.368766
vt 0.517697 0.371051
vt 0.696781 0.199778
vt 0.683807 0.216469
vt 0.913398 0.691530
vt 0.646658 0.140646
vt 0.645974 0.130043
vt 0.663112 0.135173
vt 0.659186 0.143441
vt 0.654245 0.153594
vt 0.638934 0.149404
vt 0.626783 0.152672
vt 0.638519 0.164239
vt 0.624021 0.162872
vt 0.607988 0.164336
vt 0.613128 0.151797
vt 0.076637 0.892994
vt 0.064319 0.900617
vt 0.601217 0.149569
vt 0.597416 0.157021
vt 0.744049 0.257290
vt 0.702548 0.259269
vt 0.711608 0.250363
vt 0.743483 0.250885
vt 0.487152 0.419393
vt 0.486226 0.425796
vt 0.476416 0.420071
vt 0.477350 0.413369
vt 0.482416 0.406841
vt 0.002490 0.912294
vt 0.679623 0.158303
vt 0.675119 0.167537
vt 0.664480 0.158699
vt 0.679840 0.145853
vt 0.671030 0.814139
vt 0.671050 0.807755
vt 0.681899 0.812466
vt 0.681735 0.818951
vt 0.671688 0.819430
vt 0.896242 0.966194
vt 0.890978 0.964463
vt 0.888530 0.952834
vt 0.697342 0.809095
vt 0.711776 0.806427
vt 0.709492 0.814484
vt 0.698188 0.815404
vt 0.277563 0.568928
vt 0.277992 0.578752
vt 0.270617 0.580434
vt 0.270216 0.571641
vt 0.721881 0.805192
vt 0.718875 0.813224
vt 0.243243 0.554350
vt 0.231966 0.556434
vt 0.218599 0.560869
vt 0.226264 0.533517
vt 0.222776 0.521342
vt 0.235328 0.520691
vt 0.232861 0.510795
vt 0.222439 0.513459
vt 0.222059 0.506848
vt 0.232481 0.504183
vt 0.263371 0.494065
vt 0.278217 0.592634
vt 0.278289 0.608150
vt 0.266809 0.608656
vt 0.270849 0.593165
vt 0.748826 0.785454
vt 0.762827 0.785543
vt 0.764610 0.791976
vt 0.751382 0.793037
vt 0.034645 0.965185
vt 0.038765 0.970588
vt 0.034347 0.980926
vt 0.028551 0.977919
vt 0.738917 0.786732
vt 0.775620 0.784136
vt 0.785384 0.776947
vt 0.783870 0.786345
vt 0.773927 0.790433
vt 0.591262 0.939889
vt 0.592470 0.953816
vt 0.646119 0.225138
vt 0.635876 0.236280
vt 0.626189 0.232540
vt 0.636056 0.217657
vt 0.650475 0.207447
vt 0.660972 0.218651
vt 0.589207 0.928897
vt 0.628675 0.731657
vt 0.631456 0.718860
vt 0.597439 0.967242
vt 0.604338 0.964029
vt 0.638044 0.183735
vt 0.641716 0.204172
vt 0.630119 0.197200
vt 0.617045 0.190718
vt 0.623577 0.177717
vt 0.760763 0.920453
vt 0.763403 0.909734
vt 0.435376 0.809459
vt 0.442207 0.811711
vt 0.442262 0.825632
vt 0.434969 0.819674
vt 0.623066 0.211148
vt 0.614128 0.226496
vt 0.601055 0.217694
vt 0.603439 0.203751
vt 0.304850 0.944794
vt 0.305165 0.936043
vt 0.980713 0.398481
vt 0.991527 0.384698
vt 0.988514 0.395887
vt 0.990999 0.408086
vt 0.983782 0.408451
vt 0.601070 0.189842
vt 0.593483 0.176894
vt 0.882770 0.940575
vt 0.593483 0.227946
vt 0.605599 0.238614
vt 0.630536 0.671069
vt 0.632137 0.686868
vt 0.621980 0.687263
vt 0.621147 0.668484
vt 0.629740 0.659008
vt 0.629826 0.645476
vt 0.610304 0.657290
vt 0.610769 0.643571
vt 0.611870 0.630578
vt 0.631047 0.630348
vt 0.530334 0.348866
vt 0.529360 0.357061
vt 0.036874 0.988901
vt 0.038765 0.982124
vt 0.528489 0.337147
vt 0.529744 0.325484
vt 0.510029 0.334934
vt 0.511541 0.320699
vt 0.512587 0.309815
vt 0.530668 0.315587
vt 0.629869 0.744033
vt 0.610821 0.745237
vt 0.610278 0.733052
vt 0.709446 0.151824
vt 0.710535 0.139509
vt 0.741145 0.141611
vt 0.732665 0.152629
vt 0.712561 0.167537
vt 0.701762 0.167674
vt 0.704164 0.158878
vt 0.619516 0.245588
vt 0.635262 0.251180
vt 0.632184 0.702410
vt 0.621055 0.722487
vt 0.621903 0.703903
vt 0.729294 0.230758
vt 0.710185 0.237105
vt 0.704685 0.226085
vt 0.718014 0.222789
vt 0.722084 0.205006
vt 0.734308 0.216912
vt 0.745925 0.232859
vt 0.738862 0.241591
vt 0.277335 0.993635
vt 0.272190 0.993670
vt 0.266703 0.983445
vt 0.273893 0.982314
vt 0.705963 0.820580
vt 0.714048 0.819697
vt 0.721881 0.835897
vt 0.716150 0.837344
vt 0.704822 0.830761
vt 0.696147 0.822141
vt 0.265385 0.587463
vt 0.248198 0.601029
vt 0.247873 0.586358
vt 0.247394 0.573321
vt 0.264992 0.577519
vt 0.277335 0.972041
vt 0.268698 0.973421
vt 0.253753 0.564899
vt 0.243471 0.562595
vt 0.254355 0.550566
vt 0.267458 0.553764
vt 0.264047 0.570537
vt 0.767044 0.799709
vt 0.760118 0.812692
vt 0.748628 0.813820
vt 0.527290 0.364034
vt 0.506519 0.363858
vt 0.508065 0.351922
vt 0.525510 0.353420
vt 0.710208 0.215597
vt 0.712327 0.204301
vt 0.713300 0.184487
vt 0.723066 0.183141
vt 0.735123 0.182261
vt 0.734095 0.197812
vt 0.711982 0.130043
vt 0.743701 0.132298
vt 0.754189 0.135625
vt 0.752750 0.143039
vt 0.747156 0.153558
vt 0.493487 0.359065
vt 0.494920 0.347818
vt 0.496755 0.332115
vt 0.751512 0.240961
vt 0.722423 0.161222
vt 0.734302 0.167202
vt 0.608034 0.671911
vt 0.596448 0.671986
vt 0.597688 0.657360
vt 0.598153 0.643642
vt 0.599257 0.631685
vt 0.248286 0.614243
vt 0.235863 0.616713
vt 0.235747 0.602469
vt 0.608051 0.719636
vt 0.597662 0.733123
vt 0.596338 0.719773
vt 0.595261 0.704226
vt 0.607877 0.704156
vt 0.607954 0.687515
vt 0.595338 0.687586
vt 0.491758 0.398602
vt 0.481577 0.396137
vt 0.477781 0.366180
vt 0.490451 0.373934
vt 0.492577 0.364870
vt 0.481969 0.357352
vt 0.758375 0.826470
vt 0.759120 0.838282
vt 0.752848 0.838057
vt 0.749958 0.827455
vt 0.499291 0.318297
vt 0.485567 0.328636
vt 0.487974 0.316104
vt 0.489004 0.305817
vt 0.500457 0.306426
vt 0.598205 0.745307
vt 0.586995 0.744160
vt 0.585298 0.733068
vt 0.583975 0.719719
vt 0.234413 0.588853
vt 0.223186 0.604271
vt 0.222918 0.591662
vt 0.223569 0.580542
vt 0.233934 0.575816
vt 0.232452 0.568319
vt 0.245876 0.565945
vt 0.222152 0.573955
vt 0.220893 0.570218
vt 0.232157 0.564800
vt 0.718321 0.850779
vt 0.713845 0.851258
vt 0.711043 0.840036
vt 0.744504 0.167839
vt 0.744297 0.198449
vt 0.743255 0.182912
vt 0.728860 0.074309
vt 0.729740 0.058752
vt 0.737037 0.059724
vt 0.736205 0.079432
vt 0.733234 0.099102
vt 0.725895 0.090908
vt 0.746517 0.215324
vt 0.752073 0.230606
vt 0.719730 0.105406
vt 0.728194 0.115726
vt 0.721824 0.119763
vt 0.711297 0.110505
vt 0.761957 0.236949
vt 0.727465 0.043190
vt 0.720890 0.027531
vt 0.733391 0.024353
vt 0.736801 0.041024
vt 0.750495 0.058505
vt 0.749188 0.038758
vt 0.761502 0.037447
vt 0.761782 0.058243
vt 0.762024 0.081052
vt 0.748660 0.081338
vt 0.584085 0.671932
vt 0.581815 0.686553
vt 0.575969 0.671834
vt 0.575401 0.657075
vt 0.585324 0.657306
vt 0.586949 0.644566
vt 0.577156 0.645309
vt 0.579950 0.636655
vt 0.587930 0.633707
vt 0.224383 0.617219
vt 0.215922 0.615712
vt 0.213693 0.607274
vt 0.213424 0.594664
vt 0.483974 0.342364
vt 0.483805 0.352054
vt 0.475887 0.338940
vt 0.476329 0.326081
vt 0.581868 0.704168
vt 0.981631 0.930263
vt 0.983099 0.942512
vt 0.975679 0.940723
vt 0.973299 0.931612
vt 0.971770 0.920298
vt 0.980802 0.912640
vt 0.744630 0.101000
vt 0.756953 0.098672
vt 0.750707 0.107960
vt 0.737337 0.111317
vt 0.744740 0.022100
vt 0.723763 0.013919
vt 0.738270 0.013726
vt 0.794819 0.673944
vt 0.793404 0.682501
vt 0.781081 0.677144
vt 0.783210 0.669331
vt 0.756049 0.021859
vt 0.792080 0.461643
vt 0.782839 0.470485
vt 0.775502 0.464497
vt 0.783254 0.456357
vt 0.796100 0.449643
vt 0.802196 0.458014
vt 0.467322 0.408722
vt 0.467419 0.415541
vt 0.458897 0.407363
vt 0.457953 0.390138
vt 0.468996 0.395501
vt 0.470325 0.384643
vt 0.456799 0.356378
vt 0.467374 0.347777
vt 0.711297 0.020210
vt 0.714165 0.002490
vt 0.804146 0.692206
vt 0.805461 0.701940
vt 0.791307 0.693460
vt 0.012239 0.675109
vt 0.002490 0.675706
vt 0.006650 0.660968
vt 0.014329 0.660444
vt 0.024520 0.659766
vt 0.023543 0.674553
vt 0.860180 0.731328
vt 0.858489 0.742664
vt 0.848957 0.741351
vt 0.852766 0.731207
vt 0.769603 0.038177
vt 0.770021 0.058082
vt 0.770102 0.079707
vt 0.012189 0.716160
vt 0.011343 0.705673
vt 0.022492 0.704801
vt 0.023440 0.716472
vt 0.025313 0.732760
vt 0.015121 0.733438
vt 0.007438 0.736881
vt 0.002490 0.718808
vt 0.207375 0.570651
vt 0.211872 0.581772
vt 0.205919 0.594526
vt 0.196263 0.590193
vt 0.187315 0.576801
vt 0.196711 0.567373
vt 0.201006 0.536453
vt 0.211772 0.540521
vt 0.212253 0.523217
vt 0.204619 0.521259
vt 0.212889 0.514399
vt 0.965351 0.049955
vt 0.964087 0.059205
vt 0.952654 0.059205
vt 0.952520 0.043393
vt 0.799729 0.437348
vt 0.791256 0.424242
vt 0.796975 0.419980
vt 0.802196 0.430575
vt 0.763628 0.244532
vt 0.754140 0.249403
vt 0.762271 0.147558
vt 0.763628 0.142035
vt 0.316579 0.590689
vt 0.315764 0.606753
vt 0.297890 0.601598
vt 0.298685 0.590689
vt 0.014953 0.692751
vt 0.003394 0.694918
vt 0.011787 0.681028
vt 0.021876 0.679167
vt 0.021962 0.692025
vt 0.212566 0.509850
vt 0.473012 0.344418
vt 0.718879 0.466479
vt 0.718846 0.447239
vt 0.725129 0.447725
vt 0.724816 0.460532
vt 0.725783 0.472421
vt 0.718846 0.478067
vt 0.478848 0.312860
vt 0.469039 0.324450
vt 0.471559 0.311229
vt 0.479500 0.306132
vt 0.575249 0.732899
vt 0.577969 0.741922
vt 0.478113 0.298272
vt 0.467072 0.303314
vt 0.565708 0.733517
vt 0.564011 0.722426
vt 0.574820 0.716507
vt 0.206270 0.615864
vt 0.215214 0.584309
vt 0.017881 0.743538
vt 0.014337 0.746836
vt 0.026130 0.745141
vt 0.776191 0.474285
vt 0.768091 0.472028
vt 0.776292 0.685467
vt 0.766296 0.679652
vt 0.773884 0.674192
vt 0.771540 0.669208
vt 0.917280 0.858240
vt 0.919877 0.870630
vt 0.910904 0.871419
vt 0.910421 0.859969
vt 0.908414 0.851512
vt 0.911952 0.847924
vt 0.972178 0.907769
vt 0.974691 0.897154
vt 0.983099 0.897858
vt 0.972862 0.862310
vt 0.984848 0.857578
vt 0.989886 0.863639
vt 0.982063 0.867943
vt 0.789895 0.441552
vt 0.785393 0.450418
vt 0.778084 0.446666
vt 0.781766 0.437058
vt 0.784588 0.416811
vt 0.910673 0.881676
vt 0.918548 0.882037
vt 0.913116 0.891496
vt 0.909425 0.889842
vt 0.902454 0.892174
vt 0.901219 0.883272
vt 0.900366 0.872028
vt 0.213728 0.622911
vt 0.570829 0.644842
vt 0.565854 0.655620
vt 0.201959 0.624383
vt 0.192370 0.615323
vt 0.196617 0.605894
vt 0.796413 0.702766
vt 0.801511 0.712807
vt 0.796155 0.719154
vt 0.790251 0.709714
vt 0.781997 0.699893
vt 0.964146 0.027850
vt 0.965163 0.038104
vt 0.958791 0.038413
vt 0.956070 0.031658
vt 0.952841 0.022662
vt 0.962763 0.017692
vt 0.973260 0.013256
vt 0.972740 0.025944
vt 0.973635 0.036231
vt 0.567184 0.665328
vt 0.557763 0.663811
vt 0.557719 0.655020
vt 0.770915 0.694845
vt 0.761049 0.686227
vt 0.025855 0.650578
vt 0.034236 0.651471
vt 0.034219 0.663145
vt 0.016669 0.653113
vt 0.466562 0.287349
vt 0.476371 0.282669
vt 0.478603 0.290530
vt 0.466732 0.294974
vt 0.456608 0.300822
vt 0.456793 0.290535
vt 0.456775 0.280728
vt 0.466424 0.278529
vt 0.473777 0.277770
vt 0.776728 0.709500
vt 0.765576 0.702765
vt 0.757392 0.694631
vt 0.899950 0.859475
vt 0.890265 0.871329
vt 0.890879 0.858729
vt 0.892095 0.847924
vt 0.901167 0.848670
vt 0.459551 0.324168
vt 0.449637 0.336147
vt 0.457858 0.310267
vt 0.034462 0.743983
vt 0.033776 0.730892
vt 0.043142 0.729697
vt 0.042797 0.739906
vt 0.761220 0.467163
vt 0.755127 0.460576
vt 0.758385 0.452308
vt 0.767114 0.458098
vt 0.560115 0.589693
vt 0.560965 0.558674
vt 0.569793 0.551098
vt 0.569010 0.581105
vt 0.574296 0.597015
vt 0.569426 0.607947
vt 0.790866 0.403946
vt 0.775749 0.411299
vt 0.786222 0.401633
vt 0.653100 0.600665
vt 0.655010 0.586248
vt 0.666050 0.591870
vt 0.661810 0.610258
vt 0.572133 0.529407
vt 0.566375 0.520557
vt 0.576216 0.512923
vt 0.584046 0.521897
vt 0.587407 0.535731
vt 0.577877 0.538185
vt 0.563372 0.535971
vt 0.187876 0.598566
vt 0.033920 0.715398
vt 0.031830 0.705500
vt 0.043335 0.716254
vt 0.032388 0.691819
vt 0.032326 0.679987
vt 0.042284 0.684864
vt 0.042194 0.693463
vt 0.042674 0.704188
vt 0.034096 0.676556
vt 0.043557 0.663844
vt 0.043360 0.674178
vt 0.860180 0.753221
vt 0.849502 0.751807
vt 0.319497 0.617817
vt 0.316808 0.623773
vt 0.301408 0.623771
vt 0.296073 0.609832
vt 0.657865 0.556365
vt 0.666050 0.557681
vt 0.646935 0.582788
vt 0.647599 0.554877
vt 0.648530 0.539339
vt 0.658859 0.539791
vt 0.643155 0.506554
vt 0.654170 0.513403
vt 0.645427 0.521409
vt 0.632449 0.512293
vt 0.630844 0.505085
vt 0.639420 0.500282
vt 0.989779 0.849240
vt 0.976693 0.848848
vt 0.982729 0.840289
vt 0.765590 0.445559
vt 0.744302 0.443186
vt 0.752256 0.432480
vt 0.767561 0.427989
vt 0.771772 0.440636
vt 0.772380 0.452938
vt 0.778172 0.427718
vt 0.456669 0.270713
vt 0.467220 0.269918
vt 0.449092 0.283253
vt 0.447705 0.275393
vt 0.891173 0.883608
vt 0.883623 0.882541
vt 0.882770 0.871296
vt 0.784307 0.717117
vt 0.793168 0.734366
vt 0.779307 0.742677
vt 0.772690 0.732493
vt 0.766360 0.724450
vt 0.736972 0.420765
vt 0.755882 0.418402
vt 0.763662 0.405060
vt 0.655578 0.525017
vt 0.635141 0.537593
vt 0.633866 0.523955
vt 0.962022 0.009406
vt 0.962541 0.002490
vt 0.973635 0.004002
vt 0.584997 0.505108
vt 0.591911 0.511924
vt 0.755850 0.716773
vt 0.746953 0.707895
vt 0.042847 0.655754
vt 0.059633 0.658564
vt 0.060241 0.665472
vt 0.579209 0.550764
vt 0.577318 0.581697
vt 0.588615 0.550381
vt 0.586791 0.580302
vt 0.884533 0.848994
vt 0.883384 0.858696
vt 0.592259 0.489168
vt 0.601900 0.484571
vt 0.602525 0.492003
vt 0.595076 0.494629
vt 0.952520 0.012908
vt 0.954211 0.006701
vt 0.449117 0.292761
vt 0.614462 0.483266
vt 0.625735 0.486020
vt 0.623247 0.493243
vt 0.612953 0.491611
vt 0.770418 0.393544
vt 0.751930 0.400223
vt 0.757568 0.391036
vt 0.759505 0.382010
vt 0.772575 0.383961
vt 0.835480 0.459395
vt 0.831901 0.447520
vt 0.841942 0.447083
vt 0.846052 0.457041
vt 0.602156 0.550199
vt 0.601058 0.585361
vt 0.754067 0.737622
vt 0.745666 0.729033
vt 0.060734 0.729080
vt 0.061029 0.716820
vt 0.072802 0.717209
vt 0.070359 0.729383
vt 0.073459 0.738220
vt 0.060417 0.737396
vt 0.740006 0.451270
vt 0.732072 0.425768
vt 0.642370 0.589863
vt 0.622759 0.587722
vt 0.621847 0.551400
vt 0.635246 0.553193
vt 0.606306 0.514935
vt 0.594512 0.503928
vt 0.605733 0.507766
vt 0.867336 0.966048
vt 0.874054 0.965616
vt 0.876068 0.978992
vt 0.868387 0.980529
vt 0.620875 0.514767
vt 0.622349 0.525369
vt 0.607843 0.524502
vt 0.595400 0.523710
vt 0.610278 0.536130
vt 0.597778 0.536398
vt 0.839784 0.388839
vt 0.838537 0.395450
vt 0.828618 0.395817
vt 0.828998 0.383816
vt 0.790593 0.753519
vt 0.797613 0.761469
vt 0.784472 0.765920
vt 0.778274 0.758942
vt 0.762880 0.750153
vt 0.805461 0.743490
vt 0.061534 0.704008
vt 0.062323 0.693718
vt 0.075233 0.695252
vt 0.074420 0.704517
vt 0.619270 0.507559
vt 0.606244 0.499550
vt 0.616667 0.499134
vt 0.625014 0.498570
vt 0.875017 0.990873
vt 0.867336 0.992409
vt 0.622712 0.536874
vt 0.062179 0.684647
vt 0.061029 0.673719
vt 0.072905 0.675290
vt 0.074030 0.685192
vt 0.069944 0.665932
vt 0.601121 0.498181
vt 0.586510 0.498134
vt 0.631341 0.496798
vt 0.634741 0.491709
vt 0.841562 0.432827
vt 0.829585 0.433310
vt 0.828207 0.411595
vt 0.841090 0.411124
vt 0.612522 0.550842
vt 0.817788 0.432620
vt 0.816541 0.412973
vt 0.817206 0.399194
vt 0.848995 0.215520
vt 0.855414 0.212036
vt 0.854526 0.228631
vt 0.847726 0.231126
vt 0.836387 0.227452
vt 0.836387 0.214493
vt 0.846092 0.541674
vt 0.832892 0.541561
vt 0.833610 0.528310
vt 0.846926 0.526910
vt 0.749178 0.993877
vt 0.739872 0.991301
vt 0.737728 0.977919
vt 0.749178 0.978045
vt 0.819972 0.444762
vt 0.811505 0.443759
vt 0.808293 0.431675
vt 0.748860 0.746607
vt 0.742562 0.741709
vt 0.620177 0.823725
vt 0.619154 0.808709
vt 0.624596 0.808837
vt 0.627819 0.821317
vt 0.802871 0.592722
vt 0.798954 0.596186
vt 0.785136 0.593536
vt 0.784865 0.585560
vt 0.737728 0.713719
vt 0.081807 0.719360
vt 0.084460 0.706632
vt 0.747336 0.624545
vt 0.754961 0.614487
vt 0.760473 0.621957
vt 0.753556 0.632773
vt 0.748126 0.643653
vt 0.742715 0.633249
vt 0.078124 0.729206
vt 0.746439 0.652457
vt 0.739582 0.642016
vt 0.877008 0.590001
vt 0.888834 0.592454
vt 0.890341 0.611142
vt 0.878844 0.609442
vt 0.867459 0.607190
vt 0.863431 0.586884
vt 0.167088 0.811492
vt 0.162767 0.799402
vt 0.172768 0.794358
vt 0.179089 0.805226
vt 0.740296 0.394881
vt 0.748103 0.383775
vt 0.793561 0.601093
vt 0.780855 0.605762
vt 0.772359 0.599659
vt 0.764653 0.594367
vt 0.773676 0.588813
vt 0.807177 0.414096
vt 0.179531 0.774984
vt 0.181063 0.792563
vt 0.171145 0.775745
vt 0.808936 0.401293
vt 0.161434 0.758853
vt 0.172542 0.751561
vt 0.181623 0.760148
vt 0.174360 0.762919
vt 0.161434 0.772434
vt 0.818521 0.544509
vt 0.820318 0.529203
vt 0.085170 0.696185
vt 0.083996 0.684232
vt 0.761819 0.606631
vt 0.766673 0.611875
vt 0.564011 0.778578
vt 0.574910 0.757923
vt 0.581415 0.760701
vt 0.573324 0.779746
vt 0.572356 0.793404
vt 0.562646 0.793630
vt 0.557719 0.794204
vt 0.558475 0.778390
vt 0.566061 0.758441
vt 0.755358 0.643838
vt 0.762921 0.633741
vt 0.595465 0.759967
vt 0.595909 0.778917
vt 0.634036 0.809914
vt 0.636055 0.821778
vt 0.621028 0.791618
vt 0.632232 0.792438
vt 0.653201 0.795257
vt 0.649389 0.812579
vt 0.648973 0.823725
vt 0.656459 0.811477
vt 0.655657 0.823521
vt 0.787947 0.611854
vt 0.780480 0.613019
vt 0.765942 0.608104
vt 0.850889 0.509071
vt 0.835886 0.510109
vt 0.836743 0.494837
vt 0.848506 0.494721
vt 0.978028 0.438910
vt 0.975858 0.452540
vt 0.966804 0.451400
vt 0.967701 0.436847
vt 0.858836 0.508530
vt 0.855961 0.525892
vt 0.084610 0.980301
vt 0.084610 0.994049
vt 0.076386 0.990809
vt 0.076367 0.978099
vt 0.959892 0.438965
vt 0.959892 0.452358
vt 0.614730 0.790926
vt 0.617546 0.776756
vt 0.623284 0.778319
vt 0.167201 0.980995
vt 0.167244 0.988174
vt 0.160484 0.995403
vt 0.161227 0.983627
vt 0.766066 0.626480
vt 0.760632 0.613063
vt 0.770808 0.614855
vt 0.774017 0.628929
vt 0.557719 0.926001
vt 0.564094 0.928886
vt 0.562054 0.947739
vt 0.557719 0.945157
vt 0.603095 0.757923
vt 0.605658 0.777910
vt 0.795991 0.652457
vt 0.783672 0.651376
vt 0.783922 0.641042
vt 0.794836 0.642112
vt 0.298028 0.991097
vt 0.297901 0.981833
vt 0.305113 0.976706
vt 0.305113 0.995356
vt 0.804084 0.633702
vt 0.803527 0.646839
vt 0.793025 0.632540
vt 0.641882 0.930461
vt 0.631479 0.927492
vt 0.634702 0.913374
vt 0.643633 0.918540
vt 0.235804 0.908774
vt 0.235805 0.895429
vt 0.242614 0.897239
vt 0.242614 0.910584
vt 0.242000 0.925048
vt 0.235190 0.923238
vt 0.228066 0.922551
vt 0.225890 0.909919
vt 0.224495 0.897489
vt 0.856187 0.604386
vt 0.854708 0.585560
vt 0.866586 0.623570
vt 0.854708 0.621440
vt 0.584226 0.943936
vt 0.583040 0.958801
vt 0.573420 0.962373
vt 0.574606 0.947509
vt 0.571165 0.928809
vt 0.579818 0.929168
vt 0.878792 0.626454
vt 0.890130 0.626572
vt 0.886688 0.639200
vt 0.877684 0.639256
vt 0.866487 0.638447
vt 0.780512 0.632835
vt 0.785873 0.626409
vt 0.624482 0.910273
vt 0.622169 0.927374
vt 0.614730 0.926991
vt 0.614878 0.911170
vt 0.614730 0.896362
vt 0.625325 0.895370
vt 0.636131 0.898357
vt 0.660215 0.823597
vt 0.663467 0.807147
vt 0.821755 0.511610
vt 0.810761 0.529439
vt 0.810761 0.511617
vt 0.812931 0.496509
vt 0.823451 0.495730
vt 0.595550 0.793338
vt 0.604502 0.792679
vt 0.599526 0.804810
vt 0.592668 0.803237
vt 0.574697 0.803915
vt 0.658680 0.794438
vt 0.651941 0.782035
vt 0.656390 0.780626
vt 0.661423 0.777474
vt 0.664272 0.790414
vt 0.633544 0.780907
vt 0.629651 0.767814
vt 0.636132 0.772784
vt 0.647710 0.773143
vt 0.567506 0.806223
vt 0.579339 0.809473
vt 0.575967 0.814418
vt 0.569534 0.817158
vt 0.562078 0.808333
vt 0.967423 0.464914
vt 0.973805 0.463177
vt 0.976204 0.469345
vt 0.969054 0.474277
vt 0.960872 0.475317
vt 0.960260 0.464819
vt 0.623230 0.765712
vt 0.631222 0.758666
vt 0.641260 0.757923
vt 0.646721 0.766917
vt 0.240423 0.839617
vt 0.242543 0.854070
vt 0.235219 0.856898
vt 0.233829 0.846557
vt 0.560755 0.962547
vt 0.938168 0.669208
vt 0.950668 0.670234
vt 0.948382 0.680669
vt 0.937957 0.680681
vt 0.609602 0.795043
vt 0.604230 0.808568
vt 0.609749 0.778465
vt 0.836656 0.483266
vt 0.844567 0.485319
vt 0.825639 0.483780
vt 0.962942 0.192419
vt 0.961634 0.201780
vt 0.953310 0.196499
vt 0.955641 0.188190
vt 0.856037 0.636275
vt 0.955718 0.686878
vt 0.959988 0.696190
vt 0.951498 0.704542
vt 0.948289 0.695225
vt 0.945152 0.689003
vt 0.959089 0.676431
vt 0.234394 0.934691
vt 0.241203 0.936501
vt 0.240930 0.943923
vt 0.234013 0.943144
vt 0.228566 0.942675
vt 0.228772 0.932056
vt 0.880219 0.645603
vt 0.868215 0.648892
vt 0.588482 0.810141
vt 0.987324 0.348944
vt 0.985376 0.341968
vt 0.991870 0.336749
vt 0.993516 0.349008
vt 0.991313 0.362048
vt 0.985376 0.356664
vt 0.955096 0.224528
vt 0.957266 0.234878
vt 0.945866 0.233682
vt 0.944743 0.224379
vt 0.944743 0.214035
vt 0.953044 0.214149
vt 0.958337 0.210058
vt 0.963539 0.219436
vt 0.625204 0.884672
vt 0.634913 0.886722
vt 0.656211 0.766610
vt 0.240778 0.869692
vt 0.233829 0.865243
vt 0.952097 0.205838
vt 0.817507 0.486333
vt 0.577779 0.820757
vt 0.590730 0.814305
vt 0.586314 0.820662
vt 0.940084 0.709732
vt 0.937913 0.702491
vt 0.944116 0.702497
vt 0.947348 0.709732
vt 0.596439 0.817432
vt 0.936827 0.692123
vt 0.944847 0.204699
vt 0.946046 0.196399
vt 0.947340 0.188075
vt 0.197624 0.978366
vt 0.202955 0.990300
vt 0.197624 0.993842
vt 0.522520 0.446458
vt 0.132155 0.906651
vt 0.136838 0.908609
vt 0.132155 0.920432
vt 0.270661 0.489291
vt 0.867606 0.729183
vt 0.904588 0.698624
vt 0.920126 0.679972
vt 0.917293 0.669208
vt 0.257239 0.542249
vt 0.690102 0.150949
vt 0.589207 0.968566
vt 0.442262 0.800130
vt 0.991527 0.415361
vt 0.515818 0.440489
vt 0.767128 0.934704
vt 0.674317 0.217307
vt 0.181937 0.885323
vt 0.181937 0.901350
vt 0.178144 0.890369
vt 0.753295 0.153357
vt 0.613177 0.264721
vt 0.606294 0.258520
vt 0.613177 0.256161
vt 0.777989 0.045342
vt 0.778296 0.070268
vt 0.568553 0.621078
vt 0.562589 0.616587
vt 0.562274 0.605322
vt 0.972862 0.871943
vt 0.994241 0.800070
vt 0.988644 0.813809
vt 0.988644 0.796519
vt 0.452390 0.321251
vt 0.791690 0.386470
vt 0.796131 0.391348
vt 0.856637 0.761698
vt 0.993925 0.945439
vt 0.988079 0.930784
vt 0.993925 0.928096
vt 0.948429 0.645075
vt 0.948429 0.663501
vt 0.942968 0.647904
vt 0.447705 0.351940
vt 0.657296 0.583408
vt 0.653123 0.600784
vt 0.647183 0.596412
vt 0.918538 0.834998
vt 0.918538 0.824637
vt 0.925100 0.832786
vt 0.783106 0.393642
vt 0.585277 0.588623
vt 0.571187 0.580409
vt 0.187315 0.993970
vt 0.187315 0.978366
vt 0.192643 0.984516
vt 0.732461 0.438627
vt 0.637022 0.592757
vt 0.578745 0.593407
vt 0.572252 0.597035
vt 0.846052 0.382010
vt 0.740927 0.703566
vt 0.738756 0.407771
vt 0.761728 0.760014
vt 0.436511 0.725569
vt 0.436511 0.738722
vt 0.423967 0.733178
vt 0.160484 0.970080
vt 0.809857 0.112976
vt 0.816817 0.119506
vt 0.809857 0.124484
vt 0.797498 0.112976
vt 0.804876 0.112976
vt 0.804162 0.124134
vt 0.861017 0.653873
vt 0.862188 0.663757
vt 0.854708 0.663757
vt 0.781704 0.618911
vt 0.649060 0.760665
vt 0.557719 0.611098
s 1
usemtl Material.003
f 1/1/1 2/2/1 3/3/1 4/4/1
f 1/1/2 4/4/2 5/5/2 6/6/2
f 1/1/3 6/6/3 7/7/3 8/8/3
f 1/1/4 8/8/4 9/9/4 2/2/4
f 10/10/5 11/11/5 12/12/5 13/13/5
f 10/14/6 13/15/6 14/16/6 15/17/6
f 10/18/7 15/19/7 16/20/7 3/21/7
f 10/10/8 3/3/8 2/2/8 11/11/8
f 9/9/9 8/8/9 17/22/9 18/23/9
f 9/9/10 18/23/10 19/24/10 20/25/10
f 9/9/11 12/12/11 11/11/11 2/2/11
f 5/26/12 4/27/12 21/28/12 22/29/12
f 5/30/13 23/31/13 24/32/13 25/33/13
f 5/5/14 25/34/14 7/7/14 6/6/14
f 16/20/15 15/19/15 26/35/15 27/36/15
f 16/20/16 27/36/16 28/37/16 21/28/16
f 16/20/17 21/28/17 4/27/17 3/21/17
f 29/38/18 7/7/18 25/34/18 30/39/18
f 29/40/19 30/41/19 31/42/19 32/43/19
f 29/44/20 32/45/20 33/46/20 17/47/20
f 29/38/21 17/22/21 8/8/21 7/7/21
f 34/48/22 35/49/22 36/50/22 37/51/22
f 34/48/23 37/51/23 38/52/23 39/53/23
f 34/48/24 39/53/24 40/54/24 41/55/24
f 34/48/25 41/55/25 42/56/26 35/49/27
f 43/57/28 35/49/27 42/56/26 44/58/28
f 43/57/29 45/59/29 46/60/29 47/61/29
f 43/57/30 47/61/30 36/50/30 35/49/30
f 19/62/31 18/63/31 48/64/31 49/65/31
f 19/62/32 49/65/32 50/66/32 13/15/32
f 19/24/33 13/13/33 12/12/33 20/25/33
f 38/67/34 37/68/34 51/69/34 52/70/34
f 38/71/35 53/72/35 54/73/35 55/74/35
f 38/52/36 55/75/36 40/54/36 39/53/36
f 56/76/37 41/55/37 40/54/37 55/75/37
f 56/77/38 55/74/38 54/73/38 57/78/38
f 56/79/39 57/80/39 58/81/39 59/82/39
f 56/76/40 59/83/40 42/56/40 41/55/40
f 60/84/41 44/58/41 42/56/41 59/83/41
f 60/85/42 59/82/42 58/81/42 61/86/42
f 60/87/43 61/88/43 62/89/43 63/90/43
f 46/60/44 45/59/44 44/58/44 63/91/44
f 46/92/45 63/90/45 64/93/45 65/94/45
f 46/92/46 66/95/46 67/96/46 47/97/46
f 68/98/47 36/99/47 47/100/47 67/101/47
f 68/98/48 67/101/48 69/102/48 70/103/48
f 68/98/49 70/103/49 71/104/49 51/69/49
f 68/98/50 51/69/50 37/68/50 36/99/50
f 24/32/51 23/31/51 72/105/51 73/106/51
f 24/32/52 73/106/52 74/107/52 31/42/52
f 24/32/53 31/42/53 30/41/53 25/33/53
f 75/108/54 76/109/54 77/110/54 78/111/54
f 75/108/55 78/111/55 79/112/55 80/113/55
f 75/108/56 80/113/56 81/114/56 82/115/56
f 75/108/57 82/115/57 83/116/57 76/109/57
f 33/46/58 32/45/58 84/117/58 85/118/58
f 33/46/59 85/118/59 86/119/59 48/120/59
f 33/46/60 48/120/60 18/121/60 17/47/60
f 87/122/61 88/123/61 89/124/61 90/125/61
f 87/122/62 90/125/62 91/126/62 92/127/62
f 87/122/63 92/127/63 93/128/63 94/129/63
f 87/122/64 94/129/64 95/130/64 88/123/64
f 96/131/65 88/123/65 95/130/65 97/132/65
f 96/131/66 97/132/66 98/133/66 99/134/66
f 96/131/67 99/134/67 100/135/67 101/136/67
f 96/131/61 101/136/61 89/124/61 88/123/61
f 102/137/68 89/124/68 101/136/68 103/138/68
f 102/139/69 103/140/69 104/141/69 105/142/69
f 102/139/50 105/142/50 106/143/50 107/144/50
f 102/137/70 107/145/70 90/125/70 89/124/70
f 108/146/71 91/126/71 90/125/71 107/145/71
f 108/147/72 107/144/72 106/143/72 109/148/72
f 108/149/73 110/150/73 111/151/73 93/152/73
f 108/146/74 93/128/74 92/127/74 91/126/74
f 112/153/75 100/135/75 99/134/75 98/133/75
f 112/154/76 98/155/76 113/156/76 114/157/76
f 112/154/77 115/158/77 104/159/77 103/160/77
f 112/153/78 103/138/78 101/136/78 100/135/78
f 116/161/79 83/116/79 82/115/79 117/162/79
f 116/163/80 117/164/80 118/165/80 119/166/80
f 116/163/81 119/166/81 120/167/81 77/168/81
f 116/161/82 77/110/82 76/109/82 83/116/82
f 121/169/83 81/114/83 122/170/83 123/171/83
f 121/172/84 123/173/84 124/174/84 125/175/84
f 121/176/85 126/177/85 118/165/85 117/164/85
f 121/169/86 117/162/86 82/115/86 81/114/86
f 127/178/87 80/113/87 79/112/87 128/179/87
f 127/178/88 128/179/88 129/180/88 130/181/88
f 127/178/89 130/181/89 131/182/89 122/170/89
f 127/178/90 122/170/90 81/114/90 80/113/90
f 132/183/91 14/16/91 13/15/91 50/66/91
f 132/183/92 50/66/92 133/184/92 134/185/92
f 132/183/93 134/185/93 135/186/93 136/187/93
f 132/183/94 26/188/94 15/17/94 14/16/94
f 137/189/95 78/190/95 77/191/95 120/192/95
f 137/189/96 120/192/96 138/193/96 139/194/96
f 137/189/97 139/194/97 140/195/97 141/196/97
f 137/189/98 141/196/98 79/197/98 78/190/98
f 142/198/99 131/182/99 130/181/99 129/180/99
f 142/199/100 129/200/100 143/201/100 144/202/100
f 142/203/101 145/204/101 124/174/101 123/173/101
f 142/198/102 123/171/102 122/170/102 131/182/102
f 146/205/103 94/206/103 93/152/103 111/151/103
f 146/205/104 111/151/104 147/207/104 148/208/104
f 146/209/105 148/210/105 149/211/105 150/212/105
f 146/213/106 150/214/106 95/130/106 94/129/106
f 151/215/107 97/216/107 95/217/107 150/212/107
f 151/215/108 150/212/108 149/211/109 152/218/110
f 151/215/111 152/218/111 153/219/111 113/220/111
f 151/215/112 113/220/112 98/221/112 97/216/112
f 62/222/113 61/86/113 154/223/113 155/224/113
f 62/89/114 155/225/114 156/226/114 64/93/114
f 157/227/115 141/196/115 140/195/115 158/228/115
f 157/227/116 158/228/116 159/229/116 160/230/116
f 157/231/117 160/232/117 128/233/117 79/234/117
f 143/201/118 129/200/118 128/233/118 160/232/118
f 143/201/119 160/232/119 159/235/119 161/236/119
f 143/201/120 161/236/120 162/237/120 144/202/120
f 163/238/121 22/29/121 21/28/121 28/37/121
f 163/238/122 28/37/122 164/239/122 165/240/122
f 163/241/123 166/242/123 23/31/123 22/243/123
f 86/244/124 85/245/124 167/246/124 168/247/124
f 86/244/125 168/247/126 169/248/126 170/249/127
f 86/119/128 171/250/128 49/251/128 48/120/128
f 172/252/129 52/70/129 51/69/129 71/104/129
f 172/252/130 71/104/130 173/253/130 174/254/130
f 172/255/131 175/256/131 53/72/131 52/257/131
f 176/258/132 66/95/132 65/94/132 177/259/132
f 176/260/133 178/261/133 179/262/133 69/263/133
f 176/258/134 69/264/134 67/96/134 66/95/134
f 84/117/135 32/45/135 31/265/135 74/266/135
f 84/267/136 180/268/136 181/269/136 182/270/136
f 84/271/137 182/272/137 167/246/137 85/245/137
f 183/273/138 54/73/138 53/72/138 175/256/138
f 183/274/139 184/275/139 185/276/139 186/277/139
f 183/274/140 186/277/140 187/278/140 188/279/140
f 189/280/141 188/279/141 190/281/141 191/282/141
f 189/280/142 191/282/142 192/283/142 193/284/142
f 189/285/143 193/286/143 58/81/143 57/80/143
f 154/223/144 61/86/144 58/81/144 193/286/144
f 154/287/145 193/284/145 192/283/145 194/288/145
f 195/289/146 166/290/146 196/291/146 197/292/146
f 195/293/147 197/294/147 198/295/147 199/296/147
f 195/293/148 199/296/148 200/297/148 72/105/148
f 195/293/149 72/105/149 23/31/149 166/242/149
f 133/184/150 50/66/150 49/65/150 171/298/150
f 133/299/151 171/300/151 170/249/151 201/301/151
f 133/299/152 201/301/152 187/278/152 186/277/152
f 133/299/153 186/277/153 185/276/153 202/302/153
f 203/303/154 110/304/154 109/148/154 204/305/154
f 203/303/155 204/305/155 205/306/155 206/307/155
f 203/308/156 206/309/156 207/310/156 147/207/156
f 203/308/157 147/207/157 111/151/157 110/150/157
f 208/311/158 106/143/158 105/142/158 209/312/158
f 208/311/159 209/312/159 210/313/159 211/314/159
f 208/311/160 211/314/160 205/306/160 204/305/160
f 208/311/161 204/305/161 109/148/161 106/143/161
f 212/315/162 104/159/162 115/158/162 213/316/162
f 212/315/163 213/316/163 214/317/163 215/318/163
f 212/319/164 215/320/164 210/313/164 209/312/164
f 212/319/165 209/312/165 105/142/165 104/141/165
f 156/226/166 155/225/166 216/321/166 217/322/166
f 156/226/167 217/322/167 218/323/167 219/324/167
f 156/226/168 219/324/168 220/325/168 221/326/168
f 156/226/169 221/326/169 65/94/169 64/93/169
f 222/327/170 177/259/170 65/94/170 221/326/170
f 222/327/171 221/326/171 220/325/171 223/328/171
f 222/327/172 223/328/172 224/329/172 225/330/172
f 222/327/173 225/330/173 226/331/173 177/259/173
f 227/332/174 114/157/174 113/156/174 153/333/174
f 227/332/175 153/333/175 228/334/175 229/335/175
f 227/332/176 229/335/176 214/317/176 213/316/176
f 227/332/177 213/316/177 115/158/177 114/157/177
f 230/336/178 119/166/178 118/165/178 231/337/178
f 230/336/179 231/337/179 232/338/179 233/339/179
f 230/340/180 233/341/180 234/342/180 138/343/180
f 230/336/181 138/344/181 120/167/181 119/166/181
f 235/345/182 126/177/182 125/346/182 236/347/182
f 235/345/183 237/348/183 232/338/183 231/337/183
f 235/345/184 231/337/184 118/165/184 126/177/184
f 238/349/185 124/174/185 145/204/185 239/350/185
f 238/351/186 239/352/186 240/353/186 241/354/186
f 238/351/187 241/354/187 242/355/187 236/356/187
f 238/349/188 236/357/188 125/175/188 124/174/188
f 162/237/189 161/236/189 243/358/189 244/359/189
f 162/360/190 239/350/190 145/204/190 144/361/190
f 245/362/191 169/248/191 246/363/191 247/364/191
f 245/362/192 247/364/192 248/365/192 249/366/192
f 245/362/193 249/366/193 191/282/193 190/281/193
f 245/362/61 190/281/61 170/249/61 169/248/61
f 190/281/194 187/278/194 201/301/194 170/249/194
f 242/355/195 246/363/195 169/248/195 168/247/195
f 242/355/196 168/247/196 167/246/196 236/356/196
f 250/367/197 27/36/197 26/35/197 136/368/197
f 250/369/198 251/370/198 196/371/198 164/372/198
f 250/367/199 164/239/199 28/37/199 27/36/199
f 252/373/200 247/364/200 246/363/200 241/354/200
f 252/373/201 241/354/201 240/353/201 253/374/201
f 252/373/202 253/374/202 207/375/202 206/376/202
f 252/373/203 206/376/203 248/365/203 247/364/203
f 254/377/204 70/103/204 69/102/204 179/378/204
f 254/379/205 179/262/205 226/380/205 255/381/205
f 254/379/206 255/381/206 256/382/206 173/383/206
f 254/377/207 173/253/207 71/104/207 70/103/207
f 205/384/208 257/385/208 192/283/208 249/366/208
f 258/386/209 148/208/209 147/207/209 207/310/209
f 258/387/210 207/375/210 253/374/210 259/388/210
f 258/389/211 259/390/211 260/391/211 261/392/211
f 258/389/212 262/393/212 149/211/212 148/210/212
f 263/394/213 152/218/110 149/211/109 262/393/213
f 263/394/214 262/393/214 264/395/214 265/396/214
f 263/394/215 265/396/215 266/397/215 228/398/215
f 263/394/216 228/398/216 153/219/216 152/218/216
f 267/399/217 139/194/217 138/193/217 234/400/217
f 267/401/218 234/342/218 233/341/218 268/402/218
f 267/399/219 269/403/219 140/195/219 139/194/219
f 270/404/220 158/228/220 140/195/220 269/403/220
f 270/404/221 269/403/221 271/405/221 272/406/221
f 270/404/222 272/406/222 273/407/222 274/408/222
f 270/404/223 274/408/223 159/229/223 158/228/223
f 243/358/224 161/236/224 159/235/224 274/409/224
f 243/358/225 274/409/225 273/410/225 275/411/225
f 256/412/226 255/413/226 277/414/226 278/415/226
f 256/412/227 184/416/227 175/417/227 174/418/227
f 280/419/228 240/353/228 239/352/228 244/420/228
f 280/421/229 244/359/229 276/422/229 281/423/229
f 280/421/230 281/423/230 260/391/230 259/390/230
f 280/419/231 259/388/231 253/374/231 240/353/231
f 282/424/232 251/425/232 136/426/232 135/427/232
f 282/424/233 135/427/233 283/428/233 284/429/233
f 282/424/234 284/429/234 285/430/234 286/431/234
f 282/424/235 286/431/235 196/291/235 251/425/235
f 287/432/236 210/433/236 215/434/236 288/435/236
f 287/436/237 288/437/237 289/438/237 290/439/237
f 287/436/238 290/439/238 291/440/238 257/441/238
f 287/436/239 257/441/239 211/314/239 210/313/239
f 292/442/240 228/334/240 293/443/240 294/444/240
f 292/442/241 294/444/241 289/445/241 288/446/241
f 292/447/242 288/435/242 215/434/242 214/448/242
f 291/449/243 295/450/243 216/321/243 194/451/243
f 291/449/244 194/451/244 192/452/244 257/453/244
f 233/339/245 182/454/245 181/455/245 296/456/245
f 233/457/246 296/458/246 297/459/246 268/460/246
f 283/428/247 135/427/247 134/461/247 202/462/247
f 283/428/248 202/462/248 185/463/248 298/464/248
f 283/428/249 298/464/249 299/465/249 300/466/249
f 277/414/250 255/413/250 226/467/250 225/468/250
f 277/414/251 225/468/251 224/469/251 301/470/251
f 277/414/252 301/470/252 302/471/252 278/415/252
f 297/459/253 296/458/253 303/472/253 304/473/253
f 297/459/254 304/473/254 305/474/254 271/405/254
f 297/459/255 271/405/255 269/403/255 268/460/255
f 197/292/256 286/431/256 285/430/256 306/475/256
f 298/464/257 185/463/257 184/416/257 279/476/257
f 298/464/258 279/476/258 278/415/258 307/477/258
f 264/395/259 308/478/259 309/479/259 310/480/259
f 264/395/260 310/480/260 311/481/260 265/396/260
f 266/397/261 265/396/261 311/481/261 312/482/261
f 266/483/262 312/484/262 313/485/262 293/443/262
f 314/486/263 275/411/263 315/487/263 316/488/263
f 314/486/264 316/488/264 317/489/264 318/490/264
f 314/486/265 318/490/265 281/423/265 276/422/265
f 319/491/266 260/391/266 281/423/266 318/490/266
f 319/491/267 318/490/268 317/489/268 320/492/269
f 319/491/267 320/492/269 309/479/270 308/478/270
f 319/491/271 308/478/271 261/392/271 260/391/271
f 321/493/272 73/106/272 72/105/272 200/297/272
f 321/493/273 322/494/273 323/495/273 324/496/273
f 321/493/274 324/496/274 181/269/274 180/268/274
f 321/493/275 180/268/275 74/107/275 73/106/275
f 325/497/276 324/496/276 323/495/276 326/498/276
f 325/499/277 326/500/277 327/501/277 303/502/277
f 325/499/278 303/502/278 296/456/278 181/455/278
f 328/503/279 272/406/279 271/405/279 305/474/279
f 328/503/280 305/474/280 329/504/280 330/505/280
f 328/503/281 330/505/281 331/506/281 332/507/281
f 328/503/282 332/507/282 273/407/282 272/406/282
f 315/487/283 275/411/283 273/410/283 332/508/283
f 315/487/284 332/508/284 331/509/284 333/510/284
f 315/487/285 333/510/285 334/511/285 316/488/285
f 335/512/286 294/444/286 293/443/286 313/485/286
f 335/512/287 313/485/287 336/513/287 337/514/287
f 335/512/288 337/514/288 338/515/288 339/516/288
f 335/512/289 339/516/289 289/445/289 294/444/289
f 340/517/290 290/518/290 289/445/290 339/516/290
f 340/517/291 339/516/291 338/515/291 341/519/291
f 340/517/292 341/519/292 342/520/292 343/521/292
f 340/522/293 343/523/293 295/524/293 290/439/293
f 302/471/294 346/525/294 307/477/294 278/415/294
f 343/521/295 342/520/295 218/323/295 217/322/295
f 343/521/296 217/322/296 216/321/296 295/450/296
f 347/526/297 300/466/297 299/465/297 348/527/297
f 347/528/298 348/529/298 349/530/298 350/531/298
f 347/528/299 350/531/299 351/532/299 352/533/299
f 347/526/300 352/534/300 284/429/300 300/466/300
f 353/535/301 285/430/301 284/429/301 352/534/301
f 353/536/302 352/533/302 351/532/302 354/537/302
f 353/536/303 354/537/303 355/538/303 356/539/303
f 353/535/304 356/540/304 306/475/304 285/430/304
f 346/541/305 345/542/305 357/543/305 358/544/305
f 346/541/306 358/544/306 349/530/306 348/529/306
f 346/525/307 348/527/307 299/465/307 307/477/307
f 359/545/308 349/530/308 358/544/308 360/546/308
f 359/545/309 360/546/309 361/547/309 362/548/309
f 359/545/310 362/548/310 363/549/310 364/550/310
f 359/545/311 364/550/311 350/531/311 349/530/311
f 365/551/312 309/479/312 320/492/312 366/552/312
f 365/551/313 367/553/313 368/554/313 369/555/313
f 365/551/314 369/555/314 310/480/314 309/479/314
f 370/556/315 311/481/315 310/480/315 369/555/315
f 370/556/316 369/555/316 368/554/316 371/557/316
f 370/556/317 371/557/317 372/558/317 373/559/317
f 370/556/318 373/559/318 312/482/318 311/481/318
f 336/513/319 313/485/319 312/484/319 373/560/319
f 336/513/320 373/560/320 372/561/320 374/562/320
f 336/513/321 374/562/321 375/563/321 337/514/321
f 376/564/322 304/473/322 303/472/322 327/565/322
f 376/564/323 377/566/323 378/567/323 329/504/323
f 376/564/324 329/504/324 305/474/324 304/473/324
f 379/568/325 317/489/325 316/488/325 334/511/325
f 379/569/326 380/570/326 381/571/326 382/572/326
f 379/569/327 382/572/327 383/573/327 366/574/327
f 379/568/328 366/552/328 320/492/328 317/489/328
f 384/575/329 364/550/329 363/549/329 385/576/329
f 384/575/330 385/576/330 386/577/330 387/578/330
f 384/575/331 351/532/331 350/531/331 364/550/331
f 388/579/332 360/546/332 358/544/332 357/543/332
f 388/579/333 357/543/333 389/580/333 390/581/333
f 388/582/334 390/583/334 391/584/334 392/585/334
f 388/579/335 392/586/335 361/547/335 360/546/335
f 387/587/336 386/588/336 393/589/336 394/590/336
f 387/587/337 394/590/337 355/591/337 354/592/337
f 395/593/338 199/296/338 198/295/338 396/594/338
f 395/593/339 397/595/339 398/596/339 399/597/339
f 395/593/340 399/597/340 200/297/340 199/296/340
f 400/598/341 322/494/341 200/297/341 399/597/341
f 400/598/342 399/597/342 398/596/342 401/599/342
f 400/598/343 401/599/343 402/600/343 323/495/343
f 389/580/344 345/542/344 344/601/344 403/602/344
f 389/603/345 403/604/345 404/605/345 390/583/345
f 405/606/346 361/607/346 392/608/346 406/609/346
f 405/606/347 406/609/347 407/610/347 408/611/347
f 405/612/348 408/613/348 409/614/348 410/615/348
f 405/616/349 411/617/349 362/548/349 361/547/349
f 412/618/350 363/549/350 362/548/350 411/617/350
f 412/619/351 413/620/351 414/621/351 415/622/351
f 412/619/352 415/622/352 416/623/352 417/624/352
f 412/619/353 417/624/353 385/625/353 363/626/353
f 418/627/354 218/323/354 342/520/354 419/628/354
f 418/627/355 419/628/355 420/629/355 421/630/355
f 418/627/356 421/630/356 422/631/356 423/632/356
f 418/627/357 423/632/357 424/633/357 425/634/357
f 418/627/358 425/634/358 219/324/358 218/323/358
f 426/635/359 220/325/359 219/324/359 425/634/359
f 426/635/360 425/634/360 424/633/360 427/636/360
f 426/635/361 428/637/361 223/328/361 220/325/361
f 356/638/362 355/639/362 429/640/362 430/641/362
f 356/642/363 430/643/363 397/644/363 396/645/363
f 356/540/364 396/646/364 198/647/364 306/475/364
f 344/648/365 301/470/365 224/469/365 431/649/365
f 344/650/366 432/651/366 433/652/366 403/653/366
f 434/654/367 413/620/367 411/655/367 410/656/367
f 434/654/368 410/656/368 409/657/368 435/658/368
f 434/654/369 435/658/369 414/621/369 413/620/369
f 224/329/370 223/328/370 428/637/370 431/659/370
f 436/660/371 326/498/371 323/495/371 402/600/371
f 436/661/372 437/662/372 378/663/372 377/664/372
f 436/661/373 377/664/373 327/665/373 326/666/373
f 438/667/374 330/505/374 329/504/374 378/567/374
f 438/667/375 378/567/375 437/668/375 439/669/375
f 438/667/376 440/670/376 331/506/376 330/505/376
f 441/671/377 333/510/377 331/509/377 440/672/377
f 441/673/378 440/670/378 439/669/378 442/674/378
f 441/671/379 442/675/379 443/676/379 380/677/379
f 441/671/380 380/677/380 334/511/380 333/510/380
f 375/563/381 374/562/381 444/678/381 420/629/381
f 375/563/382 420/629/382 419/628/382 445/679/382
f 375/563/383 445/679/383 338/515/383 337/514/383
f 419/628/384 341/519/384 338/515/384 445/679/384
f 446/680/385 386/681/385 385/625/385 417/624/385
f 446/680/386 417/624/386 416/623/386 447/682/386
f 446/683/387 447/684/387 393/589/387 386/588/387
f 391/584/388 390/583/388 404/605/388 448/685/388
f 391/584/389 448/685/389 449/686/389 450/687/389
f 391/584/390 450/687/390 406/688/390 392/585/390
f 451/689/391 383/690/391 452/691/391 453/692/391
f 451/689/392 453/692/392 454/693/392 455/694/392
f 451/695/393 455/696/393 367/697/393 366/574/393
f 394/698/394 457/699/394 458/700/394 459/701/394
f 429/702/395 459/703/395 458/704/395 460/705/395
f 429/702/396 460/705/396 461/706/396 430/643/396
f 462/707/397 382/708/397 381/709/397 463/710/397
f 462/707/398 463/710/398 464/711/398 465/712/398
f 462/707/399 465/712/399 466/713/399 452/691/399
f 462/707/400 452/691/400 383/690/400 382/708/400
f 444/678/401 374/562/401 372/561/401 371/714/401
f 444/715/402 371/557/402 368/554/402 467/716/402
f 444/678/403 467/717/403 468/718/403 469/719/403
f 470/720/404 433/721/404 471/722/404 472/723/404
f 470/720/405 472/723/405 473/724/405 404/605/405
f 474/725/406 455/726/406 454/727/406 475/728/406
f 474/725/407 475/728/407 476/729/407 477/730/407
f 474/725/408 477/730/408 478/731/408 479/732/408
f 474/725/409 479/732/409 367/733/409 455/726/409
f 479/734/410 478/735/410 468/736/410 467/716/410
f 479/734/411 467/716/411 368/554/411 367/553/411
f 449/686/412 448/685/412 480/737/412 481/738/412
f 449/739/413 481/740/413 482/741/413 407/610/413
f 449/739/414 407/610/414 406/609/414 450/742/414
f 483/743/415 381/744/415 380/745/415 443/746/415
f 483/743/416 443/746/416 484/747/416 485/748/416
f 483/743/417 485/748/417 486/749/417 464/750/417
f 483/743/418 464/750/418 463/751/418 381/744/418
f 480/737/419 473/724/419 487/752/419 488/753/419
f 480/737/420 488/753/420 489/754/420 481/738/420
f 490/755/421 453/692/421 452/691/421 466/713/421
f 490/755/422 466/713/422 491/756/422 492/757/422
f 490/755/423 492/757/423 476/758/423 475/759/423
f 490/755/424 475/759/424 454/693/424 453/692/424
f 493/760/425 402/600/425 401/599/425 494/761/425
f 493/760/426 496/762/426 442/674/426 439/669/426
f 497/763/427 447/682/427 416/623/427 498/764/427
f 497/763/428 498/764/428 499/765/428 500/766/428
f 497/767/429 500/768/429 501/769/429 456/770/429
f 497/767/430 456/770/430 393/589/430 447/684/430
f 424/771/431 423/772/431 422/773/431 502/774/431
f 424/771/432 502/774/432 503/775/432 432/776/432
f 504/777/433 461/706/433 505/778/433 506/779/433
f 504/780/434 508/781/434 398/782/434 397/783/434
f 509/784/435 469/785/435 468/786/435 510/787/435
f 509/784/436 510/787/436 511/788/436 512/789/436
f 509/784/437 512/789/437 422/773/437 421/790/437
f 509/791/438 421/630/438 420/629/438 469/719/438
f 513/792/439 415/622/439 414/621/439 514/793/439
f 513/792/440 516/794/440 499/765/440 498/764/440
f 513/792/441 498/764/441 416/623/441 415/622/441
f 517/795/442 435/658/442 409/657/442 518/796/442
f 517/795/443 518/796/443 519/797/443 520/798/443
f 517/795/444 520/798/444 515/799/444 514/793/444
f 517/795/445 514/793/445 414/621/445 435/658/445
f 521/800/446 408/611/446 407/610/446 482/741/446
f 521/800/447 482/741/447 522/801/447 523/802/447
f 521/803/448 518/804/448 409/614/448 408/613/448
f 503/805/449 526/806/449 527/807/449 471/808/449
f 503/805/450 471/808/450 433/652/450 432/651/450
f 528/809/451 401/810/451 398/782/451 508/781/451
f 528/809/452 508/781/452 529/811/452 530/812/452
f 528/809/453 530/812/453 531/813/453 494/814/453
f 484/747/454 443/746/454 442/674/454 496/762/454
f 484/815/455 496/816/455 532/817/455 533/818/455
f 484/815/456 533/818/456 534/819/456 535/820/456
f 536/821/457 457/699/457 456/822/457 501/823/457
f 536/824/458 501/769/458 537/825/458 538/826/458
f 536/824/459 538/826/459 539/827/459 540/828/459
f 536/824/460 540/828/460 458/704/460 457/829/460
f 460/705/461 540/828/461 539/827/461 541/830/461
f 542/831/462 465/832/462 464/750/462 486/749/462
f 542/831/463 486/749/463 543/833/463 544/834/463
f 542/835/464 544/836/464 545/837/464 491/756/464
f 542/835/465 491/756/465 466/713/465 465/712/465
f 546/838/466 472/723/466 471/722/466 527/839/466
f 546/838/467 527/839/467 547/840/467 548/841/467
f 546/838/468 548/841/468 549/842/468 487/752/468
f 546/838/469 487/752/469 473/724/469 472/723/469
f 539/827/470 538/826/470 550/843/470 551/844/470
f 539/827/471 551/844/471 552/845/471 505/778/471
f 539/827/472 505/778/472 461/706/472 541/830/472
f 532/817/473 495/846/473 494/814/473 531/813/473
f 532/817/474 531/813/474 553/847/474 554/848/474
f 478/731/475 555/849/475 556/850/475 557/851/475
f 478/852/476 557/853/476 510/787/476 468/786/476
f 489/754/477 488/753/477 558/854/477 559/855/477
f 489/856/478 559/857/478 560/858/478 522/801/478
f 489/856/479 522/801/479 482/741/479 481/740/479
f 563/859/480 524/860/480 502/774/480 422/773/480
f 563/859/481 512/789/481 511/788/481 564/861/481
f 563/859/482 564/861/482 565/862/482 524/860/482
f 566/863/483 476/758/483 492/757/483 567/864/483
f 566/865/484 567/866/484 568/867/484 569/868/484
f 566/869/485 569/870/485 555/849/485 477/730/485
f 535/871/486 543/833/486 486/749/486 485/748/486
f 545/872/487 544/873/487 571/874/487 572/875/487
f 545/872/488 572/875/488 568/867/488 567/866/488
f 545/837/489 567/864/489 492/757/489 491/756/489
f 573/876/490 506/779/490 505/778/490 552/845/490
f 573/876/491 552/845/491 574/877/491 575/878/491
f 573/876/492 575/878/492 576/879/492 577/880/492
f 573/881/493 577/882/493 578/883/493 561/884/493
f 565/862/494 564/861/494 579/885/494 580/886/494
f 549/842/495 582/887/495 583/888/495 558/854/495
f 549/842/496 558/854/496 488/753/496 487/752/496
f 584/889/497 499/765/497 516/794/497 585/890/497
f 584/889/498 585/890/498 586/891/498 587/892/498
f 584/889/499 587/892/499 588/893/499 589/894/499
f 584/889/500 589/894/500 500/766/500 499/765/500
f 537/825/501 501/769/501 500/768/501 589/895/501
f 537/825/502 590/896/502 550/843/502 538/826/502
f 562/897/503 591/898/503 592/899/503 593/900/503
f 562/897/504 593/900/504 530/812/504 529/811/504
f 594/901/505 557/853/505 556/902/505 595/903/505
f 594/904/506 595/905/506 596/906/506 597/907/506
f 594/901/507 597/908/507 598/909/507 599/910/507
f 594/901/508 599/910/508 600/911/508 557/853/508
f 600/911/509 599/910/509 601/912/509 602/913/509
f 600/911/510 602/913/510 511/788/510 510/787/510
f 603/914/511 581/915/511 604/916/511 605/917/511
f 605/918/512 604/919/512 606/920/512 607/921/512
f 605/918/513 607/921/513 608/922/513 547/840/513
f 605/918/514 547/840/514 527/839/514 526/923/514
f 609/924/515 515/799/515 520/798/515 610/925/515
f 609/924/516 610/925/516 611/926/516 612/927/516
f 609/924/517 612/927/517 586/891/517 585/890/517
f 609/924/518 585/890/518 516/794/518 515/799/518
f 596/928/519 595/903/519 613/929/519 614/930/519
f 596/928/520 614/930/520 615/931/520 534/819/520
f 596/906/521 534/932/521 533/933/521 597/907/521
f 598/909/522 597/908/522 533/818/522 554/848/522
f 598/909/523 554/848/523 553/847/523 616/934/523
f 598/909/524 616/934/524 601/912/524 599/910/524
f 617/935/525 519/797/525 523/802/525 618/936/525
f 617/935/526 618/936/526 619/937/526 620/938/526
f 617/935/527 620/938/527 611/926/527 610/925/527
f 617/935/528 610/925/528 520/798/528 519/797/528
f 560/858/529 621/939/529 619/937/529 618/936/529
f 560/858/530 618/936/530 523/802/530 522/801/530
f 622/940/531 556/902/531 555/941/531 569/868/531
f 622/940/532 568/867/532 572/875/532 613/929/532
f 622/940/533 613/929/533 595/903/533 556/902/533
f 570/942/534 571/874/534 544/873/534 543/943/534
f 593/900/535 592/899/535 616/934/535 553/847/535
f 593/900/536 553/847/536 531/813/536 530/812/536
f 591/944/537 578/883/537 577/882/537 623/945/537
f 591/944/538 623/945/538 624/946/538 580/947/538
f 591/898/539 580/886/539 579/885/539 625/948/539
f 624/946/540 623/945/540 626/949/540 627/950/540
f 624/946/541 627/950/541 606/951/541 604/916/541
f 624/946/542 604/916/542 581/915/542 580/947/542
f 602/913/543 601/912/543 625/948/543 579/885/543
f 602/913/544 579/885/544 564/861/544 511/788/544
f 616/934/545 592/899/545 625/948/545 601/912/545
f 614/930/546 572/875/546 571/874/546 615/931/546
f 550/952/547 590/953/547 628/954/547 629/955/547
f 550/952/548 629/955/548 630/956/548 631/957/548
f 550/843/549 574/877/549 552/845/549 551/844/549
f 608/958/550 632/959/550 633/960/550 634/961/550
f 608/962/551 634/963/551 635/964/551 582/965/551
f 608/922/552 582/887/552 548/841/552 547/840/552
f 576/966/553 636/967/553 637/968/553 626/949/553
f 576/966/554 626/949/554 623/945/554 577/882/554
f 583/888/555 582/887/555 635/969/555 638/970/555
f 583/971/556 638/972/556 639/973/556 640/974/556
f 583/975/557 640/976/557 641/977/557 621/978/557
f 583/888/558 621/979/558 559/855/558 558/854/558
f 642/980/559 586/891/559 612/927/559 643/981/559
f 642/982/560 643/983/560 644/984/560 645/985/560
f 642/982/561 645/985/561 646/986/561 647/987/561
f 642/980/562 647/988/562 587/892/562 586/891/562
f 647/987/563 646/986/563 590/989/563 588/990/563
f 648/991/564 631/992/564 630/993/564 649/994/564
f 648/991/565 649/994/565 650/995/565 651/996/565
f 648/997/566 651/998/566 652/999/566 636/1000/566
f 648/1001/567 636/1002/567 575/878/567 574/877/567
f 641/977/568 653/1003/568 654/1004/568 655/1005/568
f 641/977/569 655/1005/569 620/1006/569 619/1007/569
f 656/1008/570 627/950/570 626/949/570 637/968/570
f 656/1009/571 637/1010/571 652/999/571 657/1011/571
f 656/1008/572 658/1012/572 606/951/572 627/950/572
f 632/1013/573 607/1014/573 606/1015/573 658/1016/573
f 632/1013/574 658/1016/574 657/1011/574 659/1017/574
f 632/959/575 659/1018/575 660/1019/576 633/960/577
f 661/1020/578 611/926/578 620/938/578 655/1021/578
f 661/1022/579 655/1005/579 654/1004/579 662/1023/579
f 661/1022/580 662/1023/580 644/984/580 643/983/580
f 661/1020/581 643/981/581 612/927/581 611/926/581
f 663/1024/582 646/1025/582 664/1026/582 665/1027/582
f 663/1024/583 665/1027/583 666/1028/583 667/1029/583
f 663/1024/584 667/1029/584 668/1030/584 628/1031/584
f 663/1024/585 628/1031/585 590/1032/585 646/1025/585
f 664/1033/586 645/985/586 644/984/586 669/1034/586
f 664/1026/587 669/1035/587 670/1036/587 665/1027/587
f 671/1037/588 653/1038/588 640/974/588 639/973/588
f 671/1037/589 639/973/589 672/1039/589 673/1040/589
f 671/1037/590 673/1040/590 674/1041/590 675/1042/590
f 671/1037/591 675/1042/591 676/1043/591 653/1038/591
f 676/1043/592 675/1042/592 677/1044/592 678/1045/592
f 676/1046/593 678/1047/593 679/1048/593 654/1004/593
f 680/1049/594 634/961/594 633/960/594 681/1050/594
f 680/1049/595 681/1050/595 682/1051/595 683/1052/595
f 680/1053/596 683/1054/596 684/1055/596 685/1056/596
f 680/1049/597 685/1057/597 635/1058/597 634/961/597
f 686/1059/598 638/1060/598 635/1061/598 685/1062/598
f 686/1063/599 685/1056/599 684/1055/599 687/1064/599
f 686/1065/600 687/1066/600 688/1067/600 672/1039/600
f 686/1065/601 672/1039/601 639/973/601 638/972/601
f 679/1068/602 690/1069/602 644/1070/602 662/1071/602
f 691/1072/603 690/1073/603 689/1074/603 692/1075/603
f 691/1076/604 692/1077/604 693/1078/604 694/1079/604
f 691/1080/605 694/1081/605 670/1036/605 669/1035/605
f 695/1082/606 651/1083/606 696/1084/606 697/1085/606
f 695/1086/607 698/1087/607 657/1088/607 652/1089/607
f 659/1090/608 698/1091/608 697/1085/608 699/1092/608
f 659/1093/609 699/1094/609 700/1095/609 660/1096/609
f 701/1097/610 629/1098/610 628/1099/610 668/1100/610
f 701/1097/611 668/1100/611 702/1101/611 703/1102/611
f 701/1097/612 703/1102/612 704/1103/612 705/1104/612
f 701/1097/613 705/1104/613 630/1105/613 629/1098/613
f 706/1106/614 696/1107/614 651/996/614 650/995/614
f 706/1106/615 650/995/615 707/1108/615 708/1109/615
f 706/1110/616 708/1111/616 709/1112/616 710/1113/616
f 706/1110/617 710/1113/617 711/1114/617 696/1115/617
f 712/1116/618 649/994/618 630/993/618 705/1117/618
f 712/1116/619 705/1117/619 704/1118/619 713/1119/619
f 712/1116/620 713/1119/620 714/1120/620 707/1108/620
f 712/1116/621 707/1108/621 650/995/621 649/994/621
f 711/1114/622 710/1113/622 693/1078/622 692/1077/622
f 711/1121/623 692/1075/623 689/1074/623 715/1122/623
f 711/1121/624 715/1122/624 699/1092/624 697/1085/624
f 716/1123/625 715/1124/625 717/1125/625 718/1126/625
f 716/1123/626 718/1126/626 719/1127/626 720/1128/626
f 716/1123/627 720/1128/627 721/1129/627 700/1095/627
f 716/1123/628 700/1095/628 699/1094/628 715/1124/628
f 717/1130/629 678/1045/629 677/1044/629 718/1131/629
f 722/1132/630 660/1019/630 700/1133/630 721/1134/630
f 722/1132/631 721/1134/631 723/1135/631 724/1136/631
f 722/1132/632 724/1136/632 682/1051/632 681/1050/632
f 722/1132/633 681/1050/633 633/960/577 660/1019/576
f 725/1137/634 670/1036/634 694/1081/634 726/1138/634
f 725/1137/635 726/1138/635 727/1139/635 728/1140/635
f 725/1137/636 728/1140/636 729/1141/636 666/1028/636
f 725/1137/637 666/1028/637 665/1027/637 670/1036/637
f 730/1142/638 677/1044/638 675/1042/638 674/1041/638
f 730/1142/639 674/1041/639 731/1143/639 732/1144/639
f 730/1142/640 732/1144/640 733/1145/640 719/1146/640
f 730/1142/641 719/1146/641 718/1131/641 677/1044/641
f 734/1147/642 673/1040/642 672/1039/642 688/1067/642
f 734/1147/643 688/1067/643 735/1148/643 736/1149/643
f 734/1147/644 736/1149/644 737/1150/644 731/1143/644
f 734/1147/645 731/1143/645 674/1041/645 673/1040/645
f 738/1151/646 667/1029/646 666/1028/646 729/1141/646
f 738/1151/647 729/1141/647 739/1152/647 740/1153/647
f 738/1151/648 740/1153/648 741/1154/648 702/1155/648
f 738/1151/649 702/1155/649 668/1030/649 667/1029/649
f 742/1156/650 684/1055/650 683/1054/650 743/1157/650
f 742/1156/651 743/1157/651 744/1158/651 745/1159/651
f 742/1156/652 745/1159/652 746/1160/652 747/1161/652
f 742/1156/653 747/1161/653 687/1064/653 684/1055/653
f 735/1148/654 688/1067/654 687/1066/654 747/1162/654
f 735/1148/655 746/1163/655 748/1164/655 749/1165/655
f 735/1166/656 749/1167/656 737/1168/656 736/1169/656
f 750/1170/657 693/1078/657 710/1113/657 709/1112/657
f 750/1171/658 709/1172/658 751/1173/658 752/1174/658
f 750/1175/659 752/1176/659 727/1139/659 726/1138/659
f 750/1175/660 726/1138/660 694/1081/660 693/1177/660
f 744/1178/661 743/1179/661 683/1052/661 682/1051/661
f 744/1178/662 682/1051/662 724/1136/662 753/1180/662
f 744/1181/663 753/1182/663 754/1183/663 745/1184/663
f 755/1185/664 708/1109/664 707/1108/664 714/1120/664
f 755/1186/665 714/1187/665 756/1188/665 757/1189/665
f 755/1186/666 757/1189/666 758/1190/666 751/1173/666
f 755/1186/667 751/1173/667 709/1172/667 708/1191/667
f 759/1192/668 703/1102/668 702/1101/668 741/1193/668
f 759/1192/669 741/1193/669 760/1194/669 761/1195/669
f 759/1192/670 761/1195/670 756/1196/670 762/1197/670
f 759/1192/671 762/1197/671 704/1103/671 703/1102/671
f 762/1198/672 756/1199/672 714/1120/672 713/1119/672
f 763/1200/673 739/1152/673 729/1141/673 728/1140/673
f 763/1201/674 728/1202/674 727/1203/674 764/1204/674
f 763/1201/675 764/1204/675 740/1205/675 739/1206/675
f 765/1207/676 720/1208/676 719/1209/676 733/1210/676
f 765/1207/677 733/1210/677 766/1211/677 767/1212/677
f 765/1207/678 767/1212/678 768/1213/678 723/1214/678
f 765/1215/679 723/1216/679 721/1129/679 720/1128/679
f 749/1165/680 766/1217/680 733/1145/680 732/1144/680
f 749/1167/681 732/1218/681 731/1219/681 737/1168/681
f 768/1213/682 770/1220/682 754/1183/682 753/1182/682
f 768/1221/683 753/1180/683 724/1136/683 723/1135/683
f 760/1222/684 740/1153/684 764/1223/684 771/1224/684
f 760/1225/685 771/1226/685 772/1227/685 761/1228/685
f 773/1229/686 764/1223/686 727/1139/686 752/1176/686
f 773/1230/687 752/1174/687 751/1173/687 758/1190/687
f 773/1230/688 758/1190/688 757/1189/688 772/1227/688
f 754/1183/689 770/1220/689 769/1231/689 748/1232/689
f 754/1183/690 748/1232/690 746/1233/690 745/1184/690
f 761/1228/691 772/1227/691 757/1189/691 756/1188/691
f 766/1211/692 769/1231/692 770/1220/692 767/1212/692
f 9/9/693 20/25/693 12/12/693
f 5/30/694 22/243/694 23/31/694
f 43/57/695 44/58/695 45/59/695
f 38/71/696 52/257/696 53/72/696
f 60/84/697 63/91/697 44/58/697
f 46/92/698 65/94/698 66/95/698
f 108/147/699 109/148/699 110/304/699
f 112/154/700 114/157/700 115/158/700
f 121/176/701 125/346/701 126/177/701
f 132/1234/702 136/1235/702 26/1236/702
f 142/203/703 144/361/703 145/204/703
f 62/89/704 64/93/704 63/90/704
f 157/227/705 79/197/705 141/196/705
f 163/241/706 165/1237/706 166/242/706
f 86/244/125 170/249/127 171/300/707
f 172/1238/708 174/1239/708 175/1240/708
f 176/258/709 177/259/709 178/1241/709
f 84/117/710 74/266/710 180/1242/710
f 183/273/711 175/256/711 184/1243/711
f 183/273/712 188/1244/712 54/73/712
f 189/1245/713 57/78/713 188/1244/713
f 154/1246/714 194/451/714 155/225/714
f 133/299/715 202/302/715 134/1247/715
f 188/1244/716 57/78/716 54/73/716
f 235/345/717 236/347/717 237/348/717
f 162/360/718 244/1248/718 239/350/718
f 190/281/719 188/279/719 187/278/719
f 242/355/720 241/354/720 246/363/720
f 250/369/721 136/1249/721 251/370/721
f 205/306/722 211/314/722 257/441/722
f 205/384/723 249/366/723 248/365/723
f 205/384/724 248/365/724 206/376/724
f 192/283/725 191/282/725 249/366/725
f 258/389/726 261/392/726 262/393/726
f 267/399/727 268/460/727 269/403/727
f 243/358/728 275/411/729 276/422/730
f 243/358/731 276/422/731 244/359/731
f 256/412/732 278/415/732 279/476/732
f 256/412/733 279/476/733 184/416/733
f 256/382/734 174/1250/734 173/383/734
f 196/1251/735 166/242/735 165/1237/735
f 196/1252/736 165/240/736 164/239/736
f 226/380/737 179/262/737 178/261/737
f 226/331/738 178/1241/738 177/259/738
f 237/1253/739 236/356/739 167/246/739
f 237/1253/740 167/246/740 182/272/740
f 237/348/741 182/454/741 232/338/741
f 292/442/742 229/335/742 228/334/742
f 292/442/743 214/317/743 229/335/743
f 291/440/744 290/439/744 295/524/744
f 233/339/745 232/338/745 182/454/745
f 283/428/746 300/466/746 284/429/746
f 197/292/747 196/291/747 286/431/747
f 197/292/748 306/475/748 198/647/748
f 298/464/749 307/477/749 299/465/749
f 264/395/750 262/393/750 261/392/750
f 264/395/751 261/392/751 308/478/751
f 266/483/752 293/443/752 228/334/752
f 314/486/753 276/422/730 275/411/729
f 216/321/754 155/225/754 194/451/754
f 321/493/755 200/297/755 322/494/755
f 325/497/756 181/269/756 324/496/756
f 302/471/757 301/470/757 344/648/757
f 302/1254/758 344/1255/758 345/1256/758
f 302/471/759 345/1257/759 346/525/759
f 365/551/760 366/552/760 367/553/760
f 376/564/761 327/565/761 377/566/761
f 379/568/762 334/511/762 380/677/762
f 384/575/763 387/578/763 351/532/763
f 387/578/764 354/537/764 351/532/764
f 395/1258/765 396/1259/765 397/1260/765
f 400/598/766 323/495/766 322/494/766
f 389/580/767 357/543/767 345/542/767
f 405/616/768 410/1261/768 411/617/768
f 412/618/769 411/617/769 413/1262/769
f 426/635/770 427/636/770 428/637/770
f 344/1263/771 431/1264/771 427/1265/771
f 344/1263/772 427/1265/772 432/776/772
f 436/660/773 402/600/773 437/668/773
f 438/667/774 439/669/774 440/670/774
f 419/628/775 342/520/775 341/519/775
f 451/695/776 366/574/776 383/573/776
f 394/590/777 393/589/777 456/770/777
f 394/698/778 456/822/778 457/699/778
f 394/698/779 459/701/779 355/1266/779
f 429/702/780 355/591/780 459/703/780
f 444/678/781 469/719/781 420/629/781
f 470/720/782 403/604/782 433/721/782
f 470/1267/783 404/1268/783 403/1269/783
f 480/737/784 448/685/784 404/605/784
f 480/737/785 404/605/785 473/724/785
f 493/760/786 494/761/786 495/1270/786
f 493/760/787 495/1270/787 496/762/787
f 493/760/788 439/669/788 437/668/788
f 493/760/789 437/668/789 402/600/789
f 424/771/790 432/776/790 427/1265/790
f 504/777/791 397/644/791 430/643/791
f 504/777/792 430/643/792 461/706/792
f 504/777/793 506/779/793 507/1271/793
f 504/777/794 507/1271/794 508/1272/794
f 513/792/795 514/793/795 515/799/795
f 513/792/796 515/799/796 516/794/796
f 521/800/797 523/802/797 519/797/797
f 521/803/798 519/1273/798 518/804/798
f 503/775/799 502/774/799 524/860/799
f 503/1274/800 524/1275/800 525/1276/800
f 503/1277/801 525/1278/801 526/1279/801
f 528/1280/802 494/761/802 401/599/802
f 484/747/803 535/871/803 485/748/803
f 460/705/804 458/704/804 540/828/804
f 460/705/805 541/830/805 461/706/805
f 532/817/806 496/816/806 495/846/806
f 532/817/807 554/848/807 533/818/807
f 478/731/808 477/730/808 555/849/808
f 507/1281/809 506/1282/809 561/1283/809
f 507/1281/810 561/1283/810 562/897/810
f 507/1281/811 562/897/811 529/811/811
f 507/1284/812 529/1285/812 508/1286/812
f 563/859/813 422/773/813 512/789/813
f 566/869/814 477/730/814 476/729/814
f 535/820/815 534/819/815 570/942/815
f 535/820/816 570/942/816 543/943/816
f 573/876/817 561/1287/817 506/779/817
f 565/862/818 580/886/818 581/1288/818
f 565/862/819 581/1288/819 525/1289/819
f 565/1290/820 525/1291/820 524/1292/820
f 549/842/821 548/841/821 582/887/821
f 537/825/822 589/895/822 588/1293/822
f 537/825/823 588/1293/823 590/896/823
f 562/897/824 561/1283/824 578/1294/824
f 562/897/825 578/1294/825 591/898/825
f 600/911/826 510/787/826 557/853/826
f 603/1295/827 526/1296/827 525/1289/827
f 603/1295/828 525/1289/828 581/1288/828
f 603/914/829 605/917/829 526/1297/829
f 560/1298/830 559/855/830 621/979/830
f 622/940/831 569/868/831 568/867/831
f 570/942/832 534/819/832 615/931/832
f 570/942/833 615/931/833 571/874/833
f 591/898/834 625/948/834 592/899/834
f 614/930/835 613/929/835 572/875/835
f 550/843/836 631/1299/836 574/877/836
f 608/922/837 607/921/837 632/1300/837
f 576/879/838 575/878/838 636/1002/838
f 647/988/839 588/893/839 587/892/839
f 648/1301/840 574/1302/840 631/1303/840
f 641/977/841 640/976/841 653/1003/841
f 641/977/842 619/1007/842 621/978/842
f 656/1009/843 657/1011/843 658/1016/843
f 664/1033/844 646/986/844 645/985/844
f 652/999/845 637/1010/845 636/1000/845
f 676/1046/846 654/1004/846 653/1003/846
f 679/1048/847 678/1047/847 689/1074/847
f 679/1048/848 689/1074/848 690/1073/848
f 679/1068/849 662/1071/849 654/1304/849
f 691/1305/850 644/1306/850 690/1307/850
f 691/1072/851 669/1034/851 644/984/851
f 695/1308/852 652/1309/852 651/1310/852
f 695/1082/853 697/1085/853 698/1091/853
f 659/1311/854 657/1312/854 698/1313/854
f 711/1121/855 697/1085/855 696/1084/855
f 717/1314/856 715/1122/856 689/1074/856
f 717/1314/857 689/1074/857 678/1047/857
f 735/1148/858 747/1162/858 746/1163/858
f 762/1198/859 713/1119/859 704/1118/859
f 749/1165/860 748/1164/860 769/1315/860
f 749/1165/861 769/1315/861 766/1217/861
f 768/1213/862 767/1212/862 770/1220/862
f 760/1222/863 741/1154/863 740/1153/863
f 773/1230/864 772/1227/864 771/1226/864
f 773/1229/865 771/1224/865 764/1223/865
f 427/1265/866 431/1264/866 428/1316/866
